Dong,至穣_韻穣貢薦繕穣薄伐_Gu_Gu_Gu,至穣_韻穣貢薦繕穣薄伐_Total_No. ofestablish-ments_No. ofestablish-ments,至穣_韻穣貢薦繕穣薄伐_Total_No. ofworkers_No. ofworkers,至穣_韻穣貢薦繕穣薄伐_Total_Wages andsalaries_Wages andsalaries,至穣_韻穣貢薦繕穣薄伐_Total_Grossoutput_Grossoutput,至穣_韻穣貢薦繕穣薄伐_Total_Value of shipments_Value of shipments,至穣_韻穣貢薦繕穣薄伐_Total_Value of inventories_At beginningof year,至穣_韻穣貢薦繕穣薄伐_Total_Value of inventories_At endof year,至穣_韻穣貢薦繕穣薄伐_Total_Majorproductioncosts_Majorproductioncosts,至穣_韻穣貢薦繕穣薄伐_Total_CensusValue added_CensusValue added,至穣_韻穣貢薦繕穣薄伐_Total_Amount of tang-ible assetsat end of year_Amount of tang-ible assetsat end of year,至穣_韻穣貢薦繕穣薄伐_Mining_No. ofestablish-ments_No. ofestablish-ments,至穣_韻穣貢薦繕穣薄伐_Mining_No. ofworkers_No. ofworkers,至穣_韻穣貢薦繕穣薄伐_Mining_Wages andsalaries_Wages andsalaries,至穣_韻穣貢薦繕穣薄伐_Mining_Grossoutput_Grossoutput,至穣_韻穣貢薦繕穣薄伐_Mining_Value of shipments_Value of shipments,至穣_韻穣貢薦繕穣薄伐_Mining_Value of inventories_At beginningof year,至穣_韻穣貢薦繕穣薄伐_Mining_Value of inventories_At endof year,至穣_韻穣貢薦繕穣薄伐_Mining_Majorproductioncosts_Majorproductioncosts,至穣_韻穣貢薦繕穣薄伐_Mining_CensusValue added_CensusValue added,至穣_韻穣貢薦繕穣薄伐_Mining_Amount of tang-ible assetsat end of year_Amount of tang-ible assetsat end of year,至穣_韻穣貢薦繕穣薄伐_Manufacturing_No. ofestablish-ments_No. ofestablish-ments,至穣_韻穣貢薦繕穣薄伐_Manufacturing_No. ofworkers_No. ofworkers,至穣_韻穣貢薦繕穣薄伐_Manufacturing_Wages andsalaries_Wages andsalaries,至穣_韻穣貢薦繕穣薄伐_Manufacturing_Grossoutput_Grossoutput,至穣_韻穣貢薦繕穣薄伐_Manufacturing_Value of shipments_Value of shipments,至穣_韻穣貢薦繕穣薄伐_Manufacturing_Value of inventories_At beginningof year,至穣_韻穣貢薦繕穣薄伐_Manufacturing_Value of inventories_At endof year,至穣_韻穣貢薦繕穣薄伐_Manufacturing_Majorproductioncosts_Majorproductioncosts,至穣_韻穣貢薦繕穣薄伐_Manufacturing_CensusValue added_CensusValue added,至穣_韻穣貢薦繕穣薄伐_Manufacturing_Amount of tang-ible assetsat end of year_Amount of tang-ible assetsat end of year
Sajik-dong,Jongno-gu,3,43,1500,5439,5439,・,・,2018,3421,407,-,-,-,-,-,-,-,-,-,-,3,43,1500,5439,5439,・,・,2018,3421,407
Samcheong-dong,Jongno-gu,-,-,-,-,-,・,・,-,-,-,-,-,-,-,-,-,-,-,-,-,-,-,-,-,-,・,・,-,-,-
Buam-dong,Jongno-gu,2,X,X,X,X,・,・,X,X,X,-,-,-,-,-,-,-,-,-,-,2,X,X,X,X,・,・,X,X,X
Pyeongchang-dong,Jongno-gu,1,X,X,X,X,・,・,X,X,X,-,-,-,-,-,-,-,-,-,-,1,X,X,X,X,・,・,X,X,X
Muak-dong,Jongno-gu,-,-,-,-,-,・,・,-,-,-,-,-,-,-,-,-,-,-,-,-,-,-,-,-,-,・,・,-,-,-
Gyonam-dong,Jongno-gu,-,-,-,-,-,・,・,-,-,-,-,-,-,-,-,-,-,-,-,-,-,-,-,-,-,・,・,-,-,-
Gahoe-dong,Jongno-gu,2,X,X,X,X,・,・,X,X,X,-,-,-,-,-,-,-,-,-,-,2,X,X,X,X,・,・,X,X,X
Jongno 1，2，3，4(ilisamsa)-ga-dong,Jongno-gu,38,2102,96783,1466677,1474626,・,・,996410,470267,208831,-,-,-,-,-,-,-,-,-,-,38,2102,96783,1466677,1474626,・,・,996410,470267,208831
Jongno 5，6(oryuk)-ga-dong,Jongno-gu,32,490,6443,51781,51795,・,・,32933,18848,1999,-,-,-,-,-,-,-,-,-,-,32,490,6443,51781,51795,・,・,32933,18848,1999
Ihwa-dong,Jongno-gu,4,88,1846,13519,13269,・,・,9979,3540,732,-,-,-,-,-,-,-,-,-,-,4,88,1846,13519,13269,・,・,9979,3540,732
Changsin 1(il)-dong,Jongno-gu,1,X,X,X,X,・,・,X,X,X,-,-,-,-,-,-,-,-,-,-,1,X,X,X,X,・,・,X,X,X
Changsin 2(i)-dong,Jongno-gu,2,X,X,X,X,・,・,X,X,X,-,-,-,-,-,-,-,-,-,-,2,X,X,X,X,・,・,X,X,X
Changsin 3(sam)-dong,Jongno-gu,-,-,-,-,-,・,・,-,-,-,-,-,-,-,-,-,-,-,-,-,-,-,-,-,-,・,・,-,-,-
Sungin 1(il)-dong,Jongno-gu,1,X,X,X,X,・,・,X,X,X,-,-,-,-,-,-,-,-,-,-,1,X,X,X,X,・,・,X,X,X
Sungin 2(i)-dong,Jongno-gu,3,41,493,1288,1288,・,・,413,875,121,-,-,-,-,-,-,-,-,-,-,3,41,493,1288,1288,・,・,413,875,121
Cheongunhyoja-dong,Jongno-gu,1,X,X,X,X,・,・,X,X,X,-,-,-,-,-,-,-,-,-,-,1,X,X,X,X,・,・,X,X,X
Hyehwa-dong,Jongno-gu,2,X,X,X,X,・,・,X,X,X,-,-,-,-,-,-,-,-,-,-,2,X,X,X,X,・,・,X,X,X
Sogong-dong,Jung-gu,7,366,19089,57087,57030,・,・,7756,49331,1260,-,-,-,-,-,-,-,-,-,-,7,366,19089,57087,57030,・,・,7756,49331,1260
Hoehyeon-dong,Jung-gu,2,X,X,X,X,・,・,X,X,X,-,-,-,-,-,-,-,-,-,-,2,X,X,X,X,・,・,X,X,X
Myeong-dong,Jung-gu,11,351,13928,100032,99783,・,・,72020,28012,47992,-,-,-,-,-,-,-,-,-,-,11,351,13928,100032,99783,・,・,72020,28012,47992
Pil-dong,Jung-gu,75,1451,45457,234227,231866,・,・,115437,118790,88087,-,-,-,-,-,-,-,-,-,-,75,1451,45457,234227,231866,・,・,115437,118790,88087
Jangchung-dong,Jung-gu,10,174,5392,31468,30437,・,・,19679,11789,9253,-,-,-,-,-,-,-,-,-,-,10,174,5392,31468,30437,・,・,19679,11789,9253
Gwanghui-dong ,Jung-gu,53,848,22929,142993,142454,・,・,83553,59440,46326,-,-,-,-,-,-,-,-,-,-,53,848,22929,142993,142454,・,・,83553,59440,46326
Euljiro-dong,Jung-gu,50,850,25967,133827,132997,・,・,66539,67288,61108,-,-,-,-,-,-,-,-,-,-,50,850,25967,133827,132997,・,・,66539,67288,61108
Sindang 5(o)-dong,Jung-gu,7,78,1355,4781,4751,・,・,2523,2258,269,-,-,-,-,-,-,-,-,-,-,7,78,1355,4781,4751,・,・,2523,2258,269
Hwanghak-dong,Jung-gu,-,-,-,-,-,・,・,-,-,-,-,-,-,-,-,-,-,-,-,-,-,-,-,-,-,・,・,-,-,-
Jungnim-dong,Jung-gu,3,144,1905,10051,10266,・,・,4152,5899,989,-,-,-,-,-,-,-,-,-,-,3,144,1905,10051,10266,・,・,4152,5899,989
Sindang-dong,Jung-gu,7,83,1387,4593,4560,・,・,2358,2235,76,-,-,-,-,-,-,-,-,-,-,7,83,1387,4593,4560,・,・,2358,2235,76
Dasan-dong,Jung-gu,6,95,3038,19439,19103,・,・,16540,2899,507,-,-,-,-,-,-,-,-,-,-,6,95,3038,19439,19103,・,・,16540,2899,507
Yaksu-dong,Jung-gu,3,30,702,2888,2857,・,・,1218,1670,96,-,-,-,-,-,-,-,-,-,-,3,30,702,2888,2857,・,・,1218,1670,96
Cheonggu-dong,Jung-gu,-,-,-,-,-,・,・,-,-,-,-,-,-,-,-,-,-,-,-,-,-,-,-,-,-,・,・,-,-,-
Donghwa-dong,Jung-gu,11,242,6204,27944,26826,・,・,17880,10064,11015,-,-,-,-,-,-,-,-,-,-,11,242,6204,27944,26826,・,・,17880,10064,11015
Huam-dong,Yongsan-gu,3,46,915,7170,7610,・,・,6162,1008,1373,-,-,-,-,-,-,-,-,-,-,3,46,915,7170,7610,・,・,6162,1008,1373
Yongsan 2-ga-dong,Yongsan-gu,1,X,X,X,X,・,・,X,X,X,-,-,-,-,-,-,-,-,-,-,1,X,X,X,X,・,・,X,X,X
Namyeong-dong,Yongsan-gu,3,64,681,2126,2126,・,・,846,1280,2109,-,-,-,-,-,-,-,-,-,-,3,64,681,2126,2126,・,・,846,1280,2109
Wonhyoro 2(i)-dong,Yongsan-gu,4,52,2604,11530,11530,・,・,7399,4131,6323,-,-,-,-,-,-,-,-,-,-,4,52,2604,11530,11530,・,・,7399,4131,6323
Hyochang-dong,Yongsan-gu,2,X,X,X,X,・,・,X,X,X,-,-,-,-,-,-,-,-,-,-,2,X,X,X,X,・,・,X,X,X
Yongmun-dong,Yongsan-gu,1,X,X,X,X,・,・,X,X,X,-,-,-,-,-,-,-,-,-,-,1,X,X,X,X,・,・,X,X,X
Ichon 1(il)-dong,Yongsan-gu,-,-,-,-,-,・,・,-,-,-,-,-,-,-,-,-,-,-,-,-,-,-,-,-,-,・,・,-,-,-
Ichon 2(i)-dong,Yongsan-gu,-,-,-,-,-,・,・,-,-,-,-,-,-,-,-,-,-,-,-,-,-,-,-,-,-,・,・,-,-,-
Itaewon 1(il)-dong,Yongsan-gu,-,-,-,-,-,・,・,-,-,-,-,-,-,-,-,-,-,-,-,-,-,-,-,-,-,・,・,-,-,-
Itaewon 2(i)-dong,Yongsan-gu,-,-,-,-,-,・,・,-,-,-,-,-,-,-,-,-,-,-,-,-,-,-,-,-,-,・,・,-,-,-
Seobinggo-dong,Yongsan-gu,2,X,X,X,X,・,・,X,X,X,-,-,-,-,-,-,-,-,-,-,2,X,X,X,X,・,・,X,X,X
Bogwang-dong,Yongsan-gu,1,X,X,X,X,・,・,X,X,X,-,-,-,-,-,-,-,-,-,-,1,X,X,X,X,・,・,X,X,X
Cheongpa-dong,Yongsan-gu,8,146,3941,19747,19758,・,・,11124,8623,5078,-,-,-,-,-,-,-,-,-,-,8,146,3941,19747,19758,・,・,11124,8623,5078
Wonhyoro 1(il)-dong,Yongsan-gu,4,71,1229,10604,10404,・,・,6399,4205,560,-,-,-,-,-,-,-,-,-,-,4,71,1229,10604,10404,・,・,6399,4205,560
Hangangno-dong,Yongsan-gu,6,125,4225,32086,32799,・,・,18801,13285,3377,-,-,-,-,-,-,-,-,-,-,6,125,4225,32086,32799,・,・,18801,13285,3377
Hannam-dong,Yongsan-gu,3,44,945,3844,3760,・,・,1324,2520,417,-,-,-,-,-,-,-,-,-,-,3,44,945,3844,3760,・,・,1324,2520,417
Wangsimni 2(i)-dong,Seongdong-gu,5,112,3499,50980,50977,・,・,36825,14155,1620,-,-,-,-,-,-,-,-,-,-,5,112,3499,50980,50977,・,・,36825,14155,1620
Majang-dong,Seongdong-gu,15,288,5716,35552,36041,・,・,20180,15372,7460,-,-,-,-,-,-,-,-,-,-,15,288,5716,35552,36041,・,・,20180,15372,7460
Sageun-dong,Seongdong-gu,-,-,-,-,-,・,・,-,-,-,-,-,-,-,-,-,-,-,-,-,-,-,-,-,-,・,・,-,-,-
Haengdang 1(il)-dong,Seongdong-gu,-,-,-,-,-,・,・,-,-,-,-,-,-,-,-,-,-,-,-,-,-,-,-,-,-,・,・,-,-,-
Haengdang 2(i)-dong,Seongdong-gu,-,-,-,-,-,・,・,-,-,-,-,-,-,-,-,-,-,-,-,-,-,-,-,-,-,・,・,-,-,-
Eungbong-dong,Seongdong-gu,-,-,-,-,-,・,・,-,-,-,-,-,-,-,-,-,-,-,-,-,-,-,-,-,-,・,・,-,-,-
Geumho 1(il)-ga-dong,Seongdong-gu,1,X,X,X,X,・,・,X,X,X,-,-,-,-,-,-,-,-,-,-,1,X,X,X,X,・,・,X,X,X
Geumho 4(sa)-ga-dong,Seongdong-gu,-,-,-,-,-,・,・,-,-,-,-,-,-,-,-,-,-,-,-,-,-,-,-,-,-,・,・,-,-,-
Seongsu 1(il)-ga1(il)-dong,Seongdong-gu,28,739,14478,166110,165069,・,・,92258,73852,16842,-,-,-,-,-,-,-,-,-,-,28,739,14478,166110,165069,・,・,92258,73852,16842
Seongsu 1(il)-ga2(i)-dong,Seongdong-gu,73,1438,39021,290615,290275,・,・,197951,92664,62427,-,-,-,-,-,-,-,-,-,-,73,1438,39021,290615,290275,・,・,197951,92664,62427
Seongsu 2(i)-ga1(il)-dong,Seongdong-gu,85,1904,54126,439555,439206,・,・,268294,171261,112155,-,-,-,-,-,-,-,-,-,-,85,1904,54126,439555,439206,・,・,268294,171261,112155
Seongsu 2(i)-ga 3(sam)-dong,Seongdong-gu,317,10289,312897,3075960,2996392,・,・,1603496,1472464,1731831,-,-,-,-,-,-,-,-,-,-,317,10289,312897,3075960,2996392,・,・,1603496,1472464,1731831
Songjeong-dong,Seongdong-gu,6,148,4401,81656,81435,・,・,68016,13640,7897,-,-,-,-,-,-,-,-,-,-,6,148,4401,81656,81435,・,・,68016,13640,7897
Yongdap-dong,Seongdong-gu,24,642,18387,197384,198519,・,・,107503,89881,40385,-,-,-,-,-,-,-,-,-,-,24,642,18387,197384,198519,・,・,107503,89881,40385
WangsimniDoseon-dong,Seongdong-gu,10,168,3353,19256,19088,・,・,12058,7198,1269,-,-,-,-,-,-,-,-,-,-,10,168,3353,19256,19088,・,・,12058,7198,1269
Geumho 2.3(i.sam)-ga-dong,Seongdong-gu,1,X,X,X,X,・,・,X,X,X,-,-,-,-,-,-,-,-,-,-,1,X,X,X,X,・,・,X,X,X
Oksu-dong,Seongdong-gu,3,54,1971,37729,37096,・,・,31765,5964,1516,-,-,-,-,-,-,-,-,-,-,3,54,1971,37729,37096,・,・,31765,5964,1516
Hwayang-dong,Gwangjin-gu,8,156,4907,31316,30846,・,・,29303,2013,4506,-,-,-,-,-,-,-,-,-,-,8,156,4907,31316,30846,・,・,29303,2013,4506
Gunja-dong,Gwangjin-gu,4,46,1233,13398,13790,・,・,10547,2851,787,-,-,-,-,-,-,-,-,-,-,4,46,1233,13398,13790,・,・,10547,2851,787
Junggok 1(il)-dong,Gwangjin-gu,22,724,19857,283010,265602,・,・,140532,142478,61217,-,-,-,-,-,-,-,-,-,-,22,724,19857,283010,265602,・,・,140532,142478,61217
Junggok 2(i)-dong,Gwangjin-gu,15,211,2176,23207,22580,・,・,15964,7243,2046,-,-,-,-,-,-,-,-,-,-,15,211,2176,23207,22580,・,・,15964,7243,2046
Junggok 3(sam)-dong,Gwangjin-gu,12,187,3071,15056,14614,・,・,8470,6586,2717,-,-,-,-,-,-,-,-,-,-,12,187,3071,15056,14614,・,・,8470,6586,2717
Junggok 4(sa)-dong,Gwangjin-gu,11,198,4520,30402,30039,・,・,19022,11380,6916,-,-,-,-,-,-,-,-,-,-,11,198,4520,30402,30039,・,・,19022,11380,6916
Neung-dong,Gwangjin-gu,2,X,X,X,X,・,・,X,X,X,-,-,-,-,-,-,-,-,-,-,2,X,X,X,X,・,・,X,X,X
Guui 1(il)-dong,Gwangjin-gu,1,X,X,X,X,・,・,X,X,X,-,-,-,-,-,-,-,-,-,-,1,X,X,X,X,・,・,X,X,X
Guui 2(i)-dong,Gwangjin-gu,6,242,4525,47123,45554,・,・,37888,9235,10267,-,-,-,-,-,-,-,-,-,-,6,242,4525,47123,45554,・,・,37888,9235,10267
Guui 3(sam)-dong,Gwangjin-gu,3,37,1170,4652,4655,・,・,2584,2068,1355,-,-,-,-,-,-,-,-,-,-,3,37,1170,4652,4655,・,・,2584,2068,1355
Gwangjang-dong,Gwangjin-gu,5,89,3242,85833,77907,・,・,68332,17501,2137,-,-,-,-,-,-,-,-,-,-,5,89,3242,85833,77907,・,・,68332,17501,2137
Jayang 1(il)-dong,Gwangjin-gu,6,100,2060,7094,6765,・,・,3389,3705,3647,-,-,-,-,-,-,-,-,-,-,6,100,2060,7094,6765,・,・,3389,3705,3647
Jayang 2(i)-dong,Gwangjin-gu,6,204,5573,35568,35629,・,・,17567,18001,3367,-,-,-,-,-,-,-,-,-,-,6,204,5573,35568,35629,・,・,17567,18001,3367
Jayang 3(sam)-dong,Gwangjin-gu,-,-,-,-,-,・,・,-,-,-,-,-,-,-,-,-,-,-,-,-,-,-,-,-,-,・,・,-,-,-
Jayang 4(sa)-dong,Gwangjin-gu,13,193,3957,19352,19418,・,・,11813,7539,1080,-,-,-,-,-,-,-,-,-,-,13,193,3957,19352,19418,・,・,11813,7539,1080
Hoegi-dong,Dongdaemun-gu,-,-,-,-,-,・,・,-,-,-,-,-,-,-,-,-,-,-,-,-,-,-,-,-,-,・,・,-,-,-
Hwigyeong 1(il)-dong,Dongdaemun-gu,3,32,548,2962,2962,・,・,169,2793,57,-,-,-,-,-,-,-,-,-,-,3,32,548,2962,2962,・,・,169,2793,57
Hwigyeong 2(i)-dong,Dongdaemun-gu,3,135,5771,82568,69507,・,・,45341,37227,34129,-,-,-,-,-,-,-,-,-,-,3,135,5771,82568,69507,・,・,45341,37227,34129
Cheongnyangni-dong,Dongdaemun-gu,3,36,1079,8873,8962,・,・,6173,2700,362,-,-,-,-,-,-,-,-,-,-,3,36,1079,8873,8962,・,・,6173,2700,362
Yongsin-dong,Dongdaemun-gu,37,670,16257,121997,118182,・,・,82803,39194,8922,-,-,-,-,-,-,-,-,-,-,37,670,16257,121997,118182,・,・,82803,39194,8922
Jegi-dong,Dongdaemun-gu,6,101,2613,17512,17632,・,・,11120,6392,2674,-,-,-,-,-,-,-,-,-,-,6,101,2613,17512,17632,・,・,11120,6392,2674
Jeonnong 1(il)-dong,Dongdaemun-gu,4,50,1583,13118,13177,・,・,4447,8671,3309,-,-,-,-,-,-,-,-,-,-,4,50,1583,13118,13177,・,・,4447,8671,3309
Jeonnong 2(i)-dong,Dongdaemun-gu,2,X,X,X,X,・,・,X,X,X,-,-,-,-,-,-,-,-,-,-,2,X,X,X,X,・,・,X,X,X
Dapsimni 1(il)-dong,Dongdaemun-gu,8,179,4298,62821,64189,・,・,45885,16936,3162,-,-,-,-,-,-,-,-,-,-,8,179,4298,62821,64189,・,・,45885,16936,3162
Dapsimni 2(i)-dong,Dongdaemun-gu,4,40,318,2287,2287,・,・,1286,1001,99,-,-,-,-,-,-,-,-,-,-,4,40,318,2287,2287,・,・,1286,1001,99
Jangan 1(il)-dong,Dongdaemun-gu,71,1184,31297,441494,445208,・,・,322979,118515,31114,-,-,-,-,-,-,-,-,-,-,71,1184,31297,441494,445208,・,・,322979,118515,31114
Jangan 2(i)-dong,Dongdaemun-gu,28,629,14771,149219,150362,・,・,109353,39866,19880,-,-,-,-,-,-,-,-,-,-,28,629,14771,149219,150362,・,・,109353,39866,19880
Imun 1(il)-dong,Dongdaemun-gu,1,X,X,X,X,・,・,X,X,X,-,-,-,-,-,-,-,-,-,-,1,X,X,X,X,・,・,X,X,X
Imun 2(i)-dong,Dongdaemun-gu,2,X,X,X,X,・,・,X,X,X,-,-,-,-,-,-,-,-,-,-,2,X,X,X,X,・,・,X,X,X
Myeonmok 2(i)-dong,Jungnang-gu,18,299,6029,53215,52552,・,・,37951,15264,1380,-,-,-,-,-,-,-,-,-,-,18,299,6029,53215,52552,・,・,37951,15264,1380
Myeonmok 4(sa)-dong,Jungnang-gu,18,238,3920,22183,22243,・,・,13083,9100,746,-,-,-,-,-,-,-,-,-,-,18,238,3920,22183,22243,・,・,13083,9100,746
Myeonmok 5(o)-dong,Jungnang-gu,25,359,5098,20623,20292,・,・,10222,10401,3737,-,-,-,-,-,-,-,-,-,-,25,359,5098,20623,20292,・,・,10222,10401,3737
Myeonmok 7(chil)-dong,Jungnang-gu,29,335,4717,19114,16416,・,・,6462,12652,3554,-,-,-,-,-,-,-,-,-,-,29,335,4717,19114,16416,・,・,6462,12652,3554
Sangbong 1(il)-dong,Jungnang-gu,16,357,7279,45499,45082,・,・,24351,21148,11672,-,-,-,-,-,-,-,-,-,-,16,357,7279,45499,45082,・,・,24351,21148,11672
Sangbong 2(i)-dong,Jungnang-gu,21,304,4839,25934,25824,・,・,16823,9111,3892,-,-,-,-,-,-,-,-,-,-,21,304,4839,25934,25824,・,・,16823,9111,3892
Junghwa 1(il)-dong,Jungnang-gu,10,169,2599,18897,18909,・,・,13031,5866,1236,-,-,-,-,-,-,-,-,-,-,10,169,2599,18897,18909,・,・,13031,5866,1236
Junghwa 2(i)-dong,Jungnang-gu,14,213,3274,8155,8156,・,・,2409,5746,430,-,-,-,-,-,-,-,-,-,-,14,213,3274,8155,8156,・,・,2409,5746,430
Muk 1(il)-dong,Jungnang-gu,6,189,5380,42378,41771,・,・,29703,12675,421,-,-,-,-,-,-,-,-,-,-,6,189,5380,42378,41771,・,・,29703,12675,421
Muk 2(i)-dong,Jungnang-gu,10,170,3401,26289,26302,・,・,12818,13471,3625,-,-,-,-,-,-,-,-,-,-,10,170,3401,26289,26302,・,・,12818,13471,3625
Mangu 3(sam)-dong,Jungnang-gu,26,470,7925,53287,53227,・,・,33819,19468,4301,-,-,-,-,-,-,-,-,-,-,26,470,7925,53287,53227,・,・,33819,19468,4301
Sinnae 1(il)-dong,Jungnang-gu,4,66,1120,3317,3267,・,・,1191,2126,412,-,-,-,-,-,-,-,-,-,-,4,66,1120,3317,3267,・,・,1191,2126,412
Sinnae 2(i)-dong,Jungnang-gu,-,-,-,-,-,・,・,-,-,-,-,-,-,-,-,-,-,-,-,-,-,-,-,-,-,・,・,-,-,-
Myeonmokbon-dong,Jungnang-gu,24,352,5657,33614,33115,・,・,21351,12263,7959,-,-,-,-,-,-,-,-,-,-,24,352,5657,33614,33115,・,・,21351,12263,7959
Myeonmok 3.8(sam.pal)-dong,Jungnang-gu,10,126,1622,9941,9972,・,・,6318,3623,3061,-,-,-,-,-,-,-,-,-,-,10,126,1622,9941,9972,・,・,6318,3623,3061
Mangubon-dong,Jungnang-gu,25,377,6734,17374,17593,・,・,6274,11100,1704,-,-,-,-,-,-,-,-,-,-,25,377,6734,17374,17593,・,・,6274,11100,1704
Donam 1(il)-dong,Seongbuk_gu,1,X,X,X,X,・,・,X,X,X,-,-,-,-,-,-,-,-,-,-,1,X,X,X,X,・,・,X,X,X
Donam 2(i)-dong,Seongbuk_gu,-,-,-,-,-,・,・,-,-,-,-,-,-,-,-,-,-,-,-,-,-,-,-,-,-,・,・,-,-,-
Anam-dong,Seongbuk_gu,5,86,1430,10856,10944,・,・,4691,6165,4524,-,-,-,-,-,-,-,-,-,-,5,86,1430,10856,10944,・,・,4691,6165,4524
Bomun-dong,Seongbuk_gu,3,50,1269,10192,10214,・,・,4230,5962,326,-,-,-,-,-,-,-,-,-,-,3,50,1269,10192,10214,・,・,4230,5962,326
Jeongneung 1(il)-dong,Seongbuk_gu,2,X,X,X,X,・,・,X,X,X,-,-,-,-,-,-,-,-,-,-,2,X,X,X,X,・,・,X,X,X
Jeongneung 2(i)-dong,Seongbuk_gu,-,-,-,-,-,・,・,-,-,-,-,-,-,-,-,-,-,-,-,-,-,-,-,-,-,・,・,-,-,-
Jeongneung 3(sam)-dong,Seongbuk_gu,1,X,X,X,X,・,・,X,X,X,-,-,-,-,-,-,-,-,-,-,1,X,X,X,X,・,・,X,X,X
Jeongneung 4(sa)-dong,Seongbuk_gu,2,X,X,X,X,・,・,X,X,X,-,-,-,-,-,-,-,-,-,-,2,X,X,X,X,・,・,X,X,X
Gireum 1(il)-dong,Seongbuk_gu,1,X,X,X,X,・,・,X,X,X,-,-,-,-,-,-,-,-,-,-,1,X,X,X,X,・,・,X,X,X
Gireum 2(i)-dong,Seongbuk_gu,1,X,X,X,X,・,・,X,X,X,-,-,-,-,-,-,-,-,-,-,1,X,X,X,X,・,・,X,X,X
Wolgok 1(il)-dong,Seongbuk_gu,8,129,1534,8165,8127,・,・,3350,4815,699,-,-,-,-,-,-,-,-,-,-,8,129,1534,8165,8127,・,・,3350,4815,699
Wolgok 2(i)-dong,Seongbuk_gu,6,86,1537,5919,5935,・,・,2665,3254,281,-,-,-,-,-,-,-,-,-,-,6,86,1537,5919,5935,・,・,2665,3254,281
Jangwi 1(il)-dong,Seongbuk_gu,17,309,3463,25378,25116,・,・,12162,13216,737,-,-,-,-,-,-,-,-,-,-,17,309,3463,25378,25116,・,・,12162,13216,737
Jangwi 2(i)-dong,Seongbuk_gu,6,81,1894,12441,12220,・,・,8846,3595,352,-,-,-,-,-,-,-,-,-,-,6,81,1894,12441,12220,・,・,8846,3595,352
Jangwi 3(sam)-dong,Seongbuk_gu,12,299,6969,82722,79250,・,・,46681,36041,4136,-,-,-,-,-,-,-,-,-,-,12,299,6969,82722,79250,・,・,46681,36041,4136
Seongbuk-dong,Seongbuk_gu,4,64,1644,12024,9358,・,・,5117,6907,2150,-,-,-,-,-,-,-,-,-,-,4,64,1644,12024,9358,・,・,5117,6907,2150
Samseon-dong,Seongbuk_gu,3,86,2571,22044,19618,・,・,15070,6974,8547,-,-,-,-,-,-,-,-,-,-,3,86,2571,22044,19618,・,・,15070,6974,8547
Dongseon-dong,Seongbuk_gu,2,X,X,X,X,・,・,X,X,X,-,-,-,-,-,-,-,-,-,-,2,X,X,X,X,・,・,X,X,X
Jongam-dong,Seongbuk_gu,5,73,1987,6464,8228,・,・,4661,1803,1469,-,-,-,-,-,-,-,-,-,-,5,73,1987,6464,8228,・,・,4661,1803,1469
Seokgwan-dong,Seongbuk_gu,12,197,3290,8932,8308,・,・,3496,5436,797,-,-,-,-,-,-,-,-,-,-,12,197,3290,8932,8308,・,・,3496,5436,797
Beon 1(il)-dong,Gangbuk-gu,7,95,1652,9531,9582,・,・,5087,4444,455,-,-,-,-,-,-,-,-,-,-,7,95,1652,9531,9582,・,・,5087,4444,455
Beon 2(i)-dong,Gangbuk-gu,18,299,4695,40022,41061,・,・,28123,11899,4902,-,-,-,-,-,-,-,-,-,-,18,299,4695,40022,41061,・,・,28123,11899,4902
Beon 3(sam)-dong,Gangbuk-gu,4,146,3068,27657,26351,・,・,20839,6818,2200,-,-,-,-,-,-,-,-,-,-,4,146,3068,27657,26351,・,・,20839,6818,2200
Suyu 1(il)-dong,Gangbuk-gu,5,81,1198,4236,4725,・,・,2597,1639,1816,-,-,-,-,-,-,-,-,-,-,5,81,1198,4236,4725,・,・,2597,1639,1816
Suyu 2(i)-dong,Gangbuk-gu,11,188,3256,26153,26735,・,・,17742,8411,4195,-,-,-,-,-,-,-,-,-,-,11,188,3256,26153,26735,・,・,17742,8411,4195
Suyu 3(sam)-dong,Gangbuk-gu,11,158,2926,7275,7118,・,・,2735,4540,446,-,-,-,-,-,-,-,-,-,-,11,158,2926,7275,7118,・,・,2735,4540,446
Samyang-dong,Gangbuk-gu,9,111,742,2455,2455,・,・,817,1638,130,-,-,-,-,-,-,-,-,-,-,9,111,742,2455,2455,・,・,817,1638,130
Mia-dong,Gangbuk-gu,6,91,1323,9290,9267,・,・,4671,4619,2546,-,-,-,-,-,-,-,-,-,-,6,91,1323,9290,9267,・,・,4671,4619,2546
Songjung-dong,Gangbuk-gu,9,131,1864,11144,10992,・,・,4107,7037,1492,-,-,-,-,-,-,-,-,-,-,9,131,1864,11144,10992,・,・,4107,7037,1492
Songcheon-dong,Gangbuk-gu,18,266,3008,14124,14118,・,・,7718,6406,737,-,-,-,-,-,-,-,-,-,-,18,266,3008,14124,14118,・,・,7718,6406,737
Samgaksan-dong,Gangbuk-gu,1,X,X,X,X,・,・,X,X,X,-,-,-,-,-,-,-,-,-,-,1,X,X,X,X,・,・,X,X,X
Ui-dong,Gangbuk-gu,1,X,X,X,X,・,・,X,X,X,-,-,-,-,-,-,-,-,-,-,1,X,X,X,X,・,・,X,X,X
Insu-dong,Gangbuk-gu,6,113,1996,17966,17923,・,・,12074,5892,4622,-,-,-,-,-,-,-,-,-,-,6,113,1996,17966,17923,・,・,12074,5892,4622
Ssangmun 1(il)-dong,Dobong-gu,-,-,-,-,-,・,・,-,-,-,-,-,-,-,-,-,-,-,-,-,-,-,-,-,-,・,・,-,-,-
Ssangmun 2(i)-dong,Dobong-gu,5,76,993,4600,4496,・,・,2565,2035,2634,-,-,-,-,-,-,-,-,-,-,5,76,993,4600,4496,・,・,2565,2035,2634
Ssangmun 3(sam)-dong,Dobong-gu,5,127,2071,15202,15400,・,・,9471,5731,2810,-,-,-,-,-,-,-,-,-,-,5,127,2071,15202,15400,・,・,9471,5731,2810
Ssangmun 4(sa)-dong,Dobong-gu,-,-,-,-,-,・,・,-,-,-,-,-,-,-,-,-,-,-,-,-,-,-,-,-,-,・,・,-,-,-
Banghak 1(il)-dong,Dobong-gu,10,149,1395,9035,8466,・,・,5891,3144,2900,-,-,-,-,-,-,-,-,-,-,10,149,1395,9035,8466,・,・,5891,3144,2900
Banghak 2(i)-dong,Dobong-gu,5,80,968,3410,3409,・,・,1512,1898,229,-,-,-,-,-,-,-,-,-,-,5,80,968,3410,3409,・,・,1512,1898,229
Banghak 3(sam)-dong,Dobong-gu,-,-,-,-,-,・,・,-,-,-,-,-,-,-,-,-,-,-,-,-,-,-,-,-,-,・,・,-,-,-
Chang 1(il)-dong,Dobong-gu,1,X,X,X,X,・,・,X,X,X,-,-,-,-,-,-,-,-,-,-,1,X,X,X,X,・,・,X,X,X
Chang 2(i)-dong,Dobong-gu,19,482,11636,131826,131857,・,・,82722,49104,16913,-,-,-,-,-,-,-,-,-,-,19,482,11636,131826,131857,・,・,82722,49104,16913
Chang 3(sam)-dong,Dobong-gu,2,X,X,X,X,・,・,X,X,X,-,-,-,-,-,-,-,-,-,-,2,X,X,X,X,・,・,X,X,X
Chang 4(sa)-dong,Dobong-gu,-,-,-,-,-,・,・,-,-,-,-,-,-,-,-,-,-,-,-,-,-,-,-,-,-,・,・,-,-,-
Chang 5(o)-dong,Dobong-gu,1,X,X,X,X,・,・,X,X,X,-,-,-,-,-,-,-,-,-,-,1,X,X,X,X,・,・,X,X,X
Dobong 1(il)-dong,Dobong-gu,6,83,1047,4614,4457,・,・,2203,2411,1875,-,-,-,-,-,-,-,-,-,-,6,83,1047,4614,4457,・,・,2203,2411,1875
Dobong 2(i)-dong,Dobong-gu,2,X,X,X,X,・,・,X,X,X,-,-,-,-,-,-,-,-,-,-,2,X,X,X,X,・,・,X,X,X
Wolgye 1(il)-dong,Nowon-gu,6,149,4950,23491,23050,・,・,14147,9344,1906,-,-,-,-,-,-,-,-,-,-,6,149,4950,23491,23050,・,・,14147,9344,1906
Wolgye 2(i)-dong,Nowon-gu,6,125,2886,25401,25133,・,・,18333,7068,4408,-,-,-,-,-,-,-,-,-,-,6,125,2886,25401,25133,・,・,18333,7068,4408
Wolgye 3(sam)-dong,Nowon-gu,-,-,-,-,-,・,・,-,-,-,-,-,-,-,-,-,-,-,-,-,-,-,-,-,-,・,・,-,-,-
Gongneung 2(i)-dong,Nowon-gu,6,333,9135,71223,73720,・,・,51066,20157,5560,-,-,-,-,-,-,-,-,-,-,6,333,9135,71223,73720,・,・,51066,20157,5560
Hagye 1(il)-dong,Nowon-gu,11,275,6584,39413,39810,・,・,21920,17493,9400,-,-,-,-,-,-,-,-,-,-,11,275,6584,39413,39810,・,・,21920,17493,9400
Hagye 2(i)-dong,Nowon-gu,-,-,-,-,-,・,・,-,-,-,-,-,-,-,-,-,-,-,-,-,-,-,-,-,-,・,・,-,-,-
Junggyebon-dong,Nowon-gu,4,64,716,2803,2888,・,・,1728,1075,354,-,-,-,-,-,-,-,-,-,-,4,64,716,2803,2888,・,・,1728,1075,354
Junggye 1(il)-dong,Nowon-gu,-,-,-,-,-,・,・,-,-,-,-,-,-,-,-,-,-,-,-,-,-,-,-,-,-,・,・,-,-,-
Junggye 4(sa)-dong,Nowon-gu,1,X,X,X,X,・,・,X,X,X,-,-,-,-,-,-,-,-,-,-,1,X,X,X,X,・,・,X,X,X
Sanggye 1(il)-dong,Nowon-gu,5,74,1795,12030,12121,・,・,6546,5484,2939,-,-,-,-,-,-,-,-,-,-,5,74,1795,12030,12121,・,・,6546,5484,2939
Sanggye 2(i)-dong,Nowon-gu,-,-,-,-,-,・,・,-,-,-,-,-,-,-,-,-,-,-,-,-,-,-,-,-,-,・,・,-,-,-
Sanggye 5(o)-dong,Nowon-gu,-,-,-,-,-,・,・,-,-,-,-,-,-,-,-,-,-,-,-,-,-,-,-,-,-,・,・,-,-,-
Sanggye 8(pal)-dong,Nowon-gu,-,-,-,-,-,・,・,-,-,-,-,-,-,-,-,-,-,-,-,-,-,-,-,-,-,・,・,-,-,-
Sanggye 9(gu)-dong,Nowon-gu,-,-,-,-,-,・,・,-,-,-,-,-,-,-,-,-,-,-,-,-,-,-,-,-,-,・,・,-,-,-
Sanggye 10(sip)-dong,Nowon-gu,-,-,-,-,-,・,・,-,-,-,-,-,-,-,-,-,-,-,-,-,-,-,-,-,-,・,・,-,-,-
Sanggye 3.4(sam.sa)-dong,Nowon-gu,-,-,-,-,-,・,・,-,-,-,-,-,-,-,-,-,-,-,-,-,-,-,-,-,-,・,・,-,-,-
Sanggye 6.7(yuk.chil)-dong,Nowon-gu,-,-,-,-,-,・,・,-,-,-,-,-,-,-,-,-,-,-,-,-,-,-,-,-,-,・,・,-,-,-
Junggye 2.3(i.sam)-dong,Nowon-gu,-,-,-,-,-,・,・,-,-,-,-,-,-,-,-,-,-,-,-,-,-,-,-,-,-,・,・,-,-,-
Gongneung 1(il)-dong,Nowon-gu,14,309,7281,92218,93128,・,・,66700,25518,13789,-,-,-,-,-,-,-,-,-,-,14,309,7281,92218,93128,・,・,66700,25518,13789
Nokbeon-dong,Eunpyeong-gu,7,139,1535,5332,5353,・,・,3052,2280,926,-,-,-,-,-,-,-,-,-,-,7,139,1535,5332,5353,・,・,3052,2280,926
Bulgwang 1(il)-dong,Eunpyeong-gu,-,-,-,-,-,・,・,-,-,-,-,-,-,-,-,-,-,-,-,-,-,-,-,-,-,・,・,-,-,-
Galhyeon 1(il)-dong,Eunpyeong-gu,1,X,X,X,X,・,・,X,X,X,-,-,-,-,-,-,-,-,-,-,1,X,X,X,X,・,・,X,X,X
Galhyeon 2(i)-dong,Eunpyeong-gu,3,46,717,5490,5493,・,・,4049,1441,578,-,-,-,-,-,-,-,-,-,-,3,46,717,5490,5493,・,・,4049,1441,578
Gusan-dong,Eunpyeong-gu,3,83,1067,4750,4757,・,・,2567,2183,53,-,-,-,-,-,-,-,-,-,-,3,83,1067,4750,4757,・,・,2567,2183,53
Daejo-dong,Eunpyeong-gu,3,34,620,8552,8508,・,・,6569,1983,487,-,-,-,-,-,-,-,-,-,-,3,34,620,8552,8508,・,・,6569,1983,487
Eungam 1(il)-dong,Eunpyeong-gu,4,70,1549,3757,3757,・,・,1554,2203,179,-,-,-,-,-,-,-,-,-,-,4,70,1549,3757,3757,・,・,1554,2203,179
Eungam 2(i)-dong,Eunpyeong-gu,1,X,X,X,X,・,・,X,X,X,-,-,-,-,-,-,-,-,-,-,1,X,X,X,X,・,・,X,X,X
Sinsa 1(il)-dong,Eunpyeong-gu,3,46,673,3515,3485,・,・,2247,1268,529,-,-,-,-,-,-,-,-,-,-,3,46,673,3515,3485,・,・,2247,1268,529
Sinsa 2(i)-dong,Eunpyeong-gu,1,X,X,X,X,・,・,X,X,X,-,-,-,-,-,-,-,-,-,-,1,X,X,X,X,・,・,X,X,X
Jeungsan-dong,Eunpyeong-gu,4,124,2564,22804,22910,・,・,11678,11126,2390,-,-,-,-,-,-,-,-,-,-,4,124,2564,22804,22910,・,・,11678,11126,2390
Susaek-dong,Eunpyeong-gu,2,X,X,X,X,・,・,X,X,X,-,-,-,-,-,-,-,-,-,-,2,X,X,X,X,・,・,X,X,X
Jingwan-dong,Eunpyeong-gu,-,-,-,-,-,・,・,-,-,-,-,-,-,-,-,-,-,-,-,-,-,-,-,-,-,・,・,-,-,-
Bulgwang 2(i)-dong,Eunpyeong-gu,1,X,X,X,X,・,・,X,X,X,-,-,-,-,-,-,-,-,-,-,1,X,X,X,X,・,・,X,X,X
Eungam 3(sam)-dong,Eunpyeong-gu,6,144,2706,37343,37166,・,・,29530,7813,615,-,-,-,-,-,-,-,-,-,-,6,144,2706,37343,37166,・,・,29530,7813,615
Yeokchon-dong,Eunpyeong-gu,7,94,2038,13697,13721,・,・,8931,4766,3364,-,-,-,-,-,-,-,-,-,-,7,94,2038,13697,13721,・,・,8931,4766,3364
Cheonyeon-dong,Seodaemun-gu,1,X,X,X,X,・,・,X,X,X,-,-,-,-,-,-,-,-,-,-,1,X,X,X,X,・,・,X,X,X
Hongje 1(il)-dong,Seodaemun-gu,4,69,1379,2987,2959,・,・,878,2109,1844,-,-,-,-,-,-,-,-,-,-,4,69,1379,2987,2959,・,・,878,2109,1844
Hongje 3(sam)-dong,Seodaemun-gu,1,X,X,X,X,・,・,X,X,X,-,-,-,-,-,-,-,-,-,-,1,X,X,X,X,・,・,X,X,X
Hongje 2(i)-dong,Seodaemun-gu,4,61,1934,15118,15509,・,・,10638,4480,2701,-,-,-,-,-,-,-,-,-,-,4,61,1934,15118,15509,・,・,10638,4480,2701
Hongeun 1(il)-dong,Seodaemun-gu,-,-,-,-,-,・,・,-,-,-,-,-,-,-,-,-,-,-,-,-,-,-,-,-,-,・,・,-,-,-
Hongeun 2(i)-dong,Seodaemun-gu,2,X,X,X,X,・,・,X,X,X,-,-,-,-,-,-,-,-,-,-,2,X,X,X,X,・,・,X,X,X
Namgajwa 1(il)-dong,Seodaemun-gu,-,-,-,-,-,・,・,-,-,-,-,-,-,-,-,-,-,-,-,-,-,-,-,-,-,・,・,-,-,-
Namgajwa 2(i)-dong,Seodaemun-gu,1,X,X,X,X,・,・,X,X,X,-,-,-,-,-,-,-,-,-,-,1,X,X,X,X,・,・,X,X,X
Bukgajwa 1(il)-dong,Seodaemun-gu,2,X,X,X,X,・,・,X,X,X,-,-,-,-,-,-,-,-,-,-,2,X,X,X,X,・,・,X,X,X
Bukgajwa 2(i)-dong,Seodaemun-gu,11,252,4096,29725,29030,・,・,20331,9394,5346,-,-,-,-,-,-,-,-,-,-,11,252,4096,29725,29030,・,・,20331,9394,5346
Chunghyeon-dong,Seodaemun-gu,4,93,3312,8880,8877,・,・,3380,5500,863,-,-,-,-,-,-,-,-,-,-,4,93,3312,8880,8877,・,・,3380,5500,863
Bugahyeon-dong,Seodaemun-gu,1,X,X,X,X,・,・,X,X,X,-,-,-,-,-,-,-,-,-,-,1,X,X,X,X,・,・,X,X,X
Sinchon-dong,Seodaemun-gu,1,X,X,X,X,・,・,X,X,X,-,-,-,-,-,-,-,-,-,-,1,X,X,X,X,・,・,X,X,X
Yeonhui-dong,Seodaemun-gu,5,109,2835,19987,19606,・,・,12746,7241,518,-,-,-,-,-,-,-,-,-,-,5,109,2835,19987,19606,・,・,12746,7241,518
Yonggang-dong,Mapo-gu,4,65,1758,6299,6306,・,・,2485,3814,187,-,-,-,-,-,-,-,-,-,-,4,65,1758,6299,6306,・,・,2485,3814,187
Daeheung-dong,Mapo-gu,3,62,829,2954,3014,・,・,1341,1613,1919,-,-,-,-,-,-,-,-,-,-,3,62,829,2954,3014,・,・,1341,1613,1919
Yeomni-dong,Mapo-gu,6,96,1725,6836,6707,・,・,3159,3677,1845,-,-,-,-,-,-,-,-,-,-,6,96,1725,6836,6707,・,・,3159,3677,1845
Sinsu-dong,Mapo-gu,2,X,X,X,X,・,・,X,X,X,-,-,-,-,-,-,-,-,-,-,2,X,X,X,X,・,・,X,X,X
Seogyo-dong,Mapo-gu,12,495,20384,189627,190068,・,・,95217,94410,17514,-,-,-,-,-,-,-,-,-,-,12,495,20384,189627,190068,・,・,95217,94410,17514
Hapjeong-dong,Mapo-gu,5,98,3120,15699,15442,・,・,8986,6713,4985,-,-,-,-,-,-,-,-,-,-,5,98,3120,15699,15442,・,・,8986,6713,4985
Mangwon 1(il)-dong,Mapo-gu,2,X,X,X,X,・,・,X,X,X,-,-,-,-,-,-,-,-,-,-,2,X,X,X,X,・,・,X,X,X
Mangwon 2(i)-dong,Mapo-gu,2,X,X,X,X,・,・,X,X,X,-,-,-,-,-,-,-,-,-,-,2,X,X,X,X,・,・,X,X,X
Yeonnam-dong,Mapo-gu,6,107,2364,25237,24526,・,・,15469,9768,2943,-,-,-,-,-,-,-,-,-,-,6,107,2364,25237,24526,・,・,15469,9768,2943
Seongsan 1(il)-dong,Mapo-gu,7,138,3269,31847,31343,・,・,18315,13532,784,-,-,-,-,-,-,-,-,-,-,7,138,3269,31847,31343,・,・,18315,13532,784
Seongsan 2(i)-dong,Mapo-gu,-,-,-,-,-,・,・,-,-,-,-,-,-,-,-,-,-,-,-,-,-,-,-,-,-,・,・,-,-,-
Sangam-dong,Mapo-gu,7,288,8176,16235,16740,・,・,5172,11063,46283,-,-,-,-,-,-,-,-,-,-,7,288,8176,16235,16740,・,・,5172,11063,46283
Dohwa-dong,Mapo-gu,2,X,X,X,X,・,・,X,X,X,-,-,-,-,-,-,-,-,-,-,2,X,X,X,X,・,・,X,X,X
Seogang-dong,Mapo-gu,1,X,X,X,X,・,・,X,X,X,-,-,-,-,-,-,-,-,-,-,1,X,X,X,X,・,・,X,X,X
gongdeok-dong,Mapo-gu,6,132,3432,29469,29308,・,・,10276,19193,3789,-,-,-,-,-,-,-,-,-,-,6,132,3432,29469,29308,・,・,10276,19193,3789
Ahyeon-dong,Mapo-gu,1,X,X,X,X,・,・,X,X,X,-,-,-,-,-,-,-,-,-,-,1,X,X,X,X,・,・,X,X,X
Mok 1(il)-dong,Yangcheon-gu,-,-,-,-,-,・,・,-,-,-,-,-,-,-,-,-,-,-,-,-,-,-,-,-,-,・,・,-,-,-
Mok 2(i)-dong,Yangcheon-gu,2,X,X,X,X,・,・,X,X,X,-,-,-,-,-,-,-,-,-,-,2,X,X,X,X,・,・,X,X,X
Mok 3(sam)-dong,Yangcheon-gu,3,66,1159,6538,6696,・,・,4375,2163,2742,-,-,-,-,-,-,-,-,-,-,3,66,1159,6538,6696,・,・,4375,2163,2742
Mok 4(sa)-dong,Yangcheon-gu,3,55,857,4025,4181,・,・,694,3331,2107,-,-,-,-,-,-,-,-,-,-,3,55,857,4025,4181,・,・,694,3331,2107
Sinwol 1(il)-dong,Yangcheon-gu,20,382,7811,125408,124261,・,・,92869,32539,18787,-,-,-,-,-,-,-,-,-,-,20,382,7811,125408,124261,・,・,92869,32539,18787
Sinwol 2(i)-dong,Yangcheon-gu,9,126,2169,13668,13441,・,・,7111,6557,4029,-,-,-,-,-,-,-,-,-,-,9,126,2169,13668,13441,・,・,7111,6557,4029
Sinwol 3(sam)-dong,Yangcheon-gu,17,411,7471,60279,57203,・,・,33871,26408,5785,-,-,-,-,-,-,-,-,-,-,17,411,7471,60279,57203,・,・,33871,26408,5785
Sinwol 4(sa)-dong,Yangcheon-gu,6,131,3744,31722,31918,・,・,20792,10930,3884,-,-,-,-,-,-,-,-,-,-,6,131,3744,31722,31918,・,・,20792,10930,3884
Sinwol 5(o)-dong,Yangcheon-gu,10,165,2920,26571,26526,・,・,15269,11302,5359,-,-,-,-,-,-,-,-,-,-,10,165,2920,26571,26526,・,・,15269,11302,5359
Sinwol 6(yuk)-dong,Yangcheon-gu,4,57,503,4664,4634,・,・,3305,1359,84,-,-,-,-,-,-,-,-,-,-,4,57,503,4664,4634,・,・,3305,1359,84
Sinwol 7(chil)-dong,Yangcheon-gu,14,221,3783,22300,22227,・,・,14116,8184,2817,-,-,-,-,-,-,-,-,-,-,14,221,3783,22300,22227,・,・,14116,8184,2817
Sinjeong 1(il)-dong,Yangcheon-gu,3,43,1219,10961,10469,・,・,7613,3348,249,-,-,-,-,-,-,-,-,-,-,3,43,1219,10961,10469,・,・,7613,3348,249
Sinjeong 2(i)-dong,Yangcheon-gu,2,X,X,X,X,・,・,X,X,X,-,-,-,-,-,-,-,-,-,-,2,X,X,X,X,・,・,X,X,X
Sinjeong 3(sam)-dong,Yangcheon-gu,10,227,5299,52619,52072,・,・,31784,20835,9627,-,-,-,-,-,-,-,-,-,-,10,227,5299,52619,52072,・,・,31784,20835,9627
Sinjeong 6(yuk)-dong,Yangcheon-gu,-,-,-,-,-,・,・,-,-,-,-,-,-,-,-,-,-,-,-,-,-,-,-,-,-,・,・,-,-,-
Sinjeong 7(chil)-dong,Yangcheon-gu,1,X,X,X,X,・,・,X,X,X,-,-,-,-,-,-,-,-,-,-,1,X,X,X,X,・,・,X,X,X
Mok 5(o)-dong,Yangcheon-gu,-,-,-,-,-,・,・,-,-,-,-,-,-,-,-,-,-,-,-,-,-,-,-,-,-,・,・,-,-,-
Sinjeong 4(sa)-dong,Yangcheon-gu,11,176,1934,12025,12199,・,・,5999,6026,3348,-,-,-,-,-,-,-,-,-,-,11,176,1934,12025,12199,・,・,5999,6026,3348
Yeomchang-dong,Gangseo-gu,19,346,10139,56997,59967,・,・,36128,20869,28424,-,-,-,-,-,-,-,-,-,-,19,346,10139,56997,59967,・,・,36128,20869,28424
Deungchon 1(il)-dong,Gangseo-gu,18,582,17613,126707,124139,・,・,77299,49408,70795,-,-,-,-,-,-,-,-,-,-,18,582,17613,126707,124139,・,・,77299,49408,70795
Deungchon 2(i)-dong,Gangseo-gu,3,59,1419,6347,6156,・,・,3736,2611,4257,-,-,-,-,-,-,-,-,-,-,3,59,1419,6347,6156,・,・,3736,2611,4257
Deungchon 3(sam)-dong,Gangseo-gu,10,198,8068,66093,68013,・,・,55421,10672,10521,-,-,-,-,-,-,-,-,-,-,10,198,8068,66093,68013,・,・,55421,10672,10521
Hwagokbon-dong,Gangseo-gu,5,84,1853,16943,16752,・,・,12749,4194,1140,-,-,-,-,-,-,-,-,-,-,5,84,1853,16943,16752,・,・,12749,4194,1140
Hwagok 2(i)-dong,Gangseo-gu,5,74,1495,9588,9602,・,・,5665,3923,3571,-,-,-,-,-,-,-,-,-,-,5,74,1495,9588,9602,・,・,5665,3923,3571
Hwagok 3(sam)-dong,Gangseo-gu,4,70,1391,9720,9429,・,・,5645,4075,898,-,-,-,-,-,-,-,-,-,-,4,70,1391,9720,9429,・,・,5645,4075,898
Hwagok 4(sa)-dong,Gangseo-gu,4,52,1247,7957,7962,・,・,5421,2536,545,-,-,-,-,-,-,-,-,-,-,4,52,1247,7957,7962,・,・,5421,2536,545
Hwagok 6(yuk)-dong,Gangseo-gu,4,76,1086,8873,9014,・,・,7575,1298,171,-,-,-,-,-,-,-,-,-,-,4,76,1086,8873,9014,・,・,7575,1298,171
Hwagok 8(pal)-dong,Gangseo-gu,-,-,-,-,-,・,・,-,-,-,-,-,-,-,-,-,-,-,-,-,-,-,-,-,-,・,・,-,-,-
Gayang 1(il)-dong,Gangseo-gu,15,248,5685,31589,31444,・,・,17408,14181,7966,-,-,-,-,-,-,-,-,-,-,15,248,5685,31589,31444,・,・,17408,14181,7966
Gayang 2(i)-dong,Gangseo-gu,3,85,2629,14394,14527,・,・,8811,5583,4539,-,-,-,-,-,-,-,-,-,-,3,85,2629,14394,14527,・,・,8811,5583,4539
Gayang 3(sam)-dong,Gangseo-gu,21,448,11564,76070,76687,・,・,43404,32666,18040,-,-,-,-,-,-,-,-,-,-,21,448,11564,76070,76687,・,・,43404,32666,18040
Balsan 1(il)-dong,Gangseo-gu,3,136,3706,18025,18025,・,・,10995,7030,1706,-,-,-,-,-,-,-,-,-,-,3,136,3706,18025,18025,・,・,10995,7030,1706
Gonghang-dong,Gangseo-gu,4,192,12364,60688,60716,・,・,37878,22810,5592,-,-,-,-,-,-,-,-,-,-,4,192,12364,60688,60716,・,・,37878,22810,5592
Banghwa 1(il)-dong,Gangseo-gu,5,236,4969,29871,31903,・,・,21987,7884,31885,-,-,-,-,-,-,-,-,-,-,5,236,4969,29871,31903,・,・,21987,7884,31885
Banghwa 2(i)-dong,Gangseo-gu,3,58,1318,2760,2750,・,・,573,2187,418,-,-,-,-,-,-,-,-,-,-,3,58,1318,2760,2750,・,・,573,2187,418
Banghwa 3(sam)-dong,Gangseo-gu,-,-,-,-,-,・,・,-,-,-,-,-,-,-,-,-,-,-,-,-,-,-,-,-,-,・,・,-,-,-
Hwagok 1(il)-dong,Gangseo-gu,8,119,2463,12590,12366,・,・,8079,4511,464,-,-,-,-,-,-,-,-,-,-,8,119,2463,12590,12366,・,・,8079,4511,464
Ujangsan-dong,Gangseo-gu,2,X,X,X,X,・,・,X,X,X,-,-,-,-,-,-,-,-,-,-,2,X,X,X,X,・,・,X,X,X
Sindorim-dong,Guro-gu,23,354,10569,56167,56007,・,・,26397,29770,11236,-,-,-,-,-,-,-,-,-,-,23,354,10569,56167,56007,・,・,26397,29770,11236
Guro 1(il)-dong,Guro-gu,3,53,1399,11724,11627,・,・,7902,3822,3144,-,-,-,-,-,-,-,-,-,-,3,53,1399,11724,11627,・,・,7902,3822,3144
Guro 3(sam)-dong,Guro-gu,217,6107,187397,1777942,1750585,・,・,1086269,691673,466925,-,-,-,-,-,-,-,-,-,-,217,6107,187397,1777942,1750585,・,・,1086269,691673,466925
Guro 4(sa)-dong,Guro-gu,1,X,X,X,X,・,・,X,X,X,-,-,-,-,-,-,-,-,-,-,1,X,X,X,X,・,・,X,X,X
Guro 5(o)-dong,Guro-gu,8,114,2910,70530,70463,・,・,51814,18716,8356,-,-,-,-,-,-,-,-,-,-,8,114,2910,70530,70463,・,・,51814,18716,8356
Gocheok 1(il)-dong,Guro-gu,10,196,5621,43342,43823,・,・,32503,10839,11720,-,-,-,-,-,-,-,-,-,-,10,196,5621,43342,43823,・,・,32503,10839,11720
Gocheok 2(i)-dong,Guro-gu,3,53,963,3245,3245,・,・,965,2280,118,-,-,-,-,-,-,-,-,-,-,3,53,963,3245,3245,・,・,965,2280,118
Gaebong 2(i)-dong,Guro-gu,-,-,-,-,-,・,・,-,-,-,-,-,-,-,-,-,-,-,-,-,-,-,-,-,-,・,・,-,-,-
Gaebong 3(sam)-dong,Guro-gu,-,-,-,-,-,・,・,-,-,-,-,-,-,-,-,-,-,-,-,-,-,-,-,-,-,・,・,-,-,-
Oryu 1(il)-dong,Guro-gu,2,X,X,X,X,・,・,X,X,X,-,-,-,-,-,-,-,-,-,-,2,X,X,X,X,・,・,X,X,X
Oryu 2(i)-dong,Guro-gu,6,130,3623,19228,19185,・,・,12540,6688,7013,-,-,-,-,-,-,-,-,-,-,6,130,3623,19228,19185,・,・,12540,6688,7013
Sugung-dong,Guro-gu,34,962,25795,180130,182096,・,・,103716,76414,82354,-,-,-,-,-,-,-,-,-,-,34,962,25795,180130,182096,・,・,103716,76414,82354
Garibong-dong,Guro-gu,-,-,-,-,-,・,・,-,-,-,-,-,-,-,-,-,-,-,-,-,-,-,-,-,-,・,・,-,-,-
Guro 2(i)-dong,Guro-gu,22,418,15434,256966,256627,・,・,210297,46669,158637,-,-,-,-,-,-,-,-,-,-,22,418,15434,256966,256627,・,・,210297,46669,158637
Gaebong 1(il)-dong,Guro-gu,9,161,3633,52864,53104,・,・,27704,25160,131684,-,-,-,-,-,-,-,-,-,-,9,161,3633,52864,53104,・,・,27704,25160,131684
Gasan-dong,Geumcheon-gu,675,20037,590156,6078772,6011100,・,・,3591049,2487723,1995421,-,-,-,-,-,-,-,-,-,-,675,20037,590156,6078772,6011100,・,・,3591049,2487723,1995421
Doksan 1(il)-dong,Geumcheon-gu,210,5697,144704,1015900,1012241,・,・,599757,416143,500830,-,-,-,-,-,-,-,-,-,-,210,5697,144704,1015900,1012241,・,・,599757,416143,500830
Doksan 2(i)-dong,Geumcheon-gu,12,161,1193,8727,8727,・,・,5591,3136,526,-,-,-,-,-,-,-,-,-,-,12,161,1193,8727,8727,・,・,5591,3136,526
Doksan 3(sam)-dong,Geumcheon-gu,47,791,10108,70979,70685,・,・,38717,32262,5246,-,-,-,-,-,-,-,-,-,-,47,791,10108,70979,70685,・,・,38717,32262,5246
Doksan 4(sa)-dong,Geumcheon-gu,16,298,4321,41094,40653,・,・,23591,17503,2568,-,-,-,-,-,-,-,-,-,-,16,298,4321,41094,40653,・,・,23591,17503,2568
Siheung 1(il)-dong,Geumcheon-gu,32,690,17394,123339,123636,・,・,84968,38371,25899,-,-,-,-,-,-,-,-,-,-,32,690,17394,123339,123636,・,・,84968,38371,25899
Siheung 2(i)-dong,Geumcheon-gu,-,-,-,-,-,・,・,-,-,-,-,-,-,-,-,-,-,-,-,-,-,-,-,-,-,・,・,-,-,-
Siheung 3(sam)-dong,Geumcheon-gu,7,122,3290,13633,13626,・,・,4994,8639,5339,-,-,-,-,-,-,-,-,-,-,7,122,3290,13633,13626,・,・,4994,8639,5339
Siheung 4(sa)-dong,Geumcheon-gu,4,51,443,1438,1418,・,・,436,1002,283,-,-,-,-,-,-,-,-,-,-,4,51,443,1438,1418,・,・,436,1002,283
Siheung 5(o)-dong,Geumcheon-gu,3,69,1292,5467,5433,・,・,3250,2217,137,-,-,-,-,-,-,-,-,-,-,3,69,1292,5467,5433,・,・,3250,2217,137
Yeouido-dong,Yeongdeungpo-gu,5,195,5025,16305,16305,・,・,7321,8984,536,-,-,-,-,-,-,-,-,-,-,5,195,5025,16305,16305,・,・,7321,8984,536
Dangsan 1(il)-dong,Yeongdeungpo-gu,8,211,5015,26426,26330,・,・,15868,10558,2837,-,-,-,-,-,-,-,-,-,-,8,211,5015,26426,26330,・,・,15868,10558,2837
Dangsan2(i)-dong,Yeongdeungpo-gu,8,236,7315,63280,63339,・,・,39468,23812,23277,-,-,-,-,-,-,-,-,-,-,8,236,7315,63280,63339,・,・,39468,23812,23277
Yangpyeong 1(il)-dong,Yeongdeungpo-gu,25,511,15930,120495,119871,・,・,66500,53995,21393,-,-,-,-,-,-,-,-,-,-,25,511,15930,120495,119871,・,・,66500,53995,21393
Yangpyeong 2(i)-dong,Yeongdeungpo-gu,32,1243,45184,706415,698002,・,・,362859,343556,424083,-,-,-,-,-,-,-,-,-,-,32,1243,45184,706415,698002,・,・,362859,343556,424083
Singil 1(il)-dong,Yeongdeungpo-gu,-,-,-,-,-,・,・,-,-,-,-,-,-,-,-,-,-,-,-,-,-,-,-,-,-,・,・,-,-,-
Singil 3(sam)-dong,Yeongdeungpo-gu,1,X,X,X,X,・,・,X,X,X,-,-,-,-,-,-,-,-,-,-,1,X,X,X,X,・,・,X,X,X
Singil 4(sa)-dong,Yeongdeungpo-gu,1,X,X,X,X,・,・,X,X,X,-,-,-,-,-,-,-,-,-,-,1,X,X,X,X,・,・,X,X,X
Singil 5(o)-dong,Yeongdeungpo-gu,-,-,-,-,-,・,・,-,-,-,-,-,-,-,-,-,-,-,-,-,-,-,-,-,-,・,・,-,-,-
Singil 6(yuk)-dong,Yeongdeungpo-gu,1,X,X,X,X,・,・,X,X,X,-,-,-,-,-,-,-,-,-,-,1,X,X,X,X,・,・,X,X,X
Singil 7(chil)-dong,Yeongdeungpo-gu,1,X,X,X,X,・,・,X,X,X,-,-,-,-,-,-,-,-,-,-,1,X,X,X,X,・,・,X,X,X
Daerim 1(il)-dong,Yeongdeungpo-gu,2,X,X,X,X,・,・,X,X,X,-,-,-,-,-,-,-,-,-,-,2,X,X,X,X,・,・,X,X,X
Daerim 2(i)-dong,Yeongdeungpo-gu,1,X,X,X,X,・,・,X,X,X,-,-,-,-,-,-,-,-,-,-,1,X,X,X,X,・,・,X,X,X
Daerim 3(sam)-dong,Yeongdeungpo-gu,22,394,6110,36586,36616,・,・,21971,14615,12151,-,-,-,-,-,-,-,-,-,-,22,394,6110,36586,36616,・,・,21971,14615,12151
Yeongdeungpobon-dong,Yeongdeungpo-gu,2,X,X,X,X,・,・,X,X,X,-,-,-,-,-,-,-,-,-,-,2,X,X,X,X,・,・,X,X,X
Yeongdeungpo-dong,Yeongdeungpo-gu,17,346,10896,138352,128817,・,・,83677,54675,45155,-,-,-,-,-,-,-,-,-,-,17,346,10896,138352,128817,・,・,83677,54675,45155
Dorim-dong,Yeongdeungpo-gu,2,X,X,X,X,・,・,X,X,X,-,-,-,-,-,-,-,-,-,-,2,X,X,X,X,・,・,X,X,X
Mullae-dong,Yeongdeungpo-gu,63,1660,58338,673222,673298,・,・,474133,199089,87708,-,-,-,-,-,-,-,-,-,-,63,1660,58338,673222,673298,・,・,474133,199089,87708
Noryangjin 2(i)-dong,Dongjak-gu,1,X,X,X,X,・,・,X,X,X,-,-,-,-,-,-,-,-,-,-,1,X,X,X,X,・,・,X,X,X
Sangdo 1(il)-dong,Dongjak-gu,3,81,1914,16809,16638,・,・,12644,4165,744,-,-,-,-,-,-,-,-,-,-,3,81,1914,16809,16638,・,・,12644,4165,744
Sangdo 2(i)-dong,Dongjak-gu,4,46,597,2030,2071,・,・,1010,1020,245,-,-,-,-,-,-,-,-,-,-,4,46,597,2030,2071,・,・,1010,1020,245
Sangdo 3(sam)-dong,Dongjak-gu,2,X,X,X,X,・,・,X,X,X,-,-,-,-,-,-,-,-,-,-,2,X,X,X,X,・,・,X,X,X
Sangdo 4(sa)-dong,Dongjak-gu,2,X,X,X,X,・,・,X,X,X,-,-,-,-,-,-,-,-,-,-,2,X,X,X,X,・,・,X,X,X
Sadang 1(il)-dong,Dongjak-gu,-,-,-,-,-,・,・,-,-,-,-,-,-,-,-,-,-,-,-,-,-,-,-,-,-,・,・,-,-,-
Sadang 3(sam)-dong,Dongjak-gu,1,X,X,X,X,・,・,X,X,X,-,-,-,-,-,-,-,-,-,-,1,X,X,X,X,・,・,X,X,X
Sadang 4(sa)-dong,Dongjak-gu,2,X,X,X,X,・,・,X,X,X,-,-,-,-,-,-,-,-,-,-,2,X,X,X,X,・,・,X,X,X
Sadang 5(o)-dong,Dongjak-gu,-,-,-,-,-,・,・,-,-,-,-,-,-,-,-,-,-,-,-,-,-,-,-,-,-,・,・,-,-,-
Daebang-dong,Dongjak-gu,5,127,2164,7931,8147,・,・,4560,3371,7600,-,-,-,-,-,-,-,-,-,-,5,127,2164,7931,8147,・,・,4560,3371,7600
Sindaebang 1(il)-dong,Dongjak-gu,3,82,3252,10560,10560,・,・,374,10186,44258,1,X,X,X,X,X,X,X,X,X,2,X,X,X,X,・,・,X,X,X
Sindaebang 2(i)-dong,Dongjak-gu,7,135,1763,7185,6991,・,・,2917,4268,121,-,-,-,-,-,-,-,-,-,-,7,135,1763,7185,6991,・,・,2917,4268,121
Heukseok-dong,Dongjak-gu,1,X,X,X,X,・,・,X,X,X,-,-,-,-,-,-,-,-,-,-,1,X,X,X,X,・,・,X,X,X
Noryangjin 1(il)-dong,Dongjak-gu,-,-,-,-,-,・,・,-,-,-,-,-,-,-,-,-,-,-,-,-,-,-,-,-,-,・,・,-,-,-
Sadang 2(i)-dong,Dongjak-gu,4,154,3189,8548,8412,・,・,3025,5523,7574,-,-,-,-,-,-,-,-,-,-,4,154,3189,8548,8412,・,・,3025,5523,7574
Boramae-dong,Gwanak-gu,2,X,X,X,X,・,・,X,X,X,-,-,-,-,-,-,-,-,-,-,2,X,X,X,X,・,・,X,X,X
Cheongnim-dong,Gwanak-gu,-,-,-,-,-,・,・,-,-,-,-,-,-,-,-,-,-,-,-,-,-,-,-,-,-,・,・,-,-,-
Haengun-dong,Gwanak-gu,5,351,1403,4596,4649,・,・,3021,1575,289,-,-,-,-,-,-,-,-,-,-,5,351,1403,4596,4649,・,・,3021,1575,289
Nagseongdae-dong,Gwanak-gu,7,111,1629,11566,11564,・,・,8127,3439,341,-,-,-,-,-,-,-,-,-,-,7,111,1629,11566,11564,・,・,8127,3439,341
Jungang-dong,Gwanak-gu,-,-,-,-,-,・,・,-,-,-,-,-,-,-,-,-,-,-,-,-,-,-,-,-,-,・,・,-,-,-
Inheon-dong,Gwanak-gu,5,250,5981,113982,113082,・,・,50740,63242,22270,-,-,-,-,-,-,-,-,-,-,5,250,5981,113982,113082,・,・,50740,63242,22270
Namhyeon-dong,Gwanak-gu,2,X,X,X,X,・,・,X,X,X,-,-,-,-,-,-,-,-,-,-,2,X,X,X,X,・,・,X,X,X
Sewon-dong,Gwanak-gu,3,50,525,9448,9430,・,・,6263,3185,397,-,-,-,-,-,-,-,-,-,-,3,50,525,9448,9430,・,・,6263,3185,397
Sinwon-dong,Gwanak-gu,1,X,X,X,X,・,・,X,X,X,-,-,-,-,-,-,-,-,-,-,1,X,X,X,X,・,・,X,X,X
Serim-dong,Gwanak-gu,-,-,-,-,-,・,・,-,-,-,-,-,-,-,-,-,-,-,-,-,-,-,-,-,-,・,・,-,-,-
Sinsa-dong,Gwanak-gu,10,126,381,6236,6236,・,・,4669,1567,403,-,-,-,-,-,-,-,-,-,-,10,126,381,6236,6236,・,・,4669,1567,403
Sillim-dong,Gwanak-gu,1,X,X,X,X,・,・,X,X,X,-,-,-,-,-,-,-,-,-,-,1,X,X,X,X,・,・,X,X,X
Nanhyang-dong,Gwanak-gu,4,276,5157,41521,41539,・,・,31243,10278,7639,-,-,-,-,-,-,-,-,-,-,4,276,5157,41521,41539,・,・,31243,10278,7639
Jowon-dong,Gwanak-gu,13,177,1712,12477,12482,・,・,8329,4148,704,-,-,-,-,-,-,-,-,-,-,13,177,1712,12477,12482,・,・,8329,4148,704
Daehak-dong,Gwanak-gu,3,45,751,3157,3247,・,・,1565,1592,738,-,-,-,-,-,-,-,-,-,-,3,45,751,3157,3247,・,・,1565,1592,738
Euncheon-dong,Gwanak-gu,10,181,2225,10772,10701,・,・,5756,5016,4988,-,-,-,-,-,-,-,-,-,-,10,181,2225,10772,10701,・,・,5756,5016,4988
Seonghyeon-dong,Gwanak-gu,2,X,X,X,X,・,・,X,X,X,-,-,-,-,-,-,-,-,-,-,2,X,X,X,X,・,・,X,X,X
Cheongnyong-dong,Gwanak-gu,3,51,413,2679,2679,・,・,1682,997,52,-,-,-,-,-,-,-,-,-,-,3,51,413,2679,2679,・,・,1682,997,52
Nangok-dong,Gwanak-gu,-,-,-,-,-,・,・,-,-,-,-,-,-,-,-,-,-,-,-,-,-,-,-,-,-,・,・,-,-,-
Samseong-dong,Gwanak-gu,2,X,X,X,X,・,・,X,X,X,-,-,-,-,-,-,-,-,-,-,2,X,X,X,X,・,・,X,X,X
Miseong-dong,Gwanak-gu,11,154,964,6482,6482,・,・,3863,2619,274,-,-,-,-,-,-,-,-,-,-,11,154,964,6482,6482,・,・,3863,2619,274
Seocho 1(il)-dong,Seocho-gu,10,172,6802,51651,51326,・,・,33906,17745,8014,-,-,-,-,-,-,-,-,-,-,10,172,6802,51651,51326,・,・,33906,17745,8014
Seocho 2(i)-dong,Seocho-gu,3,439,17206,222570,216871,・,・,89081,133489,35467,-,-,-,-,-,-,-,-,-,-,3,439,17206,222570,216871,・,・,89081,133489,35467
Seocho 3(sam)-dong,Seocho-gu,18,1071,27709,468921,464950,・,・,213257,255664,35004,-,-,-,-,-,-,-,-,-,-,18,1071,27709,468921,464950,・,・,213257,255664,35004
Seocho 4(sa)-dong,Seocho-gu,3,138,2554,28018,30885,・,・,8083,19935,7503,-,-,-,-,-,-,-,-,-,-,3,138,2554,28018,30885,・,・,8083,19935,7503
Jamwon-dong,Seocho-gu,2,X,X,X,X,・,・,X,X,X,-,-,-,-,-,-,-,-,-,-,2,X,X,X,X,・,・,X,X,X
Banpobon-dong,Seocho-gu,-,-,-,-,-,・,・,-,-,-,-,-,-,-,-,-,-,-,-,-,-,-,-,-,-,・,・,-,-,-
Banpo 1(il)-dong,Seocho-gu,3,56,1747,9862,9856,・,・,5002,4860,404,-,-,-,-,-,-,-,-,-,-,3,56,1747,9862,9856,・,・,5002,4860,404
Banpo 2(i)-dong,Seocho-gu,-,-,-,-,-,・,・,-,-,-,-,-,-,-,-,-,-,-,-,-,-,-,-,-,-,・,・,-,-,-
Banpo 3(sam)-dong,Seocho-gu,-,-,-,-,-,・,・,-,-,-,-,-,-,-,-,-,-,-,-,-,-,-,-,-,-,・,・,-,-,-
Banpo 4(sa)-dong,Seocho-gu,1,X,X,X,X,・,・,X,X,X,-,-,-,-,-,-,-,-,-,-,1,X,X,X,X,・,・,X,X,X
Bangbaebon-dong,Seocho-gu,2,X,X,X,X,・,・,X,X,X,-,-,-,-,-,-,-,-,-,-,2,X,X,X,X,・,・,X,X,X
Bangbae 1(il)-dong,Seocho-gu,5,81,2548,29878,31300,・,・,23897,5981,274,-,-,-,-,-,-,-,-,-,-,5,81,2548,29878,31300,・,・,23897,5981,274
Bangbae 2(i)-dong,Seocho-gu,-,-,-,-,-,・,・,-,-,-,-,-,-,-,-,-,-,-,-,-,-,-,-,-,-,・,・,-,-,-
Bangbae 3(sam)-dong,Seocho-gu,2,X,X,X,X,・,・,X,X,X,-,-,-,-,-,-,-,-,-,-,2,X,X,X,X,・,・,X,X,X
Bangbae 4(sa)-dong,Seocho-gu,6,144,3624,65117,64140,・,・,36464,28653,63539,-,-,-,-,-,-,-,-,-,-,6,144,3624,65117,64140,・,・,36464,28653,63539
Yangjae 1(il)-dong,Seocho-gu,5,174,5766,104588,107249,・,・,47054,57534,12775,-,-,-,-,-,-,-,-,-,-,5,174,5766,104588,107249,・,・,47054,57534,12775
Yangjae 2(i)-dong,Seocho-gu,15,403,10483,142516,135645,・,・,103360,39156,3337,-,-,-,-,-,-,-,-,-,-,15,403,10483,142516,135645,・,・,103360,39156,3337
Naegok-dong,Seocho-gu,1,X,X,X,X,・,・,X,X,X,-,-,-,-,-,-,-,-,-,-,1,X,X,X,X,・,・,X,X,X
Sinsa-dong,Gangnam-gu,14,512,14551,152144,151428,・,・,69208,82936,7536,-,-,-,-,-,-,-,-,-,-,14,512,14551,152144,151428,・,・,69208,82936,7536
Nonhyeon 1(il)-dong,Gangnam-gu,9,513,17220,413040,412567,・,・,98582,314458,18289,-,-,-,-,-,-,-,-,-,-,9,513,17220,413040,412567,・,・,98582,314458,18289
Nonhyeon 2(i)-dong,Gangnam-gu,11,555,21177,346975,344044,・,・,137983,208992,21918,-,-,-,-,-,-,-,-,-,-,11,555,21177,346975,344044,・,・,137983,208992,21918
Samseong 1(il)-dong,Gangnam-gu,5,406,9228,52652,52402,・,・,15757,36895,3510,-,-,-,-,-,-,-,-,-,-,5,406,9228,52652,52402,・,・,15757,36895,3510
Samseong 2(i)-dong,Gangnam-gu,6,126,4711,94439,94985,・,・,80261,14178,3375,-,-,-,-,-,-,-,-,-,-,6,126,4711,94439,94985,・,・,80261,14178,3375
Daechi 1(il)-dong,Gangnam-gu,-,-,-,-,-,・,・,-,-,-,-,-,-,-,-,-,-,-,-,-,-,-,-,-,-,・,・,-,-,-
Daechi 4(sa)-dong,Gangnam-gu,2,X,X,X,X,・,・,X,X,X,-,-,-,-,-,-,-,-,-,-,2,X,X,X,X,・,・,X,X,X
Yeoksam 1(il)-dong,Gangnam-gu,18,936,36464,458955,451749,・,・,250620,208335,114019,-,-,-,-,-,-,-,-,-,-,18,936,36464,458955,451749,・,・,250620,208335,114019
Yeoksam 2(i)-dong,Gangnam-gu,7,862,42124,620697,566595,・,・,259468,361229,77388,-,-,-,-,-,-,-,-,-,-,7,862,42124,620697,566595,・,・,259468,361229,77388
Dogok 1(il)-dong,Gangnam-gu,1,X,X,X,X,・,・,X,X,X,-,-,-,-,-,-,-,-,-,-,1,X,X,X,X,・,・,X,X,X
Dogok 2(i)-dong,Gangnam-gu,4,146,5230,36005,33603,・,・,19575,16430,1783,-,-,-,-,-,-,-,-,-,-,4,146,5230,36005,33603,・,・,19575,16430,1783
Gaepo 1(il)-dong,Gangnam-gu,-,-,-,-,-,・,・,-,-,-,-,-,-,-,-,-,-,-,-,-,-,-,-,-,-,・,・,-,-,-
Gaepo 4(sa)-dong,Gangnam-gu,5,61,2589,37387,36080,・,・,28396,8991,371,-,-,-,-,-,-,-,-,-,-,5,61,2589,37387,36080,・,・,28396,8991,371
Irwonbon-dong,Gangnam-gu,-,-,-,-,-,・,・,-,-,-,-,-,-,-,-,-,-,-,-,-,-,-,-,-,-,・,・,-,-,-
Irwon 1(il)-dong,Gangnam-gu,1,X,X,X,X,・,・,X,X,X,-,-,-,-,-,-,-,-,-,-,1,X,X,X,X,・,・,X,X,X
Irwon 2(i)-dong,Gangnam-gu,-,-,-,-,-,・,・,-,-,-,-,-,-,-,-,-,-,-,-,-,-,-,-,-,-,・,・,-,-,-
Suseo-dong,Gangnam-gu,3,84,853,1909,1909,・,・,696,1213,348,-,-,-,-,-,-,-,-,-,-,3,84,853,1909,1909,・,・,696,1213,348
Segok-dong,Gangnam-gu,1,X,X,X,X,・,・,X,X,X,-,-,-,-,-,-,-,-,-,-,1,X,X,X,X,・,・,X,X,X
Apgujeong -dong,Gangnam-gu,12,902,33923,393622,392662,・,・,173340,220282,268990,-,-,-,-,-,-,-,-,-,-,12,902,33923,393622,392662,・,・,173340,220282,268990
Cheongdam -dong,Gangnam-gu,20,1488,64170,822533,804459,・,・,298522,524011,318712,-,-,-,-,-,-,-,-,-,-,20,1488,64170,822533,804459,・,・,298522,524011,318712
Daechi 2(i)-dong,Gangnam-gu,11,883,39876,596940,578719,・,・,260190,336750,109822,-,-,-,-,-,-,-,-,-,-,11,883,39876,596940,578719,・,・,260190,336750,109822
Gaepo 2(i)-dong,Gangnam-gu,-,-,-,-,-,・,・,-,-,-,-,-,-,-,-,-,-,-,-,-,-,-,-,-,-,・,・,-,-,-
Pungnap 1(il)-dong,Songpa-gu,4,127,3215,54025,51558,・,・,28195,25830,12748,-,-,-,-,-,-,-,-,-,-,4,127,3215,54025,51558,・,・,28195,25830,12748
Pungnap 2(i)-dong,Songpa-gu,3,126,1924,36790,36728,・,・,22936,13854,38573,-,-,-,-,-,-,-,-,-,-,3,126,1924,36790,36728,・,・,22936,13854,38573
Geoyeo 1(il)-dong,Songpa-gu,1,X,X,X,X,・,・,X,X,X,-,-,-,-,-,-,-,-,-,-,1,X,X,X,X,・,・,X,X,X
Geoyeo 2(i)-dong,Songpa-gu,1,X,X,X,X,・,・,X,X,X,-,-,-,-,-,-,-,-,-,-,1,X,X,X,X,・,・,X,X,X
Macheon 1(il)-dong,Songpa-gu,2,X,X,X,X,・,・,X,X,X,-,-,-,-,-,-,-,-,-,-,2,X,X,X,X,・,・,X,X,X
Macheon 2(i)-dong,Songpa-gu,6,111,3224,27458,27188,・,・,17253,10205,5361,-,-,-,-,-,-,-,-,-,-,6,111,3224,27458,27188,・,・,17253,10205,5361
Bangi 1(il)-dong,Songpa-gu,9,395,10357,117249,114695,・,・,76431,40818,18650,-,-,-,-,-,-,-,-,-,-,9,395,10357,117249,114695,・,・,76431,40818,18650
Bangi 2(i)-dong,Songpa-gu,10,562,23360,351030,344792,・,・,203728,147302,18480,-,-,-,-,-,-,-,-,-,-,10,562,23360,351030,344792,・,・,203728,147302,18480
Oryun-dong,Songpa-gu,-,-,-,-,-,・,・,-,-,-,-,-,-,-,-,-,-,-,-,-,-,-,-,-,-,・,・,-,-,-
Ogeum-dong,Songpa-gu,12,372,12008,153624,162348,・,・,76640,76984,7732,-,-,-,-,-,-,-,-,-,-,12,372,12008,153624,162348,・,・,76640,76984,7732
Songpa 1(il)-dong,Songpa-gu,5,150,5332,84517,90645,・,・,52663,31854,3504,-,-,-,-,-,-,-,-,-,-,5,150,5332,84517,90645,・,・,52663,31854,3504
Songpa 2(i)-dong,Songpa-gu,3,127,6183,40795,40875,・,・,24341,16454,8699,-,-,-,-,-,-,-,-,-,-,3,127,6183,40795,40875,・,・,24341,16454,8699
Seokchon-dong,Songpa-gu,4,211,7585,101528,99070,・,・,41781,59747,11825,-,-,-,-,-,-,-,-,-,-,4,211,7585,101528,99070,・,・,41781,59747,11825
Samjeon-dong,Songpa-gu,6,131,5516,45213,45893,・,・,29853,15360,4562,-,-,-,-,-,-,-,-,-,-,6,131,5516,45213,45893,・,・,29853,15360,4562
Garakbon-dong,Songpa-gu,16,952,38150,428982,422564,・,・,257431,171551,40568,-,-,-,-,-,-,-,-,-,-,16,952,38150,428982,422564,・,・,257431,171551,40568
Garak 1(il)-dong,Songpa-gu,1,X,X,X,X,・,・,X,X,X,-,-,-,-,-,-,-,-,-,-,1,X,X,X,X,・,・,X,X,X
Garak 2(i)-dong,Songpa-gu,9,596,28114,338787,331147,・,・,193930,144857,45709,-,-,-,-,-,-,-,-,-,-,9,596,28114,338787,331147,・,・,193930,144857,45709
Munjeong 1(il)-dong,Songpa-gu,6,180,7063,38547,38145,・,・,30726,7821,22306,-,-,-,-,-,-,-,-,-,-,6,180,7063,38547,38145,・,・,30726,7821,22306
Munjeong 2(i)-dong,Songpa-gu,3,74,3737,55670,55381,・,・,30912,24758,13262,-,-,-,-,-,-,-,-,-,-,3,74,3737,55670,55381,・,・,30912,24758,13262
Jangji-dong,Songpa-gu,5,85,1925,21344,21320,・,・,15692,5652,4349,-,-,-,-,-,-,-,-,-,-,5,85,1925,21344,21320,・,・,15692,5652,4349
Jamsilbon-dong,Songpa-gu,12,233,6600,51671,54854,・,・,32682,18989,6925,-,-,-,-,-,-,-,-,-,-,12,233,6600,51671,54854,・,・,32682,18989,6925
Jamsil 4(sa)-dong,Songpa-gu,-,-,-,-,-,・,・,-,-,-,-,-,-,-,-,-,-,-,-,-,-,-,-,-,-,・,・,-,-,-
Jamsil 6(yuk)-dong,Songpa-gu,1,X,X,X,X,・,・,X,X,X,-,-,-,-,-,-,-,-,-,-,1,X,X,X,X,・,・,X,X,X
Jamsil 7(chil)-dong,Songpa-gu,-,-,-,-,-,・,・,-,-,-,-,-,-,-,-,-,-,-,-,-,-,-,-,-,-,・,・,-,-,-
Jamsil 2(i)-dong,Songpa-gu,-,-,-,-,-,・,・,-,-,-,-,-,-,-,-,-,-,-,-,-,-,-,-,-,-,・,・,-,-,-
Jamsil 3(sam)-dong,Songpa-gu,-,-,-,-,-,・,・,-,-,-,-,-,-,-,-,-,-,-,-,-,-,-,-,-,-,・,・,-,-,-
Gangil-dong,Gangdong-gu,1,X,X,X,X,・,・,X,X,X,-,-,-,-,-,-,-,-,-,-,1,X,X,X,X,・,・,X,X,X
Sangil-dong,Gangdong-gu,1,X,X,X,X,・,・,X,X,X,-,-,-,-,-,-,-,-,-,-,1,X,X,X,X,・,・,X,X,X
Myeongil 1(il)-dong,Gangdong-gu,2,X,X,X,X,・,・,X,X,X,-,-,-,-,-,-,-,-,-,-,2,X,X,X,X,・,・,X,X,X
Myeongil 2(i)-dong,Gangdong-gu,2,X,X,X,X,・,・,X,X,X,-,-,-,-,-,-,-,-,-,-,2,X,X,X,X,・,・,X,X,X
Godeok 1(il)-dong,Gangdong-gu,-,-,-,-,-,・,・,-,-,-,-,-,-,-,-,-,-,-,-,-,-,-,-,-,-,・,・,-,-,-
Godeok 2(i)-dong,Gangdong-gu,1,X,X,X,X,・,・,X,X,X,-,-,-,-,-,-,-,-,-,-,1,X,X,X,X,・,・,X,X,X
Amsa 2(i)-dong,Gangdong-gu,2,X,X,X,X,・,・,X,X,X,-,-,-,-,-,-,-,-,-,-,2,X,X,X,X,・,・,X,X,X
Amsa 3(sam)-dong,Gangdong-gu,-,-,-,-,-,・,・,-,-,-,-,-,-,-,-,-,-,-,-,-,-,-,-,-,-,・,・,-,-,-
Cheonho 1(il)-dong,Gangdong-gu,4,73,2103,18147,17749,・,・,12503,5644,459,-,-,-,-,-,-,-,-,-,-,4,73,2103,18147,17749,・,・,12503,5644,459
Cheonho 3(sam)-dong,Gangdong-gu,2,X,X,X,X,・,・,X,X,X,-,-,-,-,-,-,-,-,-,-,2,X,X,X,X,・,・,X,X,X
Seongnae 1(il)-dong,Gangdong-gu,18,670,27875,313219,301393,・,・,117375,195844,66527,-,-,-,-,-,-,-,-,-,-,18,670,27875,313219,301393,・,・,117375,195844,66527
Seongnae 2(i)-dong,Gangdong-gu,11,190,4085,44787,43793,・,・,13544,31243,8274,-,-,-,-,-,-,-,-,-,-,11,190,4085,44787,43793,・,・,13544,31243,8274
Seongnae 3(sam)-dong,Gangdong-gu,12,156,4153,19707,19651,・,・,12445,7262,867,-,-,-,-,-,-,-,-,-,-,12,156,4153,19707,19651,・,・,12445,7262,867
Dunchon 1(il)-dong,Gangdong-gu,1,X,X,X,X,・,・,X,X,X,-,-,-,-,-,-,-,-,-,-,1,X,X,X,X,・,・,X,X,X
Dunchon 2(i)-dong,Gangdong-gu,6,783,29593,640174,640202,・,・,422234,217940,146845,-,-,-,-,-,-,-,-,-,-,6,783,29593,640174,640202,・,・,422234,217940,146845
Amsa 1(il)-dong,Gangdong-gu,6,65,1364,4374,4374,・,・,1820,2554,2234,-,-,-,-,-,-,-,-,-,-,6,65,1364,4374,4374,・,・,1820,2554,2234
Cheonho 2(i)-dong,Gangdong-gu,10,129,2882,15530,15122,・,・,9138,6392,896,-,-,-,-,-,-,-,-,-,-,10,129,2882,15530,15122,・,・,9138,6392,896
Gil-dong,Gangdong-gu,21,480,11491,111889,109594,・,・,67187,44702,25180,-,-,-,-,-,-,-,-,-,-,21,480,11491,111889,109594,・,・,67187,44702,25180
