Dong,산업_출판인쇄및기록매체복제업_Gu_Gu,"산업_출판인쇄및기록매체복제업_Publishing of books,brochures, musical booksand other publications_Establish-ments","산업_출판인쇄및기록매체복제업_Publishing of books,brochures, musical booksand other publications_Employees","산업_출판인쇄및기록매체복제업_Publishing of newspapers,journals and periodicals_Establish-ments","산업_출판인쇄및기록매체복제업_Publishing of newspapers,journals and periodicals_Employees",산업_출판인쇄및기록매체복제업_Audio publishing and original master recordings_Establish-ments,산업_출판인쇄및기록매체복제업_Audio publishing and original master recordings_Employees,산업_출판인쇄및기록매체복제업_Otherpublishing_Establish-ments,산업_출판인쇄및기록매체복제업_Otherpublishing_Employees,산업_출판인쇄및기록매체복제업_Printing_Establish-ments,산업_출판인쇄및기록매체복제업_Printing_Employees,산업_출판인쇄및기록매체복제업_Service activities related to printing_Establish-ments,산업_출판인쇄및기록매체복제업_Service activities related to printing_Employees,산업_출판인쇄및기록매체복제업_Reproduction of recorded media_Establish-ments,산업_출판인쇄및기록매체복제업_Reproduction of recorded media_Employees
Sajik-dong,Jongno-gu,56,344,32,488,3,8,-,-,17,89,1,1,-,-
Samcheong-dong,Jongno-gu,7,24,5,9,-,-,1,3,1,1,1,1,-,-
Buam-dong,Jongno-gu,4,13,-,-,-,-,-,-,1,4,-,-,-,-
Pyeongchang-dong,Jongno-gu,6,17,5,22,-,-,-,-,-,-,-,-,-,-
Muak-dong,Jongno-gu,1,1,-,-,-,-,-,-,2,6,-,-,-,-
Gyonam-dong,Jongno-gu,5,12,-,-,-,-,-,-,1,3,-,-,-,-
Gahoe-dong,Jongno-gu,8,31,1,4,-,-,-,-,2,7,1,1,-,-
Jongno 1·2·3·4(ilisamsa)-ga-dong,Jongno-gu,89,972,48,1357,5,10,3,10,64,288,10,26,-,-
Jongno 5·6(oryuk)-ga-dong,Jongno-gu,22,480,18,116,-,-,-,-,5,8,4,5,-,-
Ihwa-dong,Jongno-gu,15,167,10,34,1,1,-,-,1,2,2,31,-,-
Changsin 1(il)-dong,Jongno-gu,4,16,-,-,1,2,1,2,90,165,5,17,-,-
Sungin 1(il)-dong,Jongno-gu,2,4,1,1,1,2,-,-,2,8,-,-,-,-
Sungin 2(i)-dong,Jongno-gu,8,10,4,8,-,-,-,-,8,14,1,3,-,-
Cheongunhyoja-dong,Jongno-gu,7,20,3,17,-,-,1,2,2,11,1,2,-,-
Hyehwa-dong,Jongno-gu,14,294,3,38,-,-,-,-,1,2,-,-,-,-
Sogong-dong,Jung-gu,5,21,24,2491,-,-,-,-,7,72,2,51,-,-
Hoehyeon-dong,Jung-gu,1,11,-,-,-,-,1,3,13,29,2,4,-,-
Myeong-dong,Jung-gu,18,1034,39,1639,3,3,6,28,125,401,15,54,-,-
Pil-dong,Jung-gu,23,110,24,570,2,13,8,23,840,3612,168,643,1,1
Jangchung-dong,Jung-gu,11,51,3,230,2,19,1,5,47,177,9,36,-,-
Gwanghui-dong ,Jung-gu,24,89,15,105,3,3,4,9,1397,3447,504,1060,2,2
Euljiro-dong,Jung-gu,38,105,9,258,1,2,19,72,1870,4473,402,917,1,3
Sindang 5(o)-dong,Jung-gu,1,2,5,7,1,1,-,-,3,10,2,3,-,-
Hwanghak-dong,Jung-gu,-,-,-,-,-,-,-,-,2,3,-,-,-,-
Jungnim-dong,Jung-gu,10,267,5,679,-,-,-,-,1,5,2,3,-,-
Sindang-dong,Jung-gu,2,15,1,2,-,-,-,-,8,18,2,5,-,-
Dasan-dong,Jung-gu,9,118,6,32,-,-,-,-,5,19,2,7,-,-
Yaksu-dong,Jung-gu,1,1,-,-,-,-,-,-,1,1,-,-,1,1
Cheonggu-dong,Jung-gu,5,21,5,22,1,1,1,12,8,30,-,-,-,-
Donghwa-dong,Jung-gu,1,3,3,11,-,-,-,-,6,33,2,41,-,-
Huam-dong,Yongsan-gu,5,11,1,15,-,-,-,-,1,2,-,-,-,-
Yongsan 2-ga-dong,Yongsan-gu,-,-,1,1,-,-,-,-,-,-,-,-,-,-
Namyeong-dong,Yongsan-gu,15,45,9,52,-,-,1,1,4,11,1,18,-,-
Wonhyoro 2(i)-dong,Yongsan-gu,-,-,-,-,1,1,-,-,6,50,1,8,-,-
Hyochang-dong,Yongsan-gu,5,21,2,14,1,5,-,-,2,5,1,1,-,-
Yongmun-dong,Yongsan-gu,2,13,1,2,-,-,-,-,1,1,-,-,-,-
Ichon 1(il)-dong,Yongsan-gu,-,-,-,-,1,9,-,-,-,-,-,-,-,-
Ichon 2(i)-dong,Yongsan-gu,2,2,1,3,-,-,-,-,-,-,-,-,-,-
Itaewon 1(il)-dong,Yongsan-gu,1,2,2,13,2,4,-,-,1,3,-,-,-,-
Itaewon 2(i)-dong,Yongsan-gu,1,46,-,-,1,1,-,-,-,-,-,-,-,-
Seobinggo-dong,Yongsan-gu,-,-,1,200,1,1,1,5,2,14,-,-,-,-
Cheongpa-dong,Yongsan-gu,15,105,11,117,3,19,-,-,12,29,4,36,1,2
Wonhyoro 1(il)-dong,Yongsan-gu,19,80,8,38,-,-,-,-,34,109,17,95,1,6
Hangangno-dong,Yongsan-gu,13,111,29,496,-,-,1,1,8,35,3,10,-,-
Hannam-dong,Yongsan-gu,2,13,4,42,2,7,-,-,2,12,-,-,-,-
Wangsimni 2(i)-dong,Seongdong-gu,1,6,1,2,-,-,-,-,3,3,1,14,-,-
Majang-dong,Seongdong-gu,1,1,-,-,2,3,-,-,12,23,-,-,-,-
Sageun-dong,Seongdong-gu,1,1,1,4,-,-,-,-,3,4,-,-,-,-
Haengdang 1(il)-dong,Seongdong-gu,3,17,1,12,-,-,-,-,2,3,-,-,-,-
Eungbong-dong,Seongdong-gu,1,1,1,1,1,1,-,-,-,-,-,-,-,-
Geumho 1(il)-ga-dong,Seongdong-gu,3,4,-,-,-,-,-,-,1,1,-,-,-,-
Geumho 4(sa)-ga-dong,Seongdong-gu,-,-,-,-,-,-,-,-,2,9,-,-,-,-
Seongsu 1(il)-ga1(il)-dong,Seongdong-gu,-,-,1,1,1,2,-,-,12,230,6,36,-,-
Seongsu 1(il)-ga2(i)-dong,Seongdong-gu,4,24,4,42,3,12,-,-,47,391,6,116,1,3
Seongsu 2(i)-ga1(il)-dong,Seongdong-gu,2,28,1,9,-,-,-,-,32,281,16,111,-,-
Seongsu 2(i)-ga 3(sam)-dong,Seongdong-gu,22,190,7,63,3,9,1,2,220,2219,52,440,1,1
Songjeong-dong,Seongdong-gu,1,2,-,-,-,-,-,-,7,22,1,10,-,-
Yongdap-dong,Seongdong-gu,6,11,3,4,1,1,-,-,2,12,2,6,-,-
WangsimniDoseon-dong,Seongdong-gu,2,3,4,22,-,-,-,-,6,14,1,1,-,-
Oksu-dong,Seongdong-gu,-,-,2,14,1,1,-,-,-,-,-,-,1,1
Hwayang-dong,Gwangjin-gu,3,11,-,-,-,-,-,-,5,9,-,-,-,-
Gunja-dong,Gwangjin-gu,7,46,1,7,1,1,-,-,3,23,-,-,1,5
Junggok 1(il)-dong,Gwangjin-gu,3,9,2,31,-,-,-,-,10,44,-,-,1,7
Junggok 2(i)-dong,Gwangjin-gu,2,2,1,8,2,2,-,-,-,-,1,6,-,-
Junggok 3(sam)-dong,Gwangjin-gu,1,10,-,-,-,-,-,-,1,2,1,4,-,-
Junggok 4(sa)-dong,Gwangjin-gu,-,-,-,-,-,-,-,-,1,2,-,-,-,-
Neung-dong,Gwangjin-gu,3,11,3,51,-,-,-,-,2,10,-,-,-,-
Guui 1(il)-dong,Gwangjin-gu,9,21,3,14,3,5,-,-,4,7,2,6,-,-
Guui 2(i)-dong,Gwangjin-gu,5,33,2,15,1,2,-,-,-,-,-,-,-,-
Guui 3(sam)-dong,Gwangjin-gu,4,6,3,12,1,3,-,-,1,1,-,-,-,-
Gwangjang-dong,Gwangjin-gu,5,8,-,-,4,18,-,-,2,3,2,7,-,-
Jayang 1(il)-dong,Gwangjin-gu,7,27,-,-,1,2,-,-,5,17,-,-,-,-
Jayang 2(i)-dong,Gwangjin-gu,5,34,-,-,-,-,-,-,7,156,1,4,-,-
Jayang 3(sam)-dong,Gwangjin-gu,2,18,1,24,-,-,-,-,-,-,1,6,-,-
Jayang 4(sa)-dong,Gwangjin-gu,3,5,-,-,1,2,-,-,3,31,2,18,-,-
Hoegi-dong,Dongdaemun-gu,3,10,1,61,1,1,-,-,3,9,1,1,-,-
Hwigyeong 1(il)-dong,Dongdaemun-gu,1,2,1,3,1,1,-,-,1,2,-,-,-,-
Hwigyeong 2(i)-dong,Dongdaemun-gu,-,-,-,-,-,-,-,-,-,-,2,6,-,-
Cheongnyangni-dong,Dongdaemun-gu,3,9,-,-,-,-,-,-,2,2,-,-,-,-
Yongsin-dong,Dongdaemun-gu,42,123,5,21,3,7,-,-,10,17,6,39,-,-
Jegi-dong,Dongdaemun-gu,3,15,1,1,1,1,-,-,4,7,1,1,-,-
Jeonnong 1(il)-dong,Dongdaemun-gu,1,1,-,-,-,-,-,-,4,7,1,2,-,-
Jeonnong 2(i)-dong,Dongdaemun-gu,-,-,-,-,-,-,-,-,1,2,-,-,-,-
Dapsimni 1(il)-dong,Dongdaemun-gu,3,8,1,2,-,-,-,-,1,1,-,-,-,-
Dapsimni 2(i)-dong,Dongdaemun-gu,4,9,1,2,-,-,-,-,4,17,2,3,-,-
Jangan 1(il)-dong,Dongdaemun-gu,6,26,1,3,1,4,-,-,10,18,2,2,-,-
Jangan 2(i)-dong,Dongdaemun-gu,4,9,1,1,1,1,-,-,11,31,3,6,-,-
Imun 1(il)-dong,Dongdaemun-gu,1,1,1,1,-,-,-,-,-,-,2,4,-,-
Imun 2(i)-dong,Dongdaemun-gu,-,-,-,-,-,-,-,-,1,2,-,-,-,-
Myeonmok 2(i)-dong,Jungnang-gu,2,6,-,-,2,3,-,-,11,24,3,6,-,-
Myeonmok 4(sa)-dong,Jungnang-gu,1,1,1,3,-,-,-,-,2,3,-,-,-,-
Myeonmok 5(o)-dong,Jungnang-gu,-,-,-,-,1,2,-,-,3,6,-,-,-,-
Myeonmok 7(chil)-dong,Jungnang-gu,-,-,-,-,-,-,-,-,3,8,1,3,-,-
Sangbong 1(il)-dong,Jungnang-gu,-,-,2,6,-,-,-,-,-,-,-,-,-,-
Sangbong 2(i)-dong,Jungnang-gu,2,3,1,2,-,-,-,-,3,6,-,-,2,6
Junghwa 1(il)-dong,Jungnang-gu,2,2,1,140,-,-,1,3,1,1,-,-,-,-
Junghwa 2(i)-dong,Jungnang-gu,1,1,1,13,-,-,-,-,2,4,1,3,-,-
Muk 1(il)-dong,Jungnang-gu,-,-,1,2,-,-,-,-,1,1,-,-,-,-
Muk 2(i)-dong,Jungnang-gu,-,-,-,-,-,-,-,-,3,6,-,-,-,-
Mangu 3(sam)-dong,Jungnang-gu,-,-,1,5,-,-,-,-,1,1,-,-,-,-
Sinnae 1(il)-dong,Jungnang-gu,2,4,-,-,-,-,-,-,1,3,-,-,-,-
Myeonmokbon-dong,Jungnang-gu,1,10,-,-,-,-,-,-,3,6,1,2,-,-
Myeonmok 3.8(sam.pal)-dong,Jungnang-gu,1,1,-,-,-,-,-,-,5,11,-,-,-,-
Mangubon-dong,Jungnang-gu,5,22,-,-,1,1,-,-,7,7,-,-,1,1
Donam 1(il)-dong,Seongbuk_gu,-,-,-,-,-,-,-,-,2,4,-,-,-,-
Anam-dong,Seongbuk_gu,6,54,1,1,-,-,-,-,2,12,1,2,-,-
Bomun-dong,Seongbuk_gu,8,26,1,1,-,-,-,-,2,2,1,3,-,-
Jeongneung 1(il)-dong,Seongbuk_gu,2,2,-,-,-,-,-,-,1,2,2,4,-,-
Jeongneung 2(i)-dong,Seongbuk_gu,-,-,2,2,-,-,-,-,2,10,-,-,-,-
Jeongneung 3(sam)-dong,Seongbuk_gu,3,16,-,-,-,-,-,-,1,3,1,6,-,-
Gireum 1(il)-dong,Seongbuk_gu,1,1,-,-,-,-,-,-,-,-,-,-,-,-
Gireum 2(i)-dong,Seongbuk_gu,1,3,1,3,-,-,-,-,2,3,-,-,-,-
Wolgok 1(il)-dong,Seongbuk_gu,-,-,-,-,-,-,1,1,1,2,-,-,-,-
Wolgok 2(i)-dong,Seongbuk_gu,1,2,-,-,-,-,-,-,1,2,-,-,-,-
Jangwi 1(il)-dong,Seongbuk_gu,-,-,-,-,-,-,-,-,2,4,-,-,-,-
Jangwi 2(i)-dong,Seongbuk_gu,-,-,-,-,-,-,-,-,3,3,1,3,-,-
Jangwi 3(sam)-dong,Seongbuk_gu,1,3,-,-,-,-,-,-,1,2,-,-,-,-
Seongbuk-dong,Seongbuk_gu,14,89,3,16,1,7,1,44,1,1,-,-,-,-
Samseon-dong,Seongbuk_gu,8,18,2,3,-,-,-,-,4,6,-,-,-,-
Dongseon-dong,Seongbuk_gu,5,225,5,22,3,13,1,4,-,-,1,11,-,-
Jongam-dong,Seongbuk_gu,1,7,1,1,1,1,1,1,1,2,1,1,-,-
Seokgwan-dong,Seongbuk_gu,-,-,1,2,-,-,-,-,2,3,2,4,-,-
Beon 1(il)-dong,Gangbuk-gu,3,4,1,5,-,-,-,-,3,3,-,-,-,-
Beon 2(i)-dong,Gangbuk-gu,1,31,-,-,-,-,-,-,2,2,-,-,-,-
Suyu 1(il)-dong,Gangbuk-gu,-,-,-,-,-,-,-,-,2,3,2,2,-,-
Suyu 2(i)-dong,Gangbuk-gu,3,23,-,-,1,1,-,-,-,-,-,-,-,-
Suyu 3(sam)-dong,Gangbuk-gu,2,7,1,2,1,1,1,2,3,4,1,8,-,-
Samyang-dong,Gangbuk-gu,-,-,-,-,-,-,-,-,1,1,-,-,-,-
Mia-dong,Gangbuk-gu,2,11,2,5,-,-,-,-,3,6,-,-,-,-
Songjung-dong,Gangbuk-gu,4,68,2,3,-,-,-,-,-,-,-,-,-,-
Songcheon-dong,Gangbuk-gu,3,22,2,12,2,3,-,-,3,4,-,-,-,-
Insu-dong,Gangbuk-gu,3,14,-,-,1,2,-,-,-,-,-,-,-,-
Ssangmun 1(il)-dong,Dobong-gu,1,1,-,-,-,-,-,-,1,4,-,-,-,-
Ssangmun 2(i)-dong,Dobong-gu,1,1,1,4,-,-,-,-,-,-,-,-,-,-
Ssangmun 3(sam)-dong,Dobong-gu,-,-,1,2,-,-,-,-,-,-,-,-,-,-
Ssangmun 4(sa)-dong,Dobong-gu,-,-,-,-,-,-,-,-,-,-,1,2,-,-
Banghak 1(il)-dong,Dobong-gu,2,2,-,-,-,-,-,-,3,4,-,-,-,-
Banghak 2(i)-dong,Dobong-gu,-,-,-,-,-,-,-,-,2,20,-,-,-,-
Chang 1(il)-dong,Dobong-gu,-,-,-,-,-,-,-,-,1,2,-,-,-,-
Chang 2(i)-dong,Dobong-gu,-,-,-,-,-,-,-,-,1,1,-,-,-,-
Chang 3(sam)-dong,Dobong-gu,1,1,1,1,-,-,-,-,1,1,-,-,-,-
Chang 4(sa)-dong,Dobong-gu,1,1,1,1,-,-,-,-,1,1,-,-,-,-
Chang 5(o)-dong,Dobong-gu,2,3,1,1,-,-,-,-,-,-,-,-,-,-
Dobong 1(il)-dong,Dobong-gu,1,2,-,-,-,-,-,-,1,2,-,-,-,-
Dobong 2(i)-dong,Dobong-gu,-,-,-,-,-,-,-,-,1,2,1,1,-,-
Wolgye 1(il)-dong,Nowon-gu,1,1,1,1,-,-,-,-,1,2,-,-,-,-
Gongneung 2(i)-dong,Nowon-gu,1,5,-,-,1,31,1,3,-,-,1,1,-,-
Junggyebon-dong,Nowon-gu,2,4,-,-,-,-,-,-,1,2,1,2,-,-
Junggye 1(il)-dong,Nowon-gu,-,-,-,-,-,-,-,-,-,-,1,1,-,-
Junggye 4(sa)-dong,Nowon-gu,-,-,1,3,-,-,-,-,1,2,-,-,-,-
Sanggye 1(il)-dong,Nowon-gu,1,10,-,-,-,-,-,-,-,-,-,-,-,-
Sanggye 2(i)-dong,Nowon-gu,2,8,-,-,-,-,-,-,3,8,-,-,-,-
Sanggye 5(o)-dong,Nowon-gu,-,-,1,5,-,-,-,-,3,6,-,-,-,-
Sanggye 10(sip)-dong,Nowon-gu,-,-,1,3,-,-,-,-,-,-,-,-,-,-
Sanggye 3.4(sam.sa)-dong,Nowon-gu,-,-,-,-,-,-,-,-,1,1,-,-,-,-
Sanggye 6.7(yuk.chil)-dong,Nowon-gu,1,9,2,6,-,-,-,-,3,3,1,3,-,-
Junggye 2.3(i.sam)-dong,Nowon-gu,1,2,-,-,-,-,-,-,1,1,-,-,-,-
Gongneung 1(il)-dong,Nowon-gu,4,11,-,-,1,1,1,1,3,4,1,2,-,-
Nokbeon-dong,Eunpyeong-gu,5,109,5,30,2,14,-,-,3,4,-,-,-,-
Bulgwang 1(il)-dong,Eunpyeong-gu,2,8,1,9,-,-,-,-,-,-,1,1,-,-
Galhyeon 1(il)-dong,Eunpyeong-gu,3,4,-,-,-,-,-,-,-,-,-,-,-,-
Galhyeon 2(i)-dong,Eunpyeong-gu,2,3,-,-,2,2,-,-,2,2,-,-,-,-
Gusan-dong,Eunpyeong-gu,1,1,-,-,-,-,-,-,2,3,-,-,-,-
Daejo-dong,Eunpyeong-gu,7,22,1,6,2,15,-,-,3,7,-,-,-,-
Eungam 1(il)-dong,Eunpyeong-gu,2,5,1,3,-,-,-,-,-,-,2,4,-,-
Eungam 2(i)-dong,Eunpyeong-gu,1,1,-,-,-,-,-,-,-,-,-,-,-,-
Sinsa 1(il)-dong,Eunpyeong-gu,2,7,-,-,-,-,-,-,-,-,-,-,-,-
Sinsa 2(i)-dong,Eunpyeong-gu,2,5,-,-,-,-,-,-,-,-,-,-,-,-
Jeungsan-dong,Eunpyeong-gu,1,4,-,-,1,5,-,-,2,3,-,-,-,-
Susaek-dong,Eunpyeong-gu,-,-,-,-,-,-,-,-,-,-,1,9,-,-
Bulgwang 2(i)-dong,Eunpyeong-gu,-,-,-,-,-,-,-,-,1,2,-,-,-,-
Eungam 3(sam)-dong,Eunpyeong-gu,1,3,-,-,1,1,-,-,1,2,-,-,-,-
Yeokchon-dong,Eunpyeong-gu,4,5,2,4,-,-,1,9,6,18,-,-,-,-
Cheonyeon-dong,Seodaemun-gu,6,17,-,-,1,2,-,-,2,4,1,2,-,-
Hongje 1(il)-dong,Seodaemun-gu,2,5,1,1,-,-,-,-,2,2,-,-,-,-
Hongje 3(sam)-dong,Seodaemun-gu,-,-,1,1,1,1,1,1,2,8,-,-,-,-
Hongje 2(i)-dong,Seodaemun-gu,2,5,-,-,-,-,-,-,-,-,-,-,-,-
Hongeun 1(il)-dong,Seodaemun-gu,7,14,-,-,-,-,-,-,-,-,-,-,-,-
Hongeun 2(i)-dong,Seodaemun-gu,4,4,1,1,1,2,-,-,2,6,-,-,-,-
Namgajwa 2(i)-dong,Seodaemun-gu,3,5,1,2,1,1,-,-,4,7,4,11,-,-
Bukgajwa 2(i)-dong,Seodaemun-gu,9,29,1,1,1,1,-,-,3,7,2,3,-,-
Chunghyeon-dong,Seodaemun-gu,20,84,20,631,-,-,-,-,11,84,2,5,-,-
Bugahyeon-dong,Seodaemun-gu,1,1,-,-,-,-,-,-,-,-,-,-,-,-
Sinchon-dong,Seodaemun-gu,14,74,2,4,2,6,-,-,5,7,-,-,-,-
Yeonhui-dong,Seodaemun-gu,14,45,7,22,6,18,-,-,3,16,4,15,-,-
Yonggang-dong,Mapo-gu,19,180,9,70,3,5,-,-,8,14,2,2,-,-
Daeheung-dong,Mapo-gu,7,20,1,2,2,3,-,-,4,10,2,5,-,-
Yeomni-dong,Mapo-gu,9,42,5,22,1,5,-,-,4,12,3,45,-,-
Sinsu-dong,Mapo-gu,39,137,4,20,1,1,-,-,3,10,2,10,-,-
Seogyo-dong,Mapo-gu,257,2280,33,281,55,137,1,1,27,94,17,79,1,1
Hapjeong-dong,Mapo-gu,36,170,8,145,24,336,-,-,5,11,8,33,-,-
Mangwon 1(il)-dong,Mapo-gu,8,36,1,2,3,6,-,-,-,-,2,5,-,-
Mangwon 2(i)-dong,Mapo-gu,8,24,-,-,3,4,-,-,4,17,2,4,1,3
Yeonnam-dong,Mapo-gu,34,181,6,32,5,13,1,5,4,9,2,8,1,8
Seongsan 1(il)-dong,Mapo-gu,39,285,12,101,8,24,-,-,9,70,2,7,2,2
Seongsan 2(i)-dong,Mapo-gu,7,36,1,2,2,2,-,-,5,11,-,-,-,-
Sangam-dong,Mapo-gu,5,64,5,187,2,3,-,-,2,5,3,6,-,-
Dohwa-dong,Mapo-gu,24,154,8,40,1,2,1,5,3,5,-,-,-,-
Seogang-dong,Mapo-gu,9,88,9,201,5,14,-,-,3,5,3,10,-,-
gongdeok-dong,Mapo-gu,20,451,6,680,-,-,-,-,9,32,4,46,1,2
Ahyeon-dong,Mapo-gu,9,54,6,6,-,-,1,3,5,14,2,4,-,-
Mok 1(il)-dong,Yangcheon-gu,10,121,4,44,5,10,-,-,3,8,-,-,-,-
Mok 2(i)-dong,Yangcheon-gu,1,1,-,-,-,-,-,-,1,1,-,-,1,1
Mok 3(sam)-dong,Yangcheon-gu,1,2,-,-,-,-,-,-,-,-,2,3,-,-
Mok 4(sa)-dong,Yangcheon-gu,1,1,1,1,-,-,-,-,-,-,-,-,-,-
Sinwol 1(il)-dong,Yangcheon-gu,1,1,1,3,-,-,-,-,8,21,2,2,-,-
Sinwol 2(i)-dong,Yangcheon-gu,1,9,1,3,-,-,-,-,2,5,1,4,-,-
Sinwol 4(sa)-dong,Yangcheon-gu,-,-,-,-,-,-,-,-,2,5,-,-,-,-
Sinwol 5(o)-dong,Yangcheon-gu,-,-,1,10,-,-,-,-,4,7,-,-,-,-
Sinwol 6(yuk)-dong,Yangcheon-gu,-,-,-,-,-,-,-,-,2,5,-,-,-,-
Sinwol 7(chil)-dong,Yangcheon-gu,1,1,-,-,-,-,-,-,2,8,-,-,1,4
Sinjeong 1(il)-dong,Yangcheon-gu,2,3,1,2,1,1,-,-,-,-,-,-,-,-
Sinjeong 2(i)-dong,Yangcheon-gu,-,-,1,1,-,-,-,-,-,-,-,-,-,-
Sinjeong 3(sam)-dong,Yangcheon-gu,1,1,-,-,-,-,-,-,1,1,-,-,-,-
Sinjeong 7(chil)-dong,Yangcheon-gu,-,-,1,4,-,-,-,-,-,-,-,-,-,-
Mok 5(o)-dong,Yangcheon-gu,4,7,1,1,1,2,-,-,-,-,-,-,-,-
Sinjeong 4(sa)-dong,Yangcheon-gu,7,29,5,7,2,2,-,-,4,6,2,4,-,-
Yeomchang-dong,Gangseo-gu,3,9,3,37,2,3,-,-,8,36,3,59,-,-
Deungchon 1(il)-dong,Gangseo-gu,3,7,1,8,2,2,-,-,9,98,3,19,-,-
Deungchon 2(i)-dong,Gangseo-gu,1,7,1,32,-,-,-,-,1,6,-,-,-,-
Deungchon 3(sam)-dong,Gangseo-gu,4,29,3,24,1,7,-,-,2,7,1,9,-,-
Hwagokbon-dong,Gangseo-gu,-,-,-,-,1,1,1,6,1,1,-,-,-,-
Hwagok 2(i)-dong,Gangseo-gu,1,7,-,-,-,-,-,-,3,7,1,4,-,-
Hwagok 3(sam)-dong,Gangseo-gu,2,3,2,4,-,-,-,-,1,1,-,-,-,-
Hwagok 4(sa)-dong,Gangseo-gu,1,6,1,2,-,-,-,-,-,-,1,1,-,-
Hwagok 6(yuk)-dong,Gangseo-gu,2,4,1,7,4,7,-,-,3,7,-,-,-,-
Hwagok 8(pal)-dong,Gangseo-gu,3,15,-,-,-,-,-,-,4,6,-,-,-,-
Gayang 1(il)-dong,Gangseo-gu,3,16,2,19,1,2,1,13,1,5,-,-,-,-
Gayang 3(sam)-dong,Gangseo-gu,7,53,-,-,-,-,-,-,1,9,-,-,-,-
Balsan 1(il)-dong,Gangseo-gu,-,-,1,9,-,-,-,-,1,2,2,9,-,-
Gonghang-dong,Gangseo-gu,1,1,2,9,-,-,-,-,-,-,-,-,-,-
Banghwa 1(il)-dong,Gangseo-gu,1,1,-,-,-,-,-,-,-,-,-,-,-,-
Banghwa 2(i)-dong,Gangseo-gu,-,-,-,-,-,-,-,-,3,6,2,3,-,-
Banghwa 3(sam)-dong,Gangseo-gu,1,1,-,-,-,-,-,-,1,1,-,-,-,-
Hwagok 1(il)-dong,Gangseo-gu,2,13,3,14,-,-,-,-,6,10,1,4,-,-
Ujangsan-dong,Gangseo-gu,1,1,3,19,2,4,-,-,1,1,-,-,-,-
Sindorim-dong,Guro-gu,3,4,2,9,-,-,-,-,6,11,-,-,-,-
Guro 1(il)-dong,Guro-gu,-,-,1,6,-,-,-,-,-,-,-,-,-,-
Guro 3(sam)-dong,Guro-gu,24,721,24,295,1,9,4,28,19,368,10,55,-,-
Guro 4(sa)-dong,Guro-gu,1,5,1,4,-,-,-,-,6,11,-,-,-,-
Guro 5(o)-dong,Guro-gu,3,8,8,204,1,3,-,-,1,2,2,4,-,-
Gocheok 1(il)-dong,Guro-gu,1,2,1,5,-,-,-,-,5,25,-,-,-,-
Gocheok 2(i)-dong,Guro-gu,-,-,-,-,1,1,-,-,1,4,-,-,-,-
Gaebong 2(i)-dong,Guro-gu,3,8,-,-,-,-,-,-,-,-,-,-,-,-
Gaebong 3(sam)-dong,Guro-gu,-,-,-,-,-,-,-,-,2,5,-,-,-,-
Oryu 1(il)-dong,Guro-gu,-,-,1,2,-,-,-,-,2,5,1,1,-,-
Oryu 2(i)-dong,Guro-gu,3,8,1,3,-,-,-,-,1,6,-,-,-,-
Sugung-dong,Guro-gu,1,1,2,19,-,-,-,-,2,4,1,3,-,-
Garibong-dong,Guro-gu,-,-,2,8,-,-,-,-,4,8,-,-,-,-
Guro 2(i)-dong,Guro-gu,5,16,9,45,-,-,-,-,15,23,3,6,-,-
Gaebong 1(il)-dong,Guro-gu,-,-,2,24,-,-,-,-,2,15,-,-,-,-
Gasan-dong,Geumcheon-gu,62,1457,35,329,8,28,3,14,113,1047,37,220,3,73
Doksan 1(il)-dong,Geumcheon-gu,4,14,3,50,-,-,-,-,29,253,3,23,-,-
Doksan 2(i)-dong,Geumcheon-gu,-,-,-,-,-,-,-,-,1,2,-,-,-,-
Doksan 3(sam)-dong,Geumcheon-gu,1,5,1,1,-,-,-,-,6,9,-,-,-,-
Doksan 4(sa)-dong,Geumcheon-gu,-,-,-,-,-,-,-,-,1,1,-,-,-,-
Siheung 1(il)-dong,Geumcheon-gu,1,2,4,5,-,-,-,-,5,21,1,2,-,-
Siheung 3(sam)-dong,Geumcheon-gu,2,3,1,3,-,-,-,-,15,24,-,-,1,1
Siheung 4(sa)-dong,Geumcheon-gu,-,-,-,-,-,-,-,-,-,-,1,3,-,-
Siheung 5(o)-dong,Geumcheon-gu,-,-,2,5,-,-,-,-,-,-,-,-,-,-
Yeouido-dong,Yeongdeungpo-gu,28,62,49,949,31,101,-,-,26,67,5,131,2,5
Dangsan 1(il)-dong,Yeongdeungpo-gu,9,31,12,53,2,2,1,5,17,28,3,9,-,-
Dangsan2(i)-dong,Yeongdeungpo-gu,9,70,8,60,3,5,-,-,4,6,1,2,-,-
Yangpyeong 1(il)-dong,Yeongdeungpo-gu,11,59,3,59,1,1,1,25,10,43,2,16,-,-
Yangpyeong 2(i)-dong,Yeongdeungpo-gu,20,120,10,61,3,8,-,-,14,98,4,32,1,9
Singil 1(il)-dong,Yeongdeungpo-gu,3,9,2,13,1,2,-,-,-,-,-,-,-,-
Singil 3(sam)-dong,Yeongdeungpo-gu,1,7,-,-,-,-,-,-,2,3,-,-,-,-
Singil 4(sa)-dong,Yeongdeungpo-gu,-,-,-,-,1,1,-,-,1,5,-,-,-,-
Singil 5(o)-dong,Yeongdeungpo-gu,1,1,1,6,-,-,-,-,-,-,-,-,-,-
Singil 6(yuk)-dong,Yeongdeungpo-gu,1,5,1,3,1,1,-,-,3,18,-,-,1,4
Singil 7(chil)-dong,Yeongdeungpo-gu,2,13,-,-,-,-,-,-,2,3,-,-,-,-
Daerim 1(il)-dong,Yeongdeungpo-gu,1,2,1,6,-,-,-,-,2,3,-,-,-,-
Daerim 2(i)-dong,Yeongdeungpo-gu,-,-,1,2,2,3,-,-,2,3,-,-,-,-
Daerim 3(sam)-dong,Yeongdeungpo-gu,1,7,1,3,-,-,-,-,10,49,2,10,-,-
Yeongdeungpobon-dong,Yeongdeungpo-gu,3,20,3,21,-,-,-,-,1,1,-,-,-,-
Yeongdeungpo-dong,Yeongdeungpo-gu,15,79,10,250,2,4,1,2,154,359,26,86,-,-
Dorim-dong,Yeongdeungpo-gu,3,10,-,-,2,5,-,-,4,12,-,-,-,-
Mullae-dong,Yeongdeungpo-gu,15,58,12,160,-,-,1,3,98,488,25,126,-,-
Noryangjin 2(i)-dong,Dongjak-gu,3,82,-,-,1,1,-,-,4,12,-,-,-,-
Sangdo 1(il)-dong,Dongjak-gu,9,78,-,-,1,3,-,-,5,16,1,2,-,-
Sangdo 2(i)-dong,Dongjak-gu,1,6,2,11,-,-,-,-,-,-,-,-,-,-
Sangdo 4(sa)-dong,Dongjak-gu,-,-,3,14,-,-,-,-,-,-,1,2,-,-
Sadang 1(il)-dong,Dongjak-gu,2,9,1,5,1,1,-,-,5,8,-,-,-,-
Sadang 3(sam)-dong,Dongjak-gu,3,12,-,-,1,2,-,-,2,5,-,-,-,-
Sadang 4(sa)-dong,Dongjak-gu,-,-,-,-,1,3,-,-,-,-,-,-,-,-
Sadang 5(o)-dong,Dongjak-gu,4,13,-,-,2,4,-,-,-,-,-,-,-,-
Daebang-dong,Dongjak-gu,2,4,1,1,2,4,1,97,1,2,-,-,-,-
Sindaebang 1(il)-dong,Dongjak-gu,-,-,1,6,-,-,-,-,1,2,-,-,-,-
Sindaebang 2(i)-dong,Dongjak-gu,1,6,1,7,1,5,1,2,2,7,-,-,-,-
Heukseok-dong,Dongjak-gu,3,24,3,7,1,2,-,-,2,5,-,-,-,-
Noryangjin 1(il)-dong,Dongjak-gu,6,38,1,3,-,-,-,-,4,7,1,2,-,-
Sadang 2(i)-dong,Dongjak-gu,-,-,2,2,-,-,-,-,1,14,-,-,-,-
Boramae-dong,Gwanak-gu,5,21,1,5,-,-,-,-,4,10,-,-,-,-
Haengun-dong,Gwanak-gu,2,9,3,28,1,1,-,-,1,5,-,-,-,-
Nagseongdae-dong,Gwanak-gu,4,8,1,2,-,-,-,-,3,5,2,4,-,-
Jungang-dong,Gwanak-gu,-,-,3,13,1,1,-,-,2,6,-,-,-,-
Inheon-dong,Gwanak-gu,1,2,-,-,-,-,1,4,-,-,1,2,-,-
Namhyeon-dong,Gwanak-gu,2,4,-,-,-,-,-,-,-,-,-,-,-,-
Sewon-dong,Gwanak-gu,1,4,2,5,-,-,-,-,1,2,1,1,-,-
Sinwon-dong,Gwanak-gu,-,-,-,-,-,-,-,-,1,1,-,-,-,-
Serim-dong,Gwanak-gu,11,37,1,6,-,-,1,6,3,8,1,3,-,-
Sinsa-dong,Gwanak-gu,2,9,1,1,-,-,-,-,3,5,-,-,-,-
Sillim-dong,Gwanak-gu,1,3,1,4,-,-,-,-,-,-,-,-,-,-
Jowon-dong,Gwanak-gu,5,15,2,5,1,6,-,-,5,11,1,5,-,-
Daehak-dong,Gwanak-gu,6,51,3,5,-,-,-,-,1,1,-,-,-,-
Euncheon-dong,Gwanak-gu,3,14,-,-,-,-,1,4,2,2,-,-,-,-
Seonghyeon-dong,Gwanak-gu,1,3,-,-,-,-,-,-,-,-,-,-,-,-
Cheongnyong-dong,Gwanak-gu,4,18,2,4,-,-,1,1,2,3,-,-,-,-
Nangok-dong,Gwanak-gu,-,-,-,-,-,-,1,5,-,-,1,1,-,-
Samseong-dong,Gwanak-gu,2,17,1,3,-,-,-,-,2,3,1,1,-,-
Miseong-dong,Gwanak-gu,2,2,1,4,-,-,-,-,-,-,-,-,-,-
Seocho 1(il)-dong,Seocho-gu,17,183,9,42,3,3,2,3,5,13,2,7,-,-
Seocho 2(i)-dong,Seocho-gu,20,237,9,77,6,13,2,2,10,24,2,5,-,-
Seocho 3(sam)-dong,Seocho-gu,42,358,22,197,10,26,1,2,15,40,-,-,-,-
Seocho 4(sa)-dong,Seocho-gu,12,54,2,7,1,1,-,-,1,5,1,19,-,-
Jamwon-dong,Seocho-gu,16,465,7,175,4,7,2,7,11,33,3,11,-,-
Banpobon-dong,Seocho-gu,1,5,-,-,-,-,-,-,-,-,-,-,-,-
Banpo 1(il)-dong,Seocho-gu,2,2,1,2,5,13,-,-,1,2,-,-,-,-
Banpo 2(i)-dong,Seocho-gu,-,-,-,-,1,2,-,-,-,-,-,-,-,-
Banpo 3(sam)-dong,Seocho-gu,2,3,-,-,-,-,-,-,-,-,-,-,-,-
Banpo 4(sa)-dong,Seocho-gu,9,55,7,60,6,23,-,-,-,-,-,-,1,2
Bangbaebon-dong,Seocho-gu,7,214,4,12,3,10,-,-,1,1,-,-,-,-
Bangbae 1(il)-dong,Seocho-gu,7,28,6,22,7,17,1,1,1,2,-,-,1,1
Bangbae 2(i)-dong,Seocho-gu,4,12,4,52,2,5,2,4,3,6,-,-,-,-
Bangbae 3(sam)-dong,Seocho-gu,9,221,2,19,3,39,-,-,-,-,-,-,1,1
Bangbae 4(sa)-dong,Seocho-gu,9,61,8,46,9,14,-,-,4,17,-,-,1,1
Yangjae 1(il)-dong,Seocho-gu,8,53,9,103,5,5,2,43,6,15,-,-,-,-
Yangjae 2(i)-dong,Seocho-gu,15,97,15,75,10,21,-,-,10,50,3,10,-,-
Naegok-dong,Seocho-gu,2,2,-,-,-,-,-,-,-,-,-,-,-,-
Sinsa-dong,Gangnam-gu,14,187,5,44,12,50,8,35,30,98,16,84,-,-
Nonhyeon 1(il)-dong,Gangnam-gu,18,219,8,53,23,148,1,1,24,76,3,12,1,3
Nonhyeon 2(i)-dong,Gangnam-gu,18,255,13,359,26,172,1,1,19,127,2,18,-,-
Samseong 1(il)-dong,Gangnam-gu,10,115,4,39,6,382,-,-,3,8,2,9,1,1
Samseong 2(i)-dong,Gangnam-gu,12,46,5,129,8,24,4,8,10,40,-,-,1,2
Daechi 1(il)-dong,Gangnam-gu,4,7,-,-,-,-,-,-,1,1,1,3,-,-
Daechi 4(sa)-dong,Gangnam-gu,10,58,1,86,7,24,-,-,6,15,3,5,-,-
Yeoksam 1(il)-dong,Gangnam-gu,40,261,31,375,16,77,1,4,20,61,7,48,1,1
Yeoksam 2(i)-dong,Gangnam-gu,5,28,7,51,2,6,-,-,2,58,1,3,1,1
Dogok 1(il)-dong,Gangnam-gu,9,158,3,27,2,4,-,-,1,2,1,1,-,-
Dogok 2(i)-dong,Gangnam-gu,9,184,3,55,3,3,-,-,6,13,-,-,-,-
Gaepo 4(sa)-dong,Gangnam-gu,2,2,1,2,7,9,-,-,6,11,3,6,-,-
Irwon 1(il)-dong,Gangnam-gu,2,4,-,-,-,-,-,-,-,-,-,-,-,-
Irwon 2(i)-dong,Gangnam-gu,1,1,-,-,-,-,-,-,-,-,-,-,-,-
Suseo-dong,Gangnam-gu,4,14,1,3,-,-,2,6,-,-,1,7,-,-
Apgujeong -dong,Gangnam-gu,6,21,8,103,15,88,1,8,8,116,2,7,-,-
Cheongdam -dong,Gangnam-gu,12,58,10,156,12,139,1,1,2,7,2,22,-,-
Daechi 2(i)-dong,Gangnam-gu,9,110,2,4,3,6,-,-,7,37,-,-,-,-
Gaepo 2(i)-dong,Gangnam-gu,2,3,1,2,-,-,-,-,1,2,-,-,-,-
Pungnap 1(il)-dong,Songpa-gu,1,1,1,5,-,-,-,-,2,4,-,-,-,-
Pungnap 2(i)-dong,Songpa-gu,1,2,-,-,1,1,-,-,1,6,-,-,-,-
Geoyeo 1(il)-dong,Songpa-gu,-,-,-,-,-,-,-,-,1,2,1,1,-,-
Geoyeo 2(i)-dong,Songpa-gu,-,-,1,4,-,-,-,-,2,3,-,-,-,-
Macheon 1(il)-dong,Songpa-gu,-,-,-,-,-,-,-,-,1,1,-,-,-,-
Macheon 2(i)-dong,Songpa-gu,2,7,-,-,-,-,-,-,1,1,1,2,-,-
Bangi 1(il)-dong,Songpa-gu,3,21,1,7,1,4,-,-,4,26,1,2,-,-
Bangi 2(i)-dong,Songpa-gu,6,17,3,9,-,-,-,-,1,1,1,1,-,-
Ogeum-dong,Songpa-gu,5,24,2,6,1,1,-,-,3,6,1,4,-,-
Songpa 1(il)-dong,Songpa-gu,5,30,3,13,5,25,-,-,8,21,1,2,-,-
Songpa 2(i)-dong,Songpa-gu,2,11,-,-,-,-,-,-,2,3,-,-,-,-
Seokchon-dong,Songpa-gu,7,36,1,6,2,2,-,-,7,17,3,12,-,-
Samjeon-dong,Songpa-gu,5,15,2,9,-,-,-,-,6,16,-,-,-,-
Garakbon-dong,Songpa-gu,4,10,5,61,2,5,1,1,4,87,2,2,-,-
Garak 1(il)-dong,Songpa-gu,-,-,2,8,-,-,-,-,-,-,-,-,-,-
Garak 2(i)-dong,Songpa-gu,3,9,3,37,-,-,-,-,-,-,-,-,1,2
Munjeong 1(il)-dong,Songpa-gu,4,33,-,-,-,-,-,-,5,15,-,-,-,-
Munjeong 2(i)-dong,Songpa-gu,1,2,1,1,1,1,-,-,1,3,-,-,-,-
Jangji-dong,Songpa-gu,2,6,2,7,-,-,-,-,1,3,1,3,-,-
Jamsilbon-dong,Songpa-gu,7,67,3,20,2,3,-,-,5,14,-,-,-,-
Jamsil 6(yuk)-dong,Songpa-gu,2,2,2,6,-,-,-,-,3,4,-,-,1,5
Jamsil 7(chil)-dong,Songpa-gu,1,1,-,-,-,-,-,-,-,-,-,-,-,-
Jamsil 3(sam)-dong,Songpa-gu,1,3,1,2,-,-,-,-,1,2,-,-,-,-
Gangil-dong,Gangdong-gu,-,-,-,-,-,-,-,-,1,4,-,-,-,-
Myeongil 1(il)-dong,Gangdong-gu,-,-,-,-,-,-,-,-,2,2,1,19,-,-
Myeongil 2(i)-dong,Gangdong-gu,2,15,1,7,-,-,-,-,-,-,2,4,-,-
Godeok 1(il)-dong,Gangdong-gu,-,-,-,-,-,-,-,-,1,1,-,-,-,-
Godeok 2(i)-dong,Gangdong-gu,1,1,-,-,-,-,-,-,-,-,-,-,-,-
Amsa 3(sam)-dong,Gangdong-gu,-,-,-,-,1,2,-,-,2,4,-,-,-,-
Cheonho 1(il)-dong,Gangdong-gu,-,-,1,2,-,-,1,2,1,2,-,-,-,-
Cheonho 3(sam)-dong,Gangdong-gu,4,4,1,1,-,-,-,-,3,4,-,-,-,-
Seongnae 1(il)-dong,Gangdong-gu,6,161,3,15,1,3,-,-,3,4,1,2,-,-
Seongnae 2(i)-dong,Gangdong-gu,1,2,-,-,-,-,-,-,5,8,1,6,-,-
Seongnae 3(sam)-dong,Gangdong-gu,3,139,1,1,-,-,1,3,3,5,3,21,-,-
Dunchon 2(i)-dong,Gangdong-gu,2,2,1,21,-,-,-,-,2,6,-,-,-,-
Amsa 1(il)-dong,Gangdong-gu,-,-,-,-,-,-,-,-,1,4,-,-,1,1
Cheonho 2(i)-dong,Gangdong-gu,2,6,1,4,-,-,-,-,4,7,1,2,1,2
Gil-dong,Gangdong-gu,3,20,4,11,-,-,-,-,4,7,1,1,-,-
