Dong,외국인_등록외국인현황국적별_Autonomous Gu_Autonomous Gu_Autonomous Gu_Autonomous Gu,외국인_등록외국인현황국적별_Foreigners by nationality_Total_Total_total,외국인_등록외국인현황국적별_Foreigners by nationality_Total_Total_Male,외국인_등록외국인현황국적별_Foreigners by nationality_Total_Total_Female,외국인_등록외국인현황국적별_Foreigners by nationality_China_Total_total,외국인_등록외국인현황국적별_Foreigners by nationality_China_Total_Male,외국인_등록외국인현황국적별_Foreigners by nationality_China_Total_Female,외국인_등록외국인현황국적별_Foreigners by nationality_China_Chinese-Koreans_total,외국인_등록외국인현황국적별_Foreigners by nationality_China_Chinese-Koreans_Male,외국인_등록외국인현황국적별_Foreigners by nationality_China_Chinese-Koreans_Female,외국인_등록외국인현황국적별_Foreigners by nationality_China_Chinese_total,외국인_등록외국인현황국적별_Foreigners by nationality_China_Chinese_Male,외국인_등록외국인현황국적별_Foreigners by nationality_China_Chinese_Female,외국인_등록외국인현황국적별_Foreigners by nationality_U. S. A_U. S. A_total,외국인_등록외국인현황국적별_Foreigners by nationality_U. S. A_U. S. A_Male,외국인_등록외국인현황국적별_Foreigners by nationality_U. S. A_U. S. A_Female,외국인_등록외국인현황국적별_Foreigners by nationality_Taiwan_Taiwan_total,외국인_등록외국인현황국적별_Foreigners by nationality_Taiwan_Taiwan_Male,외국인_등록외국인현황국적별_Foreigners by nationality_Taiwan_Taiwan_Female,외국인_등록외국인현황국적별_Foreigners by nationality_Japan_Japan_total,외국인_등록외국인현황국적별_Foreigners by nationality_Japan_Japan_Male,외국인_등록외국인현황국적별_Foreigners by nationality_Japan_Japan_Female,외국인_등록외국인현황국적별_Foreigners by nationality_Vietnam_Vietnam_total,외국인_등록외국인현황국적별_Foreigners by nationality_Vietnam_Vietnam_Male,외국인_등록외국인현황국적별_Foreigners by nationality_Vietnam_Vietnam_Female,외국인_등록외국인현황국적별_Foreigners by nationality_Mogol_Mogol_total,외국인_등록외국인현황국적별_Foreigners by nationality_Mogol_Mogol_Male,외국인_등록외국인현황국적별_Foreigners by nationality_Mogol_Mogol_Female,외국인_등록외국인현황국적별_Foreigners by nationality_Philippines_Philippines_total,외국인_등록외국인현황국적별_Foreigners by nationality_Philippines_Philippines_Male,외국인_등록외국인현황국적별_Foreigners by nationality_Philippines_Philippines_Female,외국인_등록외국인현황국적별_Foreigners by nationality_Canada_Canada_total,외국인_등록외국인현황국적별_Foreigners by nationality_Canada_Canada_Male,외국인_등록외국인현황국적별_Foreigners by nationality_Canada_Canada_Female,외국인_등록외국인현황국적별_Foreigners by nationality_Uzbekistan _Uzbekistan _total,외국인_등록외국인현황국적별_Foreigners by nationality_Uzbekistan _Uzbekistan _Male,외국인_등록외국인현황국적별_Foreigners by nationality_Uzbekistan _Uzbekistan _Female,외국인_등록외국인현황국적별_Foreigners by nationality_Russia_Russia_total,외국인_등록외국인현황국적별_Foreigners by nationality_Russia_Russia_Male,외국인_등록외국인현황국적별_Foreigners by nationality_Russia_Russia_Female,외국인_등록외국인현황국적별_Foreigners by nationality_India_India_total,외국인_등록외국인현황국적별_Foreigners by nationality_India_India_Male,외국인_등록외국인현황국적별_Foreigners by nationality_India_India_Female,외국인_등록외국인현황국적별_Foreigners by nationality_Thailand_Thailand_total,외국인_등록외국인현황국적별_Foreigners by nationality_Thailand_Thailand_Male,외국인_등록외국인현황국적별_Foreigners by nationality_Thailand_Thailand_Female,외국인_등록외국인현황국적별_Foreigners by nationality_United Kingdom_United Kingdom_total,외국인_등록외국인현황국적별_Foreigners by nationality_United Kingdom_United Kingdom_Male,외국인_등록외국인현황국적별_Foreigners by nationality_United Kingdom_United Kingdom_Female,외국인_등록외국인현황국적별_Foreigners by nationality_France_France_total,외국인_등록외국인현황국적별_Foreigners by nationality_France_France_Male,외국인_등록외국인현황국적별_Foreigners by nationality_France_France_Female,외국인_등록외국인현황국적별_Foreigners by nationality_Others_Others_total,외국인_등록외국인현황국적별_Foreigners by nationality_Others_Others_Male,외국인_등록외국인현황국적별_Foreigners by nationality_Others_Others_Female
Sajik-dong,Jongno-gu,445.0,263.0,182,130,64,66,44,15,29,86,49,37,39,32,7,13,9,4,37,16,21,4,1,3,4,1,3,66,43,23,4,3,1,2,-,2,7,3,4,40,29,11,3,-,3,10,6,4,15,11,4,71,45,26
Samcheong-dong,Jongno-gu,136.0,74.0,62,47,26,21,23,10,13,24,16,8,26,19,7,5,4,1,2,-,2,17,6,11,1,-,1,5,-,5,1,-,1,-,-,-,-,-,-,4,4,-,2,-,2,1,-,1,2,1,1,23,14,9
Buam-dong,Jongno-gu,280.0,113.0,167,173,75,98,29,15,14,144,60,84,9,7,2,17,5,12,3,1,2,15,5,10,6,-,6,2,-,2,2,-,2,-,-,-,5,2,3,2,-,2,10,3,7,-,-,-,3,2,1,33,13,20
Pyeongchang-dong,Jongno-gu,259.0,130.0,129,37,11,26,23,5,18,14,6,8,70,39,31,21,10,11,11,3,8,2,-,2,2,1,1,18,1,17,7,4,3,3,-,3,2,-,2,8,5,3,1,1,-,16,16,-,19,13,6,42,26,16
Muak-dong,Jongno-gu,51.0,22.0,29,28,13,15,11,4,7,17,9,8,5,4,1,8,2,6,1,-,1,2,-,2,1,-,1,3,-,3,-,-,-,-,-,-,-,-,-,-,-,-,-,-,-,-,-,-,-,-,-,3,3,-
Gyonam-dong,Jongno-gu,121.0,52.0,69,79,37,42,60,28,32,19,9,10,4,3,1,5,2,3,2,1,1,2,-,2,1,1,-,8,2,6,10,2,8,-,-,-,2,-,2,-,-,-,3,1,2,-,-,-,1,1,-,4,2,2
Gahoe-dong,Jongno-gu,115.0,49.0,66,35,12,23,27,11,16,8,1,7,14,5,9,10,4,6,7,2,5,1,-,1,-,-,-,11,1,10,2,1,1,-,-,-,-,-,-,-,-,-,2,1,1,3,3,-,8,6,2,22,14,8
Jongno 1·2·3·4(ilisamsa)-ga-dong,Jongno-gu,995.0,571.0,424,359,170,189,186,69,117,173,101,72,89,63,26,44,23,21,69,43,26,24,4,20,5,4,1,40,14,26,30,24,6,5,1,4,2,1,1,46,36,10,3,-,3,47,36,11,15,10,5,217,142,75
Jongno 5·6(oryuk)-ga-dong,Jongno-gu,318.0,136.0,182,241,98,143,199,85,114,42,13,29,3,2,1,8,-,8,3,1,2,13,5,8,9,7,2,1,-,1,-,-,-,-,-,-,1,1,-,2,2,-,-,-,-,1,-,1,1,-,1,35,20,15
Ihwa-dong,Jongno-gu,455.0,205.0,250,229,111,118,92,45,47,137,66,71,11,8,3,16,8,8,22,5,17,17,7,10,25,8,17,2,1,1,6,6,-,6,5,1,7,1,6,13,7,6,5,2,3,2,2,-,2,2,-,92,32,60
Changsin 1(il)-dong,Jongno-gu,947.0,446.0,501,816,376,440,731,339,392,85,37,48,-,-,-,9,5,4,2,1,1,18,4,14,12,1,11,4,1,3,-,-,-,4,1,3,3,2,1,2,1,1,-,-,-,-,-,-,-,-,-,77,54,23
Changsin 2(i)-dong,Jongno-gu,1017.0,449.0,568,927,415,512,791,361,430,136,54,82,-,-,-,11,4,7,1,-,1,21,2,19,6,-,6,3,1,2,-,-,-,6,3,3,-,-,-,-,-,-,2,-,2,-,-,-,-,-,-,40,24,16
Changsin 3(sam)-dong,Jongno-gu,110.0,47.0,63,81,34,47,66,28,38,15,6,9,2,2,-,2,1,1,2,1,1,2,-,2,6,3,3,-,-,-,-,-,-,-,-,-,-,-,-,-,-,-,-,-,-,-,-,-,-,-,-,15,6,9
Sungin 1(il)-dong,Jongno-gu,387.0,168.0,219,281,115,166,241,105,136,40,10,30,1,1,-,8,4,4,2,1,1,12,3,9,23,9,14,5,1,4,-,-,-,6,2,4,1,-,1,5,5,-,1,-,1,-,-,-,1,1,-,41,26,15
Sungin 2(i)-dong,Jongno-gu,398.0,174.0,224,336,149,187,277,131,146,59,18,41,2,1,1,9,2,7,2,-,2,11,1,10,11,5,6,2,-,2,-,-,-,-,-,-,-,-,-,1,1,-,-,-,-,1,1,-,-,-,-,23,14,9
Cheongunhyoja-dong,Jongno-gu,128.0,59.0,69,45,18,27,23,8,15,22,10,12,18,11,7,18,7,11,9,3,6,3,-,3,-,-,-,12,2,10,3,2,1,1,-,1,-,-,-,-,-,-,-,-,-,2,2,-,7,6,1,10,8,2
Hyehwa-dong,Jongno-gu,1647.0,671.0,976,1301,512,789,90,44,46,1211,468,743,30,23,7,54,19,35,61,17,44,17,11,6,10,-,10,3,1,2,5,4,1,10,7,3,5,2,3,16,10,6,7,3,4,6,3,3,10,4,6,112,55,57
Sogong-dong,Jung-gu,468.0,308.0,160,93,57,36,25,8,17,68,49,19,40,32,8,33,19,14,78,63,15,3,3,-,4,1,3,11,5,6,5,5,-,2,-,2,3,1,2,21,12,9,1,-,1,12,8,4,22,15,7,140,87,53
Hoehyeon-dong,Jung-gu,685.0,371.0,314,228,97,131,141,64,77,87,33,54,26,15,11,247,145,102,27,20,7,6,-,6,1,-,1,19,15,4,2,2,-,1,1,-,2,-,2,32,23,9,3,3,-,1,1,-,8,6,2,82,43,39
Myeong-dong,Jung-gu,816.0,531.0,285,382,274,108,93,40,53,289,234,55,18,13,5,115,52,63,27,14,13,5,1,4,2,1,1,42,24,18,24,15,9,-,-,-,1,-,1,53,45,8,10,8,2,10,6,4,4,2,2,123,76,47
Pil-dong,Jung-gu,390.0,196.0,194,187,73,114,55,18,37,132,55,77,5,5,-,29,12,17,16,7,9,22,14,8,16,8,8,-,-,-,5,4,1,28,13,15,2,1,1,17,13,4,2,1,1,-,-,-,1,1,-,60,44,16
Jangchung-dong,Jung-gu,651.0,263.0,388,309,113,196,84,25,59,225,88,137,18,8,10,23,9,14,18,3,15,18,10,8,31,8,23,8,3,5,3,3,-,103,40,63,23,8,15,15,9,6,3,-,3,-,-,-,3,1,2,76,48,28
Gwanghui-dong ,Jung-gu,813.0,383.0,430,319,153,166,166,73,93,153,80,73,14,7,7,35,19,16,3,1,2,6,2,4,94,38,56,3,1,2,1,-,1,211,97,114,59,22,37,3,3,-,-,-,-,1,1,-,-,-,-,64,39,25
Euljiro-dong,Jung-gu,109.0,54.0,55,54,25,29,40,18,22,14,7,7,2,2,-,23,12,11,4,1,3,3,2,1,2,1,1,8,4,4,1,1,-,6,3,3,3,1,2,1,-,1,-,-,-,-,-,-,-,-,-,2,2,-
Sindang-dong,Jung-gu,1415.0,679.0,736,1133,550,583,986,476,510,147,74,73,14,11,3,25,12,13,8,-,8,36,18,18,105,47,58,19,6,13,-,-,-,31,11,20,8,1,7,3,2,1,2,1,1,2,2,-,-,-,-,29,18,11
Dasan-dong,Jung-gu,365.0,155.0,210,228,96,132,146,67,79,82,29,53,15,9,6,15,8,7,4,-,4,12,1,11,26,9,17,18,7,11,3,3,-,4,2,2,3,3,-,1,-,1,5,3,2,2,1,1,4,4,-,25,9,16
Yaksu-dong,Jung-gu,219.0,93.0,126,117,41,76,82,32,50,35,9,26,16,8,8,11,6,5,11,3,8,9,-,9,5,1,4,2,-,2,3,2,1,3,2,1,-,-,-,15,8,7,-,-,-,3,1,2,3,3,-,21,18,3
Cheonggu-dong,Jung-gu,186.0,78.0,108,130,55,75,80,30,50,50,25,25,7,5,2,4,2,2,8,1,7,2,-,2,19,5,14,3,1,2,3,-,3,1,1,-,-,-,-,1,1,-,-,-,-,-,-,-,-,-,-,8,7,1
Sindang 5(o)-dong,Jung-gu,273.0,115.0,158,211,94,117,189,91,98,22,3,19,-,-,-,12,8,4,6,2,4,7,-,7,19,6,13,4,1,3,-,-,-,1,-,1,1,1,-,1,1,-,2,-,2,-,-,-,-,-,-,9,2,7
Donghwa-dong,Jung-gu,166.0,80.0,86,110,53,57,87,42,45,23,11,12,7,5,2,19,10,9,2,-,2,2,-,2,17,10,7,3,-,3,-,-,-,1,-,1,1,-,1,1,-,1,-,-,-,-,-,-,-,-,-,3,2,1
Hwanghak-dong,Jung-gu,797.0,374.0,423,686,332,354,578,294,284,108,38,70,7,2,5,31,14,17,10,3,7,10,-,10,31,15,16,7,1,6,2,1,1,1,-,1,3,-,3,-,-,-,1,1,-,1,1,-,-,-,-,7,4,3
Jungnim-dong,Jung-gu,304.0,155.0,149,139,59,80,91,41,50,48,18,30,11,11,-,47,28,19,18,11,7,6,1,5,-,-,-,5,2,3,4,3,1,-,-,-,10,6,4,6,4,2,3,1,2,1,1,-,18,8,10,36,20,16
Huam-dong,Yongsan-gu,471.0,227.0,244,277,124,153,243,110,133,34,14,20,33,21,12,23,8,15,17,6,11,11,-,11,3,1,2,31,20,11,5,4,1,-,-,-,6,-,6,4,2,2,2,-,2,5,3,2,5,4,1,49,34,15
Yongsan 2-ga-dong,Yongsan-gu,1065.0,613.0,452,64,20,44,46,15,31,18,5,13,254,161,93,31,16,15,10,3,7,10,4,6,7,2,5,113,44,69,94,57,37,3,-,3,40,9,31,13,9,4,7,1,6,73,54,19,14,7,7,332,226,106
Namyeong-dong,Yongsan-gu,441.0,199.0,242,315,134,181,264,116,148,51,18,33,8,5,3,26,16,10,15,9,6,12,2,10,-,-,-,8,3,5,10,7,3,3,1,2,-,-,-,2,1,1,-,-,-,3,3,-,4,3,1,35,15,20
Wonhyoro 2(i)-dong,Yongsan-gu,187.0,77.0,110,119,46,73,93,39,54,26,7,19,9,2,7,35,18,17,6,3,3,3,-,3,-,-,-,1,-,1,3,3,-,-,-,-,3,-,3,-,-,-,3,1,2,-,-,-,-,-,-,5,4,1
Hyochang-dong,Yongsan-gu,163.0,71.0,92,58,27,31,49,23,26,9,4,5,11,5,6,6,4,2,13,4,9,16,2,14,5,3,2,7,1,6,2,1,1,5,3,2,1,1,-,1,1,-,-,-,-,6,5,1,-,-,-,32,14,18
Yongmun-dong,Yongsan-gu,145.0,67.0,78,106,51,55,91,43,48,15,8,7,3,3,-,12,6,6,4,1,3,4,1,3,3,-,3,1,-,1,2,2,-,-,-,-,5,-,5,-,-,-,1,-,1,-,-,-,-,-,-,4,3,1
Ichon 1(il)-dong,Yongsan-gu,1333.0,760.0,573,63,24,39,30,6,24,33,18,15,88,62,26,50,27,23,1042,601,441,-,-,-,2,-,2,9,2,7,9,6,3,1,-,1,7,3,4,20,12,8,5,3,2,3,2,1,1,1,-,33,17,16
Ichon 2(i)-dong,Yongsan-gu,56.0,21.0,35,22,7,15,14,6,8,8,1,7,2,1,1,2,-,2,13,9,4,1,-,1,3,-,3,4,1,3,1,1,-,-,-,-,-,-,-,-,-,-,-,-,-,-,-,-,1,1,-,7,1,6
Itaewon 1(il)-dong,Yongsan-gu,1478.0,868.0,610,144,69,75,101,48,53,43,21,22,204,114,90,21,11,10,18,8,10,4,-,4,18,7,11,113,28,85,74,41,33,37,20,17,32,10,22,74,46,28,29,14,15,77,50,27,38,24,14,595,426,169
Itaewon 2(i)-dong,Yongsan-gu,918.0,534.0,384,50,20,30,40,16,24,10,4,6,202,134,68,24,10,14,9,3,6,1,-,1,4,1,3,54,20,34,84,58,26,8,2,6,47,11,36,19,9,10,10,5,5,74,53,21,22,11,11,310,197,113
Seobinggo-dong,Yongsan-gu,376.0,174.0,202,47,16,31,40,14,26,7,2,5,78,44,34,2,1,1,23,9,14,4,-,4,1,1,-,47,7,40,10,7,3,-,-,-,4,-,4,4,2,2,1,-,1,7,4,3,2,1,1,146,82,64
Bogwang-dong,Yongsan-gu,867.0,462.0,405,302,142,160,263,123,140,39,19,20,64,35,29,17,8,9,22,8,14,10,-,10,9,4,5,38,8,30,7,3,4,34,13,21,21,3,18,7,5,2,-,-,-,5,5,-,-,-,-,331,228,103
Cheongpa-dong,Yongsan-gu,960.0,323.0,637,591,212,379,355,165,190,236,47,189,32,24,8,37,16,21,69,11,58,48,6,42,43,6,37,10,4,6,3,1,2,6,2,4,2,-,2,3,3,-,3,-,3,-,-,-,9,3,6,104,35,69
Wonhyoro 1(il)-dong,Yongsan-gu,275.0,134.0,141,118,48,70,93,42,51,25,6,19,26,20,6,33,16,17,19,6,13,4,-,4,8,6,2,6,-,6,4,3,1,1,-,1,12,6,6,9,5,4,1,1,-,5,4,1,1,-,1,28,19,9
Hangangno-dong,Yongsan-gu,1164.0,603.0,561,244,105,139,179,71,108,65,34,31,140,81,59,53,22,31,512,291,221,14,10,4,1,-,1,22,2,20,8,3,5,7,3,4,12,3,9,11,4,7,4,1,3,7,6,1,5,5,-,124,67,57
Hannam-dong,Yongsan-gu,2186.0,1172.0,1014,467,216,251,358,171,187,109,45,64,277,150,127,14,5,9,57,25,32,8,-,8,32,15,17,134,15,119,34,22,12,10,6,4,22,8,14,110,68,42,25,11,14,113,59,54,58,39,19,825,533,292
Wangsimni 2(i)-dong,Seongdong-gu,279.0,119.0,160,202,90,112,150,73,77,52,17,35,6,4,2,10,7,3,5,-,5,27,7,20,8,2,6,6,2,4,-,-,-,3,1,2,-,-,-,-,-,-,3,1,2,-,-,-,2,2,-,7,3,4
Majang-dong,Seongdong-gu,545.0,261.0,284,334,144,190,205,103,102,129,41,88,7,5,2,6,2,4,10,2,8,44,12,32,38,25,13,24,12,12,3,2,1,1,-,1,2,1,1,-,-,-,2,-,2,1,1,-,5,5,-,68,50,18
Sageun-dong,Seongdong-gu,1178.0,552.0,626,776,361,415,106,55,51,670,306,364,34,17,17,17,1,16,51,11,40,22,9,13,20,8,12,4,1,3,11,7,4,1,1,-,10,-,10,17,11,6,4,-,4,8,5,3,22,4,18,181,116,65
Haengdang 1(il)-dong,Seongdong-gu,453.0,200.0,253,352,159,193,222,99,123,130,60,70,15,3,12,9,4,5,12,2,10,12,5,7,10,3,7,-,-,-,11,6,5,1,1,-,1,1,-,4,4,-,1,-,1,2,1,1,1,-,1,22,11,11
Haengdang 2(i)-dong,Seongdong-gu,87.0,33.0,54,55,17,38,33,14,19,22,3,19,3,2,1,14,8,6,2,1,1,5,-,5,2,1,1,1,-,1,-,-,-,-,-,-,-,-,-,-,-,-,-,-,-,2,2,-,-,-,-,3,2,1
Eungbong-dong,Seongdong-gu,62.0,22.0,40,38,13,25,24,8,16,14,5,9,5,1,4,4,3,1,5,-,5,2,-,2,-,-,-,1,1,-,1,1,-,-,-,-,1,-,1,-,-,-,1,1,-,-,-,-,-,-,-,4,2,2
Geumho 1(il)-ga-dong,Seongdong-gu,101.0,38.0,63,56,24,32,36,16,20,20,8,12,9,7,2,9,2,7,7,-,7,8,1,7,4,1,3,1,-,1,2,2,-,1,-,1,1,-,1,-,-,-,1,-,1,-,-,-,-,-,-,2,1,1
Geumho 4(sa)-ga-dong,Seongdong-gu,167.0,87.0,80,107,47,60,87,40,47,20,7,13,11,8,3,18,9,9,3,1,2,2,2,-,-,-,-,-,-,-,-,-,-,4,2,2,6,4,2,-,-,-,1,1,-,-,-,-,5,5,-,10,8,2
Seongsu 1(il)-ga1(il)-dong,Seongdong-gu,436.0,233.0,203,286,131,155,232,112,120,54,19,35,8,8,-,8,4,4,3,-,3,41,21,20,16,10,6,22,17,5,3,3,-,3,-,3,-,-,-,1,1,-,6,4,2,2,2,-,1,1,-,36,31,5
Seongsu 1(il)-ga2(i)-dong,Seongdong-gu,393.0,184.0,209,281,126,155,212,101,111,69,25,44,2,2,-,19,7,12,9,-,9,17,3,14,13,3,10,2,1,1,-,-,-,2,1,1,-,-,-,-,-,-,14,9,5,1,1,-,3,3,-,30,28,2
Seongsu 2(i)-ga1(il)-dong,Seongdong-gu,828.0,406.0,422,622,282,340,544,252,292,78,30,48,3,1,2,7,2,5,11,2,9,55,28,27,28,19,9,47,29,18,-,-,-,-,-,-,2,-,2,1,1,-,11,8,3,-,-,-,-,-,-,41,34,7
Seongsu 2(i)-ga 3(sam)-dong,Seongdong-gu,418.0,251.0,167,233,117,116,188,90,98,45,27,18,3,2,1,18,8,10,10,2,8,15,10,5,29,20,9,30,25,5,1,1,-,1,-,1,2,-,2,7,3,4,13,11,2,-,-,-,-,-,-,56,52,4
Songjeong-dong,Seongdong-gu,545.0,248.0,297,441,207,234,368,183,185,73,24,49,1,1,-,5,4,1,-,-,-,24,1,23,49,25,24,13,3,10,1,1,-,-,-,-,-,-,-,-,-,-,1,-,1,-,-,-,-,-,-,10,6,4
Yongdap-dong,Seongdong-gu,948.0,453.0,495,809,390,419,683,340,343,126,50,76,8,5,3,5,2,3,4,1,3,21,2,19,43,18,25,7,1,6,3,2,1,4,2,2,3,2,1,-,-,-,3,-,3,-,-,-,-,-,-,38,28,10
WangsimniDoseon-dong,Seongdong-gu,306.0,142.0,164,180,80,100,135,62,73,45,18,27,4,3,1,5,3,2,7,2,5,38,13,25,24,11,13,21,9,12,2,2,-,6,2,4,-,-,-,3,1,2,1,1,-,-,-,-,1,1,-,14,14,-
Geumho 2.3(i.sam)-ga-dong,Seongdong-gu,233.0,111.0,122,154,76,78,126,65,61,28,11,17,4,4,-,17,8,9,10,2,8,21,8,13,6,3,3,2,-,2,3,3,-,-,-,-,-,-,-,-,-,-,1,-,1,2,2,-,-,-,-,13,5,8
Oksu-dong,Seongdong-gu,238.0,117.0,121,99,39,60,81,31,50,18,8,10,34,24,10,15,9,6,9,1,8,8,1,7,5,3,2,6,1,5,4,3,1,1,-,1,-,-,-,2,-,2,1,-,1,8,6,2,7,3,4,39,27,12
Hwayang-dong,Gwangjin-gu,2692.0,1158.0,1534,2257,925,1332,718,357,361,1539,568,971,43,30,13,6,2,4,63,11,52,79,40,39,19,9,10,7,3,4,6,5,1,7,6,1,3,1,2,61,39,22,6,4,2,9,6,3,6,4,2,120,73,47
Gunja-dong,Gwangjin-gu,867.0,429.0,438,601,277,324,342,170,172,259,107,152,20,18,2,4,1,3,15,3,12,67,37,30,36,16,20,14,6,8,7,6,1,5,2,3,-,-,-,18,15,3,4,1,3,1,1,-,-,-,-,75,46,29
Junggok 1(il)-dong,Gwangjin-gu,495.0,210.0,285,345,149,196,278,127,151,67,22,45,17,16,1,3,3,-,10,3,7,27,5,22,40,14,26,14,3,11,-,-,-,2,-,2,6,1,5,-,-,-,6,-,6,-,-,-,-,-,-,25,16,9
Junggok 2(i)-dong,Gwangjin-gu,223.0,95.0,128,170,78,92,137,70,67,33,8,25,7,4,3,2,1,1,12,1,11,6,-,6,3,1,2,3,1,2,3,2,1,-,-,-,4,-,4,-,-,-,2,-,2,2,2,-,-,-,-,9,5,4
Junggok 3(sam)-dong,Gwangjin-gu,191.0,79.0,112,159,73,86,126,57,69,33,16,17,1,-,1,3,1,2,2,-,2,8,1,7,2,-,2,7,1,6,-,-,-,1,-,1,-,-,-,-,-,-,-,-,-,-,-,-,-,-,-,8,3,5
Junggok 4(sa)-dong,Gwangjin-gu,181.0,62.0,119,98,34,64,76,31,45,22,3,19,3,3,-,2,1,1,16,2,14,10,1,9,7,1,6,11,1,10,-,-,-,3,-,3,4,2,2,3,2,1,4,-,4,-,-,-,1,1,-,19,14,5
Neung-dong,Gwangjin-gu,257.0,108.0,149,176,72,104,135,56,79,41,16,25,11,4,7,12,8,4,5,1,4,7,2,5,3,1,2,2,-,2,-,-,-,-,-,-,11,3,8,5,1,4,2,-,2,3,2,1,-,-,-,20,14,6
Guui 1(il)-dong,Gwangjin-gu,769.0,344.0,425,623,286,337,510,238,272,113,48,65,23,10,13,17,7,10,29,8,21,12,3,9,14,5,9,5,1,4,1,1,-,6,1,5,4,3,1,1,1,-,1,-,1,-,-,-,3,1,2,30,17,13
Guui 2(i)-dong,Gwangjin-gu,360.0,123.0,237,141,47,94,123,47,76,18,-,18,12,7,5,8,3,5,154,58,96,9,-,9,15,4,11,4,1,3,1,-,1,3,-,3,1,-,1,-,-,-,3,-,3,-,-,-,-,-,-,9,3,6
Guui 3(sam)-dong,Gwangjin-gu,286.0,138.0,148,216,105,111,176,87,89,40,18,22,14,8,6,3,2,1,13,4,9,7,2,5,5,1,4,3,1,2,3,3,-,-,-,-,1,-,1,-,-,-,-,-,-,2,-,2,-,-,-,19,12,7
Gwangjang-dong,Gwangjin-gu,218.0,98.0,120,68,26,42,45,15,30,23,11,12,28,16,12,20,10,10,7,4,3,6,3,3,36,12,24,21,8,13,2,1,1,-,-,-,2,1,1,1,1,-,-,-,-,1,1,-,1,1,-,25,14,11
Jayang 1(il)-dong,Gwangjin-gu,1782.0,848.0,934,1626,796,830,1283,649,634,343,147,196,17,11,6,17,8,9,20,3,17,35,3,32,7,4,3,9,4,5,1,-,1,3,2,1,3,-,3,2,2,-,5,-,5,1,-,1,-,-,-,36,15,21
Jayang 2(i)-dong,Gwangjin-gu,296.0,147.0,149,248,123,125,204,103,101,44,20,24,9,5,4,5,4,1,6,3,3,6,-,6,11,6,5,2,2,-,-,-,-,-,-,-,-,-,-,5,2,3,-,-,-,-,-,-,-,-,-,4,2,2
Jayang 3(sam)-dong,Gwangjin-gu,355.0,154.0,201,275,120,155,191,93,98,84,27,57,7,5,2,13,5,8,14,6,8,6,-,6,4,2,2,4,2,2,6,4,2,4,-,4,3,-,3,-,-,-,1,-,1,-,-,-,-,-,-,18,10,8
Jayang 4(sa)-dong,Gwangjin-gu,3634.0,1740.0,1894,3537,1711,1826,3028,1473,1555,509,238,271,4,4,-,8,2,6,15,1,14,26,6,20,7,2,5,5,-,5,2,2,-,-,-,-,1,-,1,-,-,-,3,-,3,-,-,-,2,2,-,24,10,14
Hoegi-dong,Dongdaemun-gu,1478.0,571.0,907,1009,390,619,94,43,51,915,347,568,38,25,13,36,6,30,90,12,78,17,4,13,48,19,29,8,5,3,1,1,-,20,7,13,7,3,4,6,5,1,12,3,9,3,3,-,13,10,3,170,78,92
Hwigyeong 1(il)-dong,Dongdaemun-gu,1048.0,440.0,608,694,294,400,334,155,179,360,139,221,13,10,3,25,8,17,51,6,45,58,30,28,60,20,40,11,6,5,3,3,-,13,3,10,1,-,1,11,6,5,8,2,6,4,1,3,3,1,2,93,50,43
Hwigyeong 2(i)-dong,Dongdaemun-gu,385.0,164.0,221,234,102,132,133,64,69,101,38,63,25,13,12,4,1,3,16,2,14,8,-,8,26,14,12,39,14,25,2,1,1,2,1,1,-,-,-,-,-,-,-,-,-,1,1,-,1,1,-,27,14,13
Cheongnyangni-dong,Dongdaemun-gu,933.0,486.0,447,632,320,312,538,274,264,94,46,48,15,14,1,27,8,19,24,14,10,25,4,21,13,5,8,9,-,9,2,-,2,8,6,2,7,3,4,10,7,3,3,2,1,4,3,1,7,6,1,147,94,53
Yongsin-dong,Dongdaemun-gu,1437.0,669.0,768,1198,562,636,1023,491,532,175,71,104,14,10,4,37,22,15,30,6,24,46,12,34,44,16,28,9,3,6,3,2,1,6,3,3,5,3,2,2,1,1,1,-,1,3,2,1,7,5,2,32,22,10
Jegi-dong,Dongdaemun-gu,1551.0,660.0,891,1234,529,705,525,248,277,709,281,428,23,14,9,21,7,14,70,11,59,18,4,14,31,10,21,6,1,5,7,4,3,8,8,-,5,-,5,2,2,-,2,-,2,2,2,-,3,2,1,119,66,53
Jeonnong 1(il)-dong,Dongdaemun-gu,515.0,197.0,318,327,135,192,216,95,121,111,40,71,5,4,1,35,10,25,19,2,17,39,10,29,42,19,23,7,3,4,1,1,-,5,1,4,-,-,-,-,-,-,4,-,4,-,-,-,-,-,-,31,12,19
Jeonnong 2(i)-dong,Dongdaemun-gu,275.0,100.0,175,133,39,94,17,6,11,116,33,83,9,2,7,9,2,7,26,7,19,7,1,6,24,9,15,2,1,1,2,2,-,5,4,1,8,3,5,1,-,1,1,1,-,-,-,-,8,5,3,40,24,16
Dapsimni 1(il)-dong,Dongdaemun-gu,430.0,204.0,226,288,126,162,233,107,126,55,19,36,5,3,2,4,3,1,13,5,8,36,18,18,20,6,14,9,1,8,1,1,-,6,5,1,7,4,3,-,-,-,1,1,-,2,-,2,-,-,-,38,31,7
Dapsimni 2(i)-dong,Dongdaemun-gu,294.0,137.0,157,176,87,89,145,70,75,31,17,14,2,1,1,12,7,5,13,2,11,15,-,15,10,2,8,7,-,7,1,-,1,-,-,-,3,-,3,1,1,-,1,-,1,2,2,-,1,1,-,50,34,16
Jangan 1(il)-dong,Dongdaemun-gu,737.0,308.0,429,432,178,254,344,140,204,88,38,50,4,2,2,16,8,8,15,1,14,35,2,33,80,27,53,61,29,32,3,1,2,14,6,8,7,4,3,4,3,1,4,-,4,3,3,-,1,1,-,58,43,15
Jangan 2(i)-dong,Dongdaemun-gu,262.0,95.0,167,122,43,79,93,35,58,29,8,21,35,13,22,7,3,4,9,2,7,11,2,9,28,14,14,20,4,16,4,1,3,2,1,1,7,2,5,-,-,-,1,-,1,-,-,-,-,-,-,16,10,6
Imun 1(il)-dong,Dongdaemun-gu,2384.0,957.0,1427,1532,636,896,388,181,207,1144,455,689,41,30,11,48,12,36,124,16,108,83,24,59,87,33,54,29,9,20,6,4,2,28,9,19,31,8,23,15,14,1,17,3,14,4,4,-,28,9,19,311,146,165
Imun 2(i)-dong,Dongdaemun-gu,438.0,186.0,252,285,124,161,118,52,66,167,72,95,6,6,-,25,11,14,15,3,12,11,1,10,45,16,29,11,5,6,1,1,-,4,2,2,4,2,2,-,-,-,3,-,3,3,2,1,2,-,2,23,13,10
Myeonmok 2(i)-dong,Jungnang-gu,417.0,173.0,244,240,107,133,193,95,98,47,12,35,8,4,4,10,3,7,5,1,4,44,10,34,76,35,41,14,5,9,1,1,-,2,2,-,-,-,-,-,-,-,5,-,5,-,-,-,-,-,-,12,5,7
Myeonmok 4(sa)-dong,Jungnang-gu,217.0,80.0,137,155,62,93,125,52,73,30,10,20,-,-,-,5,2,3,4,1,3,17,3,14,19,7,12,12,4,8,-,-,-,-,-,-,-,-,-,1,1,-,2,-,2,-,-,-,-,-,-,2,-,2
Myeonmok 5(o)-dong,Jungnang-gu,162.0,47.0,115,93,32,61,76,28,48,17,4,13,-,-,-,2,2,-,2,-,2,17,-,17,24,7,17,9,1,8,-,-,-,8,4,4,3,-,3,-,-,-,2,-,2,-,-,-,-,-,-,2,1,1
Myeonmok 7(chil)-dong,Jungnang-gu,211.0,74.0,137,136,58,78,108,52,56,28,6,22,-,-,-,7,5,2,5,-,5,26,1,25,17,3,14,8,2,6,1,1,-,1,-,1,2,1,1,-,-,-,3,-,3,-,-,-,1,-,1,4,3,1
Sangbong 1(il)-dong,Jungnang-gu,228.0,85.0,143,164,62,102,129,52,77,35,10,25,7,6,1,4,1,3,8,1,7,16,1,15,13,6,7,5,1,4,1,1,-,1,-,1,-,-,-,-,-,-,-,-,-,-,-,-,-,-,-,9,6,3
Sangbong 2(i)-dong,Jungnang-gu,254.0,106.0,148,193,88,105,161,82,79,32,6,26,4,2,2,6,3,3,6,1,5,10,1,9,18,4,14,2,1,1,2,1,1,4,1,3,-,-,-,-,-,-,3,-,3,2,2,-,-,-,-,4,2,2
Junghwa 1(il)-dong,Jungnang-gu,271.0,107.0,164,211,92,119,164,75,89,47,17,30,3,2,1,2,2,-,8,-,8,12,-,12,9,1,8,7,-,7,1,1,-,3,2,1,2,-,2,-,-,-,2,-,2,1,1,-,-,-,-,10,6,4
Junghwa 2(i)-dong,Jungnang-gu,518.0,217.0,301,417,192,225,350,167,183,67,25,42,2,2,-,9,2,7,6,1,5,37,4,33,15,7,8,10,-,10,1,-,1,1,-,1,3,1,2,-,-,-,7,-,7,-,-,-,-,-,-,10,8,2
Muk 1(il)-dong,Jungnang-gu,217.0,83.0,134,155,61,94,94,35,59,61,26,35,5,4,1,7,3,4,14,3,11,11,1,10,1,1,-,8,-,8,3,3,-,-,-,-,1,-,1,-,-,-,1,-,1,-,-,-,-,-,-,11,7,4
Muk 2(i)-dong,Jungnang-gu,136.0,42.0,94,91,30,61,67,24,43,24,6,18,2,2,-,4,2,2,6,1,5,9,-,9,7,3,4,2,-,2,-,-,-,3,-,3,2,-,2,-,-,-,5,1,4,1,-,1,-,-,-,4,3,1
Mangu 3(sam)-dong,Jungnang-gu,151.0,46.0,105,80,28,52,63,23,40,17,5,12,3,2,1,2,1,1,1,1,-,19,-,19,39,10,29,1,-,1,-,-,-,-,-,-,-,-,-,-,-,-,2,-,2,1,1,-,-,-,-,3,3,-
Sinnae 1(il)-dong,Jungnang-gu,152.0,67.0,85,78,29,49,60,27,33,18,2,16,12,8,4,3,3,-,10,1,9,11,-,11,18,16,2,2,-,2,3,1,2,3,1,2,-,-,-,1,1,-,2,-,2,-,-,-,-,-,-,9,7,2
Sinnae 2(i)-dong,Jungnang-gu,85.0,34.0,51,53,22,31,33,14,19,20,8,12,6,3,3,1,-,1,4,-,4,3,-,3,1,-,1,-,-,-,3,3,-,1,-,1,-,-,-,-,-,-,2,1,1,5,2,3,-,-,-,6,3,3
Myeonmokbon-dong,Jungnang-gu,681.0,237.0,444,460,168,292,365,145,220,95,23,72,2,2,-,7,3,4,16,3,13,49,3,46,95,37,58,22,6,16,-,-,-,9,3,6,2,-,2,-,-,-,2,-,2,-,-,-,-,-,-,17,12,5
Myeonmok 3.8(sam.pal)-dong,Jungnang-gu,295.0,112.0,183,226,92,134,183,80,103,43,12,31,1,-,1,3,2,1,2,-,2,20,1,19,29,10,19,3,2,1,1,1,-,-,-,-,1,-,1,-,-,-,1,-,1,2,1,1,-,-,-,6,3,3
Mangubon-dong,Jungnang-gu,367.0,132.0,235,222,92,130,168,77,91,54,15,39,3,2,1,1,-,1,20,5,15,43,2,41,40,17,23,9,2,7,3,1,2,2,-,2,3,-,3,1,1,-,3,-,3,5,5,-,-,-,-,12,5,7
Donam 1(il)-dong,Seongbuk-gu,170.0,66.0,104,106,49,57,25,10,15,81,39,42,18,5,13,8,4,4,4,-,4,7,-,7,2,-,2,8,-,8,1,1,-,1,1,-,4,2,2,-,-,-,1,-,1,2,1,1,-,-,-,8,3,5
Donam 2(i)-dong,Seongbuk-gu,70.0,30.0,40,18,2,16,10,1,9,8,1,7,14,9,5,14,7,7,2,-,2,1,-,1,4,3,1,-,-,-,4,4,-,1,-,1,6,2,4,-,-,-,-,-,-,2,2,-,-,-,-,4,1,3
Anam-dong,Seongbuk-gu,1507.0,667.0,840,753,300,453,131,56,75,622,244,378,89,51,38,50,22,28,112,29,83,43,18,25,72,27,45,5,1,4,12,8,4,9,8,1,5,1,4,29,16,13,3,1,2,10,6,4,7,5,2,308,174,134
Bomun-dong,Seongbuk-gu,330.0,133.0,197,215,91,124,168,72,96,47,19,28,2,1,1,12,8,4,4,1,3,40,6,34,24,6,18,2,-,2,-,-,-,2,-,2,-,-,-,1,1,-,2,1,1,1,1,-,-,-,-,25,17,8
Jeongneung 1(il)-dong,Seongbuk-gu,322.0,115.0,207,179,58,121,67,21,46,112,37,75,13,7,6,14,8,6,15,5,10,27,2,25,27,10,17,7,2,5,6,6,-,3,1,2,5,-,5,3,3,-,-,-,-,2,2,-,1,1,-,20,10,10
Jeongneung 2(i)-dong,Seongbuk-gu,128.0,60.0,68,62,28,34,28,11,17,34,17,17,8,5,3,24,14,10,2,-,2,8,-,8,5,2,3,4,-,4,2,2,-,1,-,1,-,-,-,-,-,-,1,-,1,2,2,-,-,-,-,9,7,2
Jeongneung 3(sam)-dong,Seongbuk-gu,841.0,394.0,447,554,273,281,35,15,20,519,258,261,6,3,3,15,3,12,18,3,15,74,34,40,84,36,48,5,1,4,1,-,1,5,4,1,13,2,11,2,2,-,1,-,1,-,-,-,2,1,1,61,32,29
Jeongneung 4(sa)-dong,Seongbuk-gu,228.0,91.0,137,89,29,60,32,14,18,57,15,42,17,12,5,39,18,21,7,3,4,16,-,16,18,10,8,4,1,3,3,2,1,2,-,2,9,3,6,-,-,-,1,-,1,4,3,1,-,-,-,19,10,9
Gireum 1(il)-dong,Seongbuk-gu,224.0,86.0,138,113,43,70,70,27,43,43,16,27,8,4,4,22,12,10,18,1,17,17,1,16,5,1,4,6,-,6,9,7,2,-,-,-,6,3,3,-,-,-,-,-,-,2,1,1,1,1,-,17,12,5
Gireum 2(i)-dong,Seongbuk-gu,247.0,108.0,139,179,82,97,128,58,70,51,24,27,6,2,4,13,6,7,6,1,5,11,2,9,10,3,7,3,1,2,4,2,2,2,-,2,-,-,-,5,2,3,-,-,-,-,-,-,-,-,-,8,7,1
Wolgok 1(il)-dong,Seongbuk-gu,282.0,126.0,156,111,46,65,78,35,43,33,11,22,15,10,5,16,9,7,9,2,7,27,3,24,26,14,12,11,3,8,3,3,-,2,-,2,3,-,3,9,6,3,1,-,1,-,-,-,1,1,-,48,29,19
Wolgok 2(i)-dong,Seongbuk-gu,312.0,139.0,173,130,52,78,69,31,38,61,21,40,9,5,4,6,3,3,8,2,6,31,9,22,12,8,4,14,4,10,3,2,1,5,2,3,-,-,-,25,14,11,2,-,2,1,1,-,2,1,1,64,36,28
Jangwi 1(il)-dong,Seongbuk-gu,296.0,105.0,191,156,57,99,110,49,61,46,8,38,6,3,3,13,8,5,9,1,8,26,3,23,46,17,29,17,5,12,3,3,-,2,-,2,-,-,-,-,-,-,1,-,1,1,1,-,-,-,-,16,7,9
Jangwi 2(i)-dong,Seongbuk-gu,213.0,88.0,125,108,47,61,73,37,36,35,10,25,1,-,1,10,4,6,6,-,6,18,4,14,37,19,18,8,3,5,-,-,-,1,-,1,1,1,-,-,-,-,-,-,-,-,-,-,-,-,-,23,10,13
Jangwi 3(sam)-dong,Seongbuk-gu,246.0,95.0,151,140,57,83,79,33,46,61,24,37,-,-,-,6,4,2,5,-,5,7,-,7,69,29,40,7,2,5,-,-,-,1,-,1,-,-,-,-,-,-,1,-,1,-,-,-,-,-,-,10,3,7
Seongbuk-dong,Seongbuk-gu,555.0,232.0,323,125,51,74,80,38,42,45,13,32,91,51,40,8,4,4,19,1,18,14,3,11,2,-,2,82,14,68,13,6,7,1,-,1,2,-,2,12,7,5,2,-,2,30,17,13,10,6,4,144,72,72
Samseon-dong,Seongbuk-gu,565.0,253.0,312,378,156,222,112,38,74,266,118,148,26,18,8,16,11,5,19,9,10,15,2,13,49,19,30,3,1,2,14,8,6,1,-,1,2,1,1,2,2,-,1,-,1,6,2,4,1,1,-,32,23,9
Dongseon-dong,Seongbuk-gu,548.0,222.0,326,365,135,230,64,26,38,301,109,192,13,9,4,21,6,15,26,5,21,16,4,12,-,-,-,5,3,2,6,3,3,2,1,1,4,1,3,-,-,-,1,-,1,5,5,-,10,9,1,74,41,33
Jongam-dong,Seongbuk-gu,824.0,321.0,503,508,190,318,123,59,64,385,131,254,24,20,4,19,5,14,48,8,40,23,4,19,46,19,27,34,17,17,5,2,3,3,1,2,8,3,5,-,-,-,5,-,5,7,5,2,5,3,2,89,44,45
Seokgwan-dong,Seongbuk-gu,695.0,280.0,415,415,171,244,287,128,159,128,43,85,17,12,5,8,3,5,15,2,13,47,2,45,82,27,55,11,6,5,3,2,1,5,5,-,2,1,1,4,4,-,11,4,7,6,4,2,1,1,-,68,36,32
Beon 1(il)-dong,Gangbuk-gu,369.0,129.0,240,279,105,174,200,81,119,79,24,55,3,-,3,6,3,3,11,1,10,26,1,25,18,6,12,3,1,2,2,1,1,2,1,1,2,1,1,-,-,-,1,-,1,1,1,-,1,1,-,14,7,7
Beon 2(i)-dong,Gangbuk-gu,101.0,33.0,68,58,23,35,44,22,22,14,1,13,1,1,-,8,4,4,4,1,3,18,2,16,4,1,3,4,1,3,-,-,-,-,-,-,-,-,-,-,-,-,-,-,-,1,-,1,-,-,-,3,-,3
Beon 3(sam)-dong,Gangbuk-gu,61.0,14.0,47,38,10,28,19,8,11,19,2,17,1,1,-,2,-,2,4,-,4,6,-,6,3,-,3,2,-,2,1,1,-,-,-,-,-,-,-,-,-,-,-,-,-,1,1,-,1,1,-,2,-,2
Suyu 1(il)-dong,Gangbuk-gu,342.0,128.0,214,199,74,125,132,54,78,67,20,47,12,9,3,13,4,9,11,-,11,39,2,37,7,1,6,15,6,9,3,1,2,1,-,1,1,1,-,1,1,-,4,-,4,4,3,1,-,-,-,32,26,6
Suyu 2(i)-dong,Gangbuk-gu,131.0,32.0,99,69,22,47,51,16,35,18,6,12,5,5,-,6,2,4,13,-,13,18,-,18,3,1,2,5,-,5,2,-,2,-,-,-,-,-,-,-,-,-,2,-,2,-,-,-,-,-,-,8,2,6
Suyu 3(sam)-dong,Gangbuk-gu,331.0,126.0,205,213,86,127,164,74,90,49,12,37,11,5,6,7,3,4,6,-,6,21,2,19,26,10,16,15,4,11,4,1,3,2,1,1,3,2,1,-,-,-,2,-,2,5,5,-,1,-,1,15,7,8
Samyang-dong,Gangbuk-gu,144.0,51.0,93,104,43,61,67,30,37,37,13,24,2,2,-,1,-,1,5,-,5,10,-,10,4,1,3,7,1,6,1,1,-,1,1,-,-,-,-,-,-,-,2,-,2,-,-,-,-,-,-,7,2,5
Mia-dong,Gangbuk-gu,743.0,286.0,457,503,202,301,388,168,220,115,34,81,10,6,4,31,18,13,19,3,16,60,4,56,51,19,32,13,4,9,6,4,2,2,-,2,5,1,4,1,1,-,4,-,4,-,-,-,2,2,-,36,22,14
Songjung-dong,Gangbuk-gu,326.0,138.0,188,252,113,139,199,92,107,53,21,32,4,4,-,5,1,4,3,1,2,17,3,14,15,3,12,5,1,4,-,-,-,8,5,3,1,-,1,-,-,-,1,-,1,-,-,-,-,-,-,15,7,8
Songcheon-dong,Gangbuk-gu,313.0,136.0,177,229,103,126,173,84,89,56,19,37,7,4,3,2,-,2,11,1,10,6,-,6,24,9,15,2,1,1,9,7,2,4,1,3,-,-,-,1,1,-,3,1,2,1,-,1,-,-,-,14,8,6
Samgaksan-dong,Gangbuk-gu,67.0,24.0,43,32,10,22,20,7,13,12,3,9,3,2,1,6,4,2,8,3,5,7,-,7,3,-,3,2,-,2,-,-,-,-,-,-,1,1,-,-,-,-,-,-,-,1,1,-,1,-,1,3,3,-
Ui-dong,Gangbuk-gu,122.0,49.0,73,54,17,37,29,14,15,25,3,22,4,2,2,10,5,5,3,2,1,15,-,15,-,-,-,7,6,1,3,3,-,5,-,5,1,-,1,1,1,-,9,6,3,-,-,-,2,-,2,8,7,1
Insu-dong,Gangbuk-gu,203.0,70.0,133,111,41,70,70,31,39,41,10,31,11,6,5,4,1,3,12,2,10,21,-,21,6,1,5,8,1,7,-,-,-,2,-,2,-,-,-,2,2,-,4,-,4,4,3,1,2,2,-,16,11,5
Ssangmun 1(il)-dong,Dobong-gu,225.0,63.0,162,121,39,82,66,31,35,55,8,47,9,5,4,6,3,3,7,1,6,28,2,26,10,1,9,12,4,8,4,2,2,4,-,4,1,-,1,-,-,-,3,-,3,1,1,-,1,1,-,18,4,14
Ssangmun 2(i)-dong,Dobong-gu,116.0,43.0,73,61,25,36,37,15,22,24,10,14,1,1,-,4,3,1,5,3,2,16,2,14,9,2,7,5,-,5,1,1,-,-,-,-,1,-,1,-,-,-,1,-,1,-,-,-,1,-,1,11,6,5
Ssangmun 3(sam)-dong,Dobong-gu,146.0,51.0,95,91,34,57,68,30,38,23,4,19,3,3,-,1,1,-,9,-,9,17,1,16,14,5,9,6,3,3,-,-,-,2,1,1,-,-,-,-,-,-,-,-,-,-,-,-,-,-,-,3,3,-
Ssangmun 4(sa)-dong,Dobong-gu,47.0,19.0,28,24,9,15,14,6,8,10,3,7,6,3,3,-,-,-,1,-,1,7,1,6,-,-,-,2,1,1,-,-,-,1,1,-,-,-,-,-,-,-,-,-,-,1,-,1,-,-,-,5,4,1
Banghak 1(il)-dong,Dobong-gu,256.0,97.0,159,131,42,89,93,34,59,38,8,30,12,8,4,4,3,1,9,4,5,22,2,20,27,10,17,19,10,9,8,6,2,1,-,1,-,-,-,-,-,-,3,1,2,2,1,1,-,-,-,18,10,8
Banghak 2(i)-dong,Dobong-gu,187.0,61.0,126,104,32,72,65,26,39,39,6,33,1,-,1,-,-,-,8,-,8,17,-,17,5,1,4,33,15,18,-,-,-,1,-,1,-,-,-,-,-,-,3,1,2,-,-,-,-,-,-,15,12,3
Banghak 3(sam)-dong,Dobong-gu,64.0,23.0,41,22,8,14,17,6,11,5,2,3,5,4,1,9,5,4,5,-,5,7,-,7,1,-,1,2,-,2,6,4,2,-,-,-,1,-,1,-,-,-,-,-,-,1,-,1,-,-,-,5,2,3
Chang 1(il)-dong,Dobong-gu,265.0,121.0,144,103,40,63,81,37,44,22,3,19,21,14,7,4,1,3,13,-,13,15,4,11,11,3,8,50,30,20,13,9,4,5,-,5,1,-,1,1,1,-,4,-,4,4,4,-,2,1,1,18,14,4
Chang 2(i)-dong,Dobong-gu,222.0,113.0,109,81,36,45,57,26,31,24,10,14,6,4,2,-,-,-,6,-,6,29,5,24,15,8,7,40,20,20,3,3,-,2,2,-,1,1,-,-,-,-,10,9,1,-,-,-,5,3,2,24,22,2
Chang 3(sam)-dong,Dobong-gu,80.0,22.0,58,51,18,33,30,13,17,21,5,16,1,1,-,-,-,-,5,-,5,14,-,14,2,1,1,2,-,2,-,-,-,-,-,-,-,-,-,-,-,-,-,-,-,1,1,-,-,-,-,4,1,3
Chang 4(sa)-dong,Dobong-gu,61.0,22.0,39,20,5,15,11,3,8,9,2,7,12,7,5,4,2,2,4,-,4,6,-,6,1,-,1,-,-,-,4,3,1,1,1,-,1,-,1,-,-,-,-,-,-,2,1,1,-,-,-,6,3,3
Chang 5(o)-dong,Dobong-gu,146.0,58.0,88,72,31,41,52,23,29,20,8,12,14,4,10,6,3,3,8,-,8,5,-,5,3,1,2,9,2,7,7,3,4,4,1,3,-,-,-,-,-,-,3,1,2,3,3,-,2,-,2,10,9,1
Dobong 1(il)-dong,Dobong-gu,186.0,63.0,123,108,37,71,71,28,43,37,9,28,4,3,1,4,3,1,13,6,7,23,3,20,3,2,1,12,1,11,2,-,2,4,-,4,-,-,-,-,-,-,-,-,-,-,-,-,-,-,-,13,8,5
Dobong 2(i)-dong,Dobong-gu,108.0,37.0,71,75,27,48,43,20,23,32,7,25,2,1,1,3,2,1,3,1,2,8,-,8,2,-,2,1,-,1,1,1,-,1,-,1,1,-,1,-,-,-,2,-,2,1,1,-,1,1,-,7,3,4
Wolgye 1(il)-dong,Nowon-gu,495.0,242.0,253,348,180,168,94,47,47,254,133,121,9,2,7,5,1,4,17,5,12,19,1,18,35,16,19,9,1,8,1,1,-,-,-,-,8,3,5,13,8,5,5,2,3,2,1,1,-,-,-,24,21,3
Wolgye 2(i)-dong,Nowon-gu,193.0,69.0,124,109,41,68,53,19,34,56,22,34,27,16,11,8,2,6,16,2,14,11,-,11,3,2,1,4,1,3,8,4,4,-,-,-,3,1,2,-,-,-,-,-,-,-,-,-,-,-,-,4,-,4
Wolgye 3(sam)-dong,Nowon-gu,140.0,50.0,90,84,34,50,36,18,18,48,16,32,4,2,2,5,4,1,16,2,14,9,1,8,10,2,8,5,1,4,3,2,1,-,-,-,-,-,-,-,-,-,-,-,-,-,-,-,1,1,-,3,1,2
Gongneung 2(i)-dong,Nowon-gu,606.0,260.0,346,285,117,168,65,32,33,220,85,135,59,34,25,7,1,6,42,6,36,41,6,35,26,11,15,14,5,9,10,8,2,5,3,2,10,5,5,1,-,1,-,-,-,7,4,3,4,2,2,95,58,37
Hagye 1(il)-dong,Nowon-gu,141.0,75.0,66,74,36,38,46,22,24,28,14,14,11,8,3,4,2,2,13,1,12,5,1,4,8,6,2,3,-,3,2,2,-,13,12,1,3,3,-,-,-,-,-,-,-,-,-,-,-,-,-,5,4,1
Hagye 2(i)-dong,Nowon-gu,46.0,24.0,22,23,12,11,13,8,5,10,4,6,6,4,2,5,4,1,7,2,5,-,-,-,-,-,-,-,-,-,2,2,-,1,-,1,-,-,-,-,-,-,1,-,1,-,-,-,-,-,-,1,-,1
Junggyebon-dong,Nowon-gu,155.0,76.0,79,95,44,51,49,27,22,46,17,29,15,12,3,3,1,2,8,2,6,7,1,6,3,2,1,6,2,4,9,7,2,-,-,-,-,-,-,1,1,-,-,-,-,-,-,-,-,-,-,8,4,4
Junggye 1(il)-dong,Nowon-gu,85.0,38.0,47,14,4,10,9,3,6,5,1,4,39,21,18,3,1,2,7,2,5,2,-,2,-,-,-,1,-,1,6,3,3,-,-,-,1,-,1,-,-,-,-,-,-,5,4,1,-,-,-,7,3,4
Junggye 4(sa)-dong,Nowon-gu,84.0,29.0,55,38,12,26,20,7,13,18,5,13,9,7,2,2,1,1,11,-,11,6,-,6,-,-,-,6,-,6,6,4,2,2,1,1,-,-,-,2,2,-,-,-,-,1,1,-,-,-,-,1,1,-
Sanggye 1(il)-dong,Nowon-gu,262.0,106.0,156,136,52,84,93,43,50,43,9,34,18,10,8,8,3,5,18,5,13,16,2,14,5,2,3,25,18,7,7,3,4,9,2,7,2,-,2,2,1,1,-,-,-,5,3,2,-,-,-,11,5,6
Sanggye 2(i)-dong,Nowon-gu,131.0,51.0,80,79,30,49,58,23,35,21,7,14,10,5,5,5,2,3,4,1,3,8,1,7,6,2,4,7,2,5,1,1,-,1,-,1,1,-,1,-,-,-,-,-,-,1,1,-,1,1,-,7,5,2
Sanggye 5(o)-dong,Nowon-gu,126.0,50.0,76,76,35,41,61,31,30,15,4,11,3,2,1,7,3,4,8,3,5,13,-,13,8,5,3,4,-,4,1,-,1,1,-,1,1,-,1,-,-,-,-,-,-,-,-,-,-,-,-,4,2,2
Sanggye 8(pal)-dong,Nowon-gu,43.0,8.0,35,19,3,16,7,3,4,12,-,12,3,2,1,2,1,1,6,-,6,4,-,4,-,-,-,4,-,4,-,-,-,-,-,-,-,-,-,-,-,-,-,-,-,-,-,-,1,1,-,4,1,3
Sanggye 9(gu)-dong,Nowon-gu,68.0,18.0,50,34,9,25,17,3,14,17,6,11,2,1,1,8,4,4,8,1,7,5,-,5,-,-,-,2,-,2,1,1,-,1,-,1,1,-,1,-,-,-,-,-,-,1,-,1,-,-,-,5,2,3
Sanggye 10(sip)-dong,Nowon-gu,45.0,12.0,33,15,3,12,11,1,10,4,2,2,6,4,2,3,1,2,6,-,6,5,-,5,1,-,1,1,-,1,1,1,-,-,-,-,-,-,-,-,-,-,-,-,-,-,-,-,-,-,-,7,3,4
Sanggye 3.4(sam.sa)-dong,Nowon-gu,250.0,86.0,164,162,63,99,118,55,63,44,8,36,2,-,2,6,5,1,9,2,7,32,4,28,11,4,7,6,-,6,1,1,-,4,-,4,-,-,-,-,-,-,-,-,-,-,-,-,-,-,-,17,7,10
Sanggye 6.7(yuk.chil)-dong,Nowon-gu,172.0,74.0,98,83,31,52,39,14,25,44,17,27,22,12,10,22,12,10,9,3,6,6,-,6,-,-,-,7,3,4,7,3,4,1,-,1,-,-,-,-,-,-,1,-,1,2,2,-,-,-,-,12,8,4
Junggye 2.3(i.sam)-dong,Nowon-gu,146.0,59.0,87,87,41,46,58,33,25,29,8,21,8,4,4,3,2,1,7,1,6,16,2,14,3,-,3,7,1,6,2,1,1,1,-,1,2,1,1,2,1,1,-,-,-,4,2,2,-,-,-,4,3,1
Gongneung 1(il)-dong,Nowon-gu,377.0,173.0,204,271,131,140,178,89,89,93,42,51,7,5,2,7,1,6,13,-,13,23,6,17,15,6,9,6,-,6,4,2,2,1,1,-,-,-,-,1,-,1,4,3,1,5,4,1,1,1,-,19,13,6
Nokbeon-dong,Eunpyeong-gu,499.0,224.0,275,287,123,164,227,100,127,60,23,37,15,13,2,108,61,47,18,4,14,26,4,22,4,2,2,4,-,4,2,1,1,4,2,2,1,-,1,-,-,-,2,-,2,2,2,-,1,-,1,25,12,13
Bulgwang 1(il)-dong,Eunpyeong-gu,383.0,171.0,212,239,115,124,177,84,93,62,31,31,16,8,8,38,24,14,33,6,27,22,-,22,1,1,-,5,1,4,1,1,-,3,1,2,1,1,-,2,1,1,2,-,2,2,2,-,1,-,1,17,10,7
Galhyeon 1(il)-dong,Eunpyeong-gu,245.0,96.0,149,157,68,89,107,46,61,50,22,28,8,5,3,8,6,2,17,2,15,28,3,25,1,1,-,3,-,3,1,-,1,-,-,-,1,-,1,-,-,-,6,-,6,3,3,-,-,-,-,12,8,4
Galhyeon 2(i)-dong,Eunpyeong-gu,265.0,118.0,147,57,23,34,40,19,21,17,4,13,13,7,6,27,13,14,145,68,77,9,1,8,1,-,1,1,-,1,7,4,3,1,-,1,-,-,-,-,-,-,-,-,-,2,2,-,-,-,-,2,-,2
Gusan-dong,Eunpyeong-gu,223.0,87.0,136,135,53,82,66,31,35,69,22,47,4,3,1,37,19,18,14,6,8,17,-,17,5,2,3,3,-,3,1,-,1,-,-,-,-,-,-,-,-,-,-,-,-,1,1,-,-,-,-,6,3,3
Daejo-dong,Eunpyeong-gu,345.0,149.0,196,239,106,133,186,92,94,53,14,39,8,5,3,34,17,17,10,2,8,16,1,15,5,1,4,2,-,2,5,4,1,13,5,8,-,-,-,-,-,-,1,-,1,1,1,-,1,1,-,10,6,4
Eungam 1(il)-dong,Eunpyeong-gu,374.0,148.0,226,190,70,120,140,54,86,50,16,34,22,11,11,63,38,25,15,3,12,26,2,24,3,-,3,9,2,7,9,6,3,3,-,3,2,-,2,-,-,-,2,-,2,3,2,1,4,2,2,23,12,11
Eungam 2(i)-dong,Eunpyeong-gu,175.0,79.0,96,89,39,50,71,36,35,18,3,15,2,2,-,44,25,19,7,1,6,11,1,10,-,-,-,1,-,1,1,1,-,-,-,-,-,-,-,2,1,1,2,-,2,-,-,-,1,1,-,15,8,7
Sinsa 1(il)-dong,Eunpyeong-gu,245.0,96.0,149,114,42,72,62,22,40,52,20,32,14,11,3,17,11,6,9,1,8,27,2,25,1,-,1,7,1,6,2,1,1,25,14,11,3,1,2,7,3,4,1,-,1,2,2,-,1,-,1,15,7,8
Sinsa 2(i)-dong,Eunpyeong-gu,130.0,48.0,82,68,23,45,46,17,29,22,6,16,2,1,1,10,3,7,5,-,5,7,-,7,-,-,-,17,6,11,2,2,-,5,3,2,-,-,-,-,-,-,1,-,1,-,-,-,2,2,-,11,8,3
Jeungsan-dong,Eunpyeong-gu,169.0,68.0,101,90,38,52,69,29,40,21,9,12,2,2,-,20,11,9,10,2,8,7,-,7,5,2,3,3,1,2,1,1,-,3,-,3,4,1,3,-,-,-,4,-,4,-,-,-,-,-,-,20,10,10
Susaek-dong,Eunpyeong-gu,200.0,70.0,130,146,51,95,96,36,60,50,15,35,2,2,-,17,10,7,2,-,2,15,1,14,4,1,3,4,-,4,-,-,-,1,-,1,-,-,-,-,-,-,-,-,-,-,-,-,-,-,-,9,5,4
Jingwan-dong,Eunpyeong-gu,170.0,63.0,107,65,17,48,38,14,24,27,3,24,2,2,-,27,15,12,19,9,10,12,1,11,6,2,4,2,1,1,4,2,2,11,2,9,2,-,2,-,-,-,5,1,4,1,1,-,-,-,-,14,10,4
Bulgwang 2(i)-dong,Eunpyeong-gu,271.0,108.0,163,211,92,119,158,73,85,53,19,34,3,1,2,11,6,5,12,2,10,14,1,13,-,-,-,4,-,4,2,1,1,4,1,3,2,-,2,-,-,-,-,-,-,-,-,-,-,-,-,8,4,4
Eungam 3(sam)-dong,Eunpyeong-gu,287.0,102.0,185,151,63,88,100,45,55,51,18,33,2,-,2,45,24,21,11,1,10,39,1,38,6,-,6,4,1,3,-,-,-,-,-,-,1,-,1,-,-,-,6,-,6,1,1,-,-,-,-,21,11,10
Yeokchon-dong,Eunpyeong-gu,430.0,226.0,204,294,172,122,134,58,76,160,114,46,10,8,2,45,25,20,22,6,16,22,2,20,3,-,3,7,-,7,1,1,-,6,4,2,1,-,1,1,1,-,2,-,2,-,-,-,-,-,-,16,7,9
Cheonyeon-dong,Seodaemun-gu,225.0,107.0,118,107,44,63,82,35,47,25,9,16,10,8,2,47,29,18,7,1,6,9,5,4,2,-,2,5,2,3,2,1,1,1,-,1,5,2,3,-,-,-,1,-,1,3,3,-,-,-,-,26,12,14
Hongje 1(il)-dong,Seodaemun-gu,423.0,186.0,237,182,75,107,143,65,78,39,10,29,11,9,2,161,81,80,16,4,12,24,6,18,6,2,4,4,-,4,1,1,-,4,-,4,1,-,1,-,-,-,2,-,2,2,2,-,-,-,-,9,6,3
Hongje 3(sam)-dong,Seodaemun-gu,174.0,83.0,91,121,57,64,100,48,52,21,9,12,4,4,-,23,17,6,14,5,9,5,-,5,-,-,-,2,-,2,-,-,-,-,-,-,-,-,-,-,-,-,-,-,-,-,-,-,1,-,1,4,-,4
Hongje 2(i)-dong,Seodaemun-gu,147.0,58.0,89,71,26,45,55,21,34,16,5,11,5,4,1,50,22,28,5,1,4,6,1,5,2,-,2,1,-,1,-,-,-,1,-,1,-,-,-,-,-,-,-,-,-,1,1,-,-,-,-,5,3,2
Hongeun 1(il)-dong,Seodaemun-gu,315.0,134.0,181,147,58,89,74,34,40,73,24,49,12,8,4,78,47,31,15,2,13,19,5,14,5,2,3,3,-,3,6,2,4,6,-,6,4,1,3,-,-,-,9,4,5,3,2,1,1,1,-,7,2,5
Hongeun 2(i)-dong,Seodaemun-gu,608.0,283.0,325,138,53,85,60,24,36,78,29,49,19,14,5,239,117,122,17,4,13,21,6,15,17,4,13,4,-,4,10,6,4,-,-,-,-,-,-,1,1,-,17,4,13,5,4,1,1,1,-,119,69,50
Namgajwa 1(il)-dong,Seodaemun-gu,119.0,55.0,64,82,40,42,34,18,16,48,22,26,1,1,-,16,9,7,4,1,3,4,1,3,4,1,3,3,-,3,-,-,-,-,-,-,-,-,-,1,1,-,-,-,-,1,-,1,1,-,1,2,1,1
Namgajwa 2(i)-dong,Seodaemun-gu,541.0,226.0,315,265,106,159,69,29,40,196,77,119,8,4,4,159,90,69,24,2,22,21,-,21,26,10,16,5,-,5,-,-,-,-,-,-,3,-,3,-,-,-,2,-,2,-,-,-,-,-,-,28,14,14
Bukgajwa 1(il)-dong,Seodaemun-gu,164.0,73.0,91,61,28,33,42,20,22,19,8,11,2,1,1,49,26,23,9,1,8,13,-,13,1,1,-,4,-,4,-,-,-,3,-,3,-,-,-,-,-,-,-,-,-,1,1,-,2,1,1,19,14,5
Bukgajwa 2(i)-dong,Seodaemun-gu,255.0,85.0,170,122,39,83,86,31,55,36,8,28,6,2,4,65,29,36,18,1,17,15,1,14,1,-,1,10,1,9,-,-,-,-,-,-,1,-,1,-,-,-,-,-,-,-,-,-,-,-,-,17,12,5
Chunghyeon-dong,Seodaemun-gu,817.0,257.0,560,308,116,192,68,29,39,240,87,153,38,17,21,55,14,41,91,9,82,23,4,19,14,5,9,10,2,8,3,1,2,2,-,2,6,1,5,21,9,12,10,-,10,11,7,4,34,18,16,191,54,137
Bugahyeon-dong,Seodaemun-gu,295.0,144.0,151,226,106,120,187,88,99,39,18,21,8,6,2,18,9,9,4,1,3,10,2,8,3,1,2,2,2,-,2,2,-,1,-,1,1,-,1,7,6,1,2,-,2,1,1,-,1,-,1,9,8,1
Sinchon-dong,Seodaemun-gu,3182.0,1109.0,2073,1172,393,779,189,81,108,983,312,671,259,143,116,198,66,132,560,76,484,51,10,41,64,16,48,12,6,6,50,30,20,22,13,9,32,10,22,43,30,13,61,9,52,30,23,7,65,33,32,563,251,312
Yeonhui-dong,Seodaemun-gu,2494.0,1175.0,1319,440,172,268,145,50,95,295,122,173,296,152,144,1176,610,566,60,19,41,34,6,28,27,10,17,27,4,23,61,27,34,17,4,13,8,1,7,18,8,10,45,16,29,51,21,30,7,5,2,227,120,107
Yonggang-dong,Mapo-gu,351.0,204.0,147,85,36,49,58,27,31,27,9,18,17,10,7,47,25,22,127,91,36,22,13,9,3,2,1,2,-,2,8,6,2,3,-,3,3,1,2,3,3,-,2,-,2,5,5,-,3,2,1,21,10,11
Daeheung-dong,Mapo-gu,1697.0,629.0,1068,1004,376,628,473,218,255,531,158,373,67,44,23,53,11,42,166,30,136,37,10,27,29,11,18,8,1,7,13,10,3,8,2,6,11,-,11,14,9,5,13,1,12,6,4,2,44,23,21,224,97,127
Yeomni-dong,Mapo-gu,584.0,250.0,334,451,197,254,337,149,188,114,48,66,33,20,13,20,11,9,14,3,11,11,-,11,21,4,17,2,1,1,1,-,1,3,1,2,1,-,1,4,2,2,-,-,-,3,2,1,2,-,2,18,9,9
Sinsu-dong,Mapo-gu,491.0,231.0,260,327,152,175,92,41,51,235,111,124,22,13,9,32,15,17,16,3,13,16,9,7,8,2,6,7,2,5,4,2,2,1,1,-,3,3,-,4,3,1,6,5,1,2,2,-,2,1,1,41,18,23
Seogyo-dong,Mapo-gu,1148.0,463.0,685,477,170,307,132,50,82,345,120,225,79,50,29,157,69,88,155,23,132,10,3,7,18,9,9,7,2,5,27,16,11,1,-,1,1,-,1,9,9,-,40,17,23,18,13,5,20,12,8,129,70,59
Hapjeong-dong,Mapo-gu,238.0,114.0,124,122,57,65,93,47,46,29,10,19,15,12,3,24,10,14,21,9,12,6,1,5,-,-,-,2,-,2,3,3,-,7,2,5,-,-,-,3,3,-,1,-,1,2,2,-,3,1,2,29,14,15
Mangwon 1(il)-dong,Mapo-gu,349.0,153.0,196,225,101,124,174,83,91,51,18,33,5,3,2,49,26,23,17,1,16,12,2,10,6,2,4,7,2,5,1,-,1,2,1,1,2,1,1,-,-,-,1,-,1,2,2,-,2,1,1,18,11,7
Mangwon 2(i)-dong,Mapo-gu,181.0,64.0,117,93,34,59,63,26,37,30,8,22,3,1,2,34,16,18,8,1,7,18,3,15,2,-,2,5,-,5,2,2,-,-,-,-,2,1,1,-,-,-,3,-,3,4,3,1,-,-,-,7,3,4
Yeonnam-dong,Mapo-gu,1098.0,544.0,554,239,103,136,111,42,69,128,61,67,24,20,4,693,359,334,30,6,24,11,6,5,2,-,2,5,2,3,8,6,2,3,2,1,1,-,1,2,1,1,5,4,1,7,6,1,10,1,9,58,28,30
Seongsan 1(il)-dong,Mapo-gu,323.0,143.0,180,160,69,91,106,46,60,54,23,31,10,9,1,85,44,41,19,3,16,11,-,11,-,-,-,5,1,4,3,2,1,-,-,-,2,1,1,-,-,-,4,-,4,2,2,-,4,2,2,18,10,8
Seongsan 2(i)-dong,Mapo-gu,194.0,85.0,109,81,31,50,56,24,32,25,7,18,11,9,2,42,24,18,24,8,16,8,-,8,-,-,-,3,-,3,1,1,-,5,1,4,1,-,1,-,-,-,5,1,4,5,5,-,1,1,-,7,4,3
Sangam-dong,Mapo-gu,548.0,277.0,271,87,34,53,40,17,23,47,17,30,46,29,17,27,12,15,109,54,55,19,4,15,1,-,1,5,1,4,27,15,12,4,1,3,9,6,3,8,7,1,6,2,4,15,8,7,2,2,-,183,102,81
Dohwa-dong,Mapo-gu,365.0,189.0,176,182,74,108,125,51,74,57,23,34,16,10,6,58,32,26,74,54,20,3,2,1,-,-,-,6,3,3,1,1,-,-,-,-,3,1,2,5,2,3,4,1,3,1,1,-,3,3,-,9,5,4
Seogang-dong,Mapo-gu,500.0,232.0,268,224,93,131,81,39,42,143,54,89,50,37,13,45,26,19,55,11,44,5,1,4,2,-,2,3,-,3,9,7,2,2,1,1,1,-,1,12,11,1,7,2,5,8,4,4,19,10,9,58,29,29
gongdeok-dong,Mapo-gu,618.0,290.0,328,310,136,174,244,112,132,66,24,42,21,12,9,75,40,35,74,40,34,27,6,21,15,5,10,8,1,7,6,5,1,2,-,2,4,2,2,11,5,6,1,-,1,9,5,4,8,6,2,47,27,20
Ahyeon-dong,Mapo-gu,486.0,240.0,246,316,158,158,245,133,112,71,25,46,15,10,5,60,28,32,22,10,12,17,8,9,3,2,1,2,-,2,2,2,-,1,-,1,2,-,2,1,1,-,4,-,4,5,5,-,3,1,2,33,15,18
Mok 1(il)-dong,Yangcheon-gu,259.0,129.0,130,122,57,65,74,32,42,48,25,23,45,28,17,22,14,8,17,8,9,9,1,8,3,-,3,10,5,5,7,4,3,-,-,-,1,-,1,-,-,-,3,2,1,5,3,2,1,1,-,14,6,8
Mok 2(i)-dong,Yangcheon-gu,227.0,95.0,132,134,63,71,111,60,51,23,3,20,8,4,4,31,17,14,16,2,14,15,1,14,-,-,-,1,-,1,-,-,-,2,-,2,3,1,2,-,-,-,2,1,1,2,1,1,2,2,-,11,3,8
Mok 3(sam)-dong,Yangcheon-gu,159.0,66.0,93,101,42,59,82,36,46,19,6,13,3,2,1,22,10,12,7,3,4,13,1,12,1,-,1,-,-,-,2,2,-,-,-,-,-,-,-,-,-,-,-,-,-,-,-,-,-,-,-,10,6,4
Mok 4(sa)-dong,Yangcheon-gu,173.0,68.0,105,103,44,59,80,37,43,23,7,16,8,1,7,28,15,13,12,2,10,3,-,3,5,2,3,3,1,2,3,1,2,-,-,-,2,1,1,-,-,-,-,-,-,1,1,-,-,-,-,5,-,5
Sinwol 1(il)-dong,Yangcheon-gu,468.0,169.0,299,340,139,201,259,118,141,81,21,60,2,1,1,18,10,8,5,-,5,45,4,41,12,2,10,30,8,22,-,-,-,4,2,2,-,-,-,-,-,-,5,1,4,-,-,-,-,-,-,7,2,5
Sinwol 2(i)-dong,Yangcheon-gu,166.0,61.0,105,127,48,79,97,40,57,30,8,22,-,-,-,8,5,3,4,-,4,14,2,12,3,2,1,1,-,1,-,-,-,-,-,-,-,-,-,-,-,-,-,-,-,1,-,1,-,-,-,8,4,4
Sinwol 3(sam)-dong,Yangcheon-gu,224.0,85.0,139,165,71,94,127,58,69,38,13,25,-,-,-,13,5,8,3,1,2,13,1,12,10,1,9,19,6,13,-,-,-,-,-,-,-,-,-,-,-,-,1,-,1,-,-,-,-,-,-,-,-,-
Sinwol 4(sa)-dong,Yangcheon-gu,65.0,17.0,48,36,12,24,21,10,11,15,2,13,1,1,-,-,-,-,1,-,1,13,1,12,-,-,-,5,1,4,-,-,-,1,-,1,1,-,1,-,-,-,1,-,1,-,-,-,-,-,-,6,2,4
Sinwol 5(o)-dong,Yangcheon-gu,142.0,62.0,80,89,43,46,71,37,34,18,6,12,-,-,-,13,7,6,3,-,3,9,-,9,-,-,-,19,7,12,1,1,-,-,-,-,1,-,1,-,-,-,1,-,1,-,-,-,-,-,-,6,4,2
Sinwol 6(yuk)-dong,Yangcheon-gu,61.0,24.0,37,47,19,28,39,19,20,8,-,8,-,-,-,4,3,1,1,-,1,3,-,3,-,-,-,1,-,1,-,-,-,-,-,-,-,-,-,1,1,-,-,-,-,-,-,-,-,-,-,4,1,3
Sinwol 7(chil)-dong,Yangcheon-gu,139.0,49.0,90,74,30,44,53,26,27,21,4,17,4,4,-,11,7,4,6,-,6,15,-,15,4,-,4,12,2,10,1,-,1,-,-,-,-,-,-,-,-,-,3,-,3,2,2,-,-,-,-,7,4,3
Sinjeong 1(il)-dong,Yangcheon-gu,468.0,230.0,238,337,174,163,304,167,137,33,7,26,16,9,7,25,10,15,16,6,10,20,2,18,1,-,1,18,9,9,5,3,2,1,-,1,-,-,-,4,2,2,1,-,1,2,1,1,-,-,-,22,14,8
Sinjeong 2(i)-dong,Yangcheon-gu,192.0,93.0,99,112,52,60,95,45,50,17,7,10,15,8,7,20,12,8,2,1,1,5,1,4,11,6,5,3,-,3,9,5,4,-,-,-,-,-,-,2,1,1,1,-,1,3,3,-,2,1,1,7,3,4
Sinjeong 3(sam)-dong,Yangcheon-gu,887.0,433.0,454,814,413,401,689,373,316,125,40,85,7,4,3,9,5,4,16,2,14,21,1,20,2,-,2,5,-,5,3,2,1,3,2,1,2,-,2,1,-,1,-,-,-,1,1,-,-,-,-,3,3,-
Sinjeong 6(yuk)-dong,Yangcheon-gu,44.0,18.0,26,10,3,7,7,3,4,3,-,3,15,6,9,4,2,2,6,2,4,2,-,2,-,-,-,-,-,-,2,1,1,1,-,1,-,-,-,1,1,-,-,-,-,-,-,-,-,-,-,3,3,-
Sinjeong 7(chil)-dong,Yangcheon-gu,223.0,111.0,112,160,79,81,123,64,59,37,15,22,13,9,4,7,3,4,6,2,4,8,-,8,-,-,-,7,5,2,5,5,-,3,-,3,-,-,-,-,-,-,3,-,3,-,-,-,1,1,-,10,7,3
Mok 5(o)-dong,Yangcheon-gu,87.0,39.0,48,14,6,8,3,2,1,11,4,7,39,21,18,2,-,2,4,-,4,1,-,1,3,2,1,-,-,-,12,4,8,-,-,-,-,-,-,2,1,1,-,-,-,5,2,3,-,-,-,5,3,2
Sinjeong 4(sa)-dong,Yangcheon-gu,564.0,247.0,317,419,183,236,358,164,194,61,19,42,46,25,21,14,9,5,13,2,11,15,1,14,14,4,10,4,-,4,9,6,3,3,1,2,2,-,2,3,2,1,-,-,-,3,3,-,-,-,-,19,11,8
Yeomchang-dong,Gangseo-gu,154.0,69.0,85,45,21,24,35,16,19,10,5,5,6,3,3,30,15,15,24,5,19,14,-,14,-,-,-,-,-,-,3,2,1,1,-,1,4,3,1,3,2,1,2,1,1,4,2,2,-,-,-,18,15,3
Deungchon 1(il)-dong,Gangseo-gu,479.0,242.0,237,132,44,88,91,35,56,41,9,32,18,12,6,27,15,12,20,8,12,21,3,18,2,-,2,84,59,25,8,4,4,9,9,-,11,3,8,86,48,38,8,2,6,3,2,1,-,-,-,50,33,17
Deungchon 2(i)-dong,Gangseo-gu,96.0,39.0,57,65,23,42,51,21,30,14,2,12,1,1,-,6,6,-,4,-,4,4,-,4,-,-,-,6,2,4,1,1,-,-,-,-,-,-,-,-,-,-,-,-,-,-,-,-,-,-,-,9,6,3
Deungchon 3(sam)-dong,Gangseo-gu,162.0,71.0,91,78,38,40,53,27,26,25,11,14,8,7,1,4,2,2,12,3,9,11,1,10,-,-,-,13,4,9,4,2,2,5,1,4,4,-,4,7,4,3,1,-,1,3,1,2,1,1,-,11,7,4
Hwagokbon-dong,Gangseo-gu,305.0,119.0,186,200,81,119,150,69,81,50,12,38,5,1,4,28,15,13,13,2,11,11,-,11,8,2,6,10,2,8,-,-,-,3,-,3,3,-,3,1,1,-,1,-,1,4,3,1,1,1,-,17,11,6
Hwagok 2(i)-dong,Gangseo-gu,205.0,79.0,126,173,73,100,136,64,72,37,9,28,1,1,-,1,-,1,7,-,7,7,1,6,4,1,3,7,1,6,1,-,1,-,-,-,1,-,1,-,-,-,-,-,-,3,2,1,-,-,-,-,-,-
Hwagok 3(sam)-dong,Gangseo-gu,160.0,76.0,84,119,57,62,97,49,48,22,8,14,1,1,-,7,4,3,6,-,6,10,5,5,2,-,2,2,-,2,2,1,1,2,1,1,-,-,-,-,-,-,-,-,-,1,-,1,1,1,-,7,6,1
Hwagok 4(sa)-dong,Gangseo-gu,285.0,130.0,155,217,98,119,179,83,96,38,15,23,5,4,1,9,6,3,9,2,7,11,1,10,3,1,2,3,1,2,1,1,-,5,3,2,1,-,1,2,2,-,-,-,-,1,1,-,2,1,1,16,9,7
Hwagok 6(yuk)-dong,Gangseo-gu,225.0,113.0,112,156,83,73,86,40,46,70,43,27,11,5,6,12,7,5,6,-,6,9,1,8,1,-,1,1,-,1,3,2,1,-,-,-,1,-,1,2,2,-,2,-,2,1,1,-,1,1,-,19,11,8
Hwagok 8(pal)-dong,Gangseo-gu,311.0,129.0,182,264,115,149,215,99,116,49,16,33,2,2,-,11,5,6,10,1,9,7,-,7,-,-,-,5,-,5,2,2,-,-,-,-,2,-,2,-,-,-,-,-,-,1,-,1,1,1,-,6,3,3
Gayang 1(il)-dong,Gangseo-gu,227.0,113.0,114,122,57,65,91,46,45,31,11,20,5,2,3,8,3,5,14,6,8,21,11,10,4,2,2,17,11,6,-,-,-,2,1,1,2,1,1,1,1,-,9,7,2,1,1,-,-,-,-,21,10,11
Gayang 2(i)-dong,Gangseo-gu,112.0,38.0,74,33,10,23,23,8,15,10,2,8,28,9,19,3,1,2,4,1,3,10,1,9,-,-,-,12,5,7,3,-,3,-,-,-,-,-,-,13,7,6,-,-,-,1,1,-,-,-,-,5,3,2
Gayang 3(sam)-dong,Gangseo-gu,137.0,55.0,82,102,46,56,79,43,36,23,3,20,1,-,1,3,1,2,8,-,8,4,-,4,1,-,1,7,1,6,1,1,-,2,1,1,3,2,1,-,-,-,1,-,1,1,1,-,-,-,-,3,2,1
Balsan 1(il)-dong,Gangseo-gu,171.0,77.0,94,99,46,53,64,30,34,35,16,19,10,6,4,8,5,3,21,4,17,11,2,9,-,-,-,4,1,3,-,-,-,-,-,-,1,-,1,1,1,-,-,-,-,3,3,-,-,-,-,13,9,4
Gonghang-dong,Gangseo-gu,1104.0,832.0,272,442,218,224,367,194,173,75,24,51,101,100,1,31,25,6,51,48,3,28,15,13,-,-,-,7,3,4,77,77,-,1,-,1,16,14,2,8,6,2,7,7,-,38,36,2,1,1,-,296,282,14
Banghwa 1(il)-dong,Gangseo-gu,424.0,204.0,220,252,115,137,196,92,104,56,23,33,7,6,1,18,13,5,22,10,12,24,4,20,4,1,3,35,17,18,5,5,-,3,-,3,4,1,3,16,10,6,1,-,1,2,2,-,3,2,1,28,18,10
Banghwa 2(i)-dong,Gangseo-gu,256.0,128.0,128,173,86,87,138,74,64,35,12,23,-,-,-,16,10,6,13,5,8,15,-,15,4,2,2,18,13,5,-,-,-,1,1,-,3,-,3,-,-,-,2,1,1,1,1,-,-,-,-,10,9,1
Banghwa 3(sam)-dong,Gangseo-gu,146.0,66.0,80,89,37,52,56,26,30,33,11,22,11,7,4,5,1,4,4,1,3,7,1,6,-,-,-,5,3,2,1,-,1,7,4,3,1,-,1,4,3,1,2,-,2,1,1,-,-,-,-,9,8,1
Hwagok 1(il)-dong,Gangseo-gu,1176.0,506.0,670,922,417,505,736,357,379,186,60,126,11,6,5,19,13,6,28,7,21,55,3,52,13,2,11,43,11,32,7,6,1,20,8,12,2,-,2,4,4,-,6,-,6,3,3,-,5,5,-,38,21,17
Ujangsan-dong,Gangseo-gu,141.0,60.0,81,92,43,49,70,35,35,22,8,14,3,1,2,11,5,6,11,-,11,9,8,1,4,1,3,1,-,1,-,-,-,3,1,2,3,-,3,-,-,-,-,-,-,-,-,-,-,-,-,4,1,3
Sindorim-dong,Guro-gu,334.0,184.0,150,131,62,69,94,48,46,37,14,23,14,7,7,35,16,19,31,15,16,27,15,12,4,3,1,9,7,2,6,4,2,4,2,2,1,-,1,-,-,-,2,-,2,1,1,-,4,1,3,65,51,14
Guro 1(il)-dong,Guro-gu,263.0,136.0,127,194,111,83,164,98,66,30,13,17,1,1,-,6,4,2,20,3,17,6,-,6,2,1,1,3,1,2,3,1,2,3,-,3,9,4,5,4,4,-,1,-,1,1,-,1,3,2,1,7,4,3
Guro 3(sam)-dong,Guro-gu,1274.0,671.0,603,1077,571,506,888,484,404,189,87,102,23,16,7,17,6,11,19,10,9,24,7,17,2,1,1,25,9,16,5,4,1,17,6,11,3,1,2,2,2,-,3,2,1,4,3,1,-,-,-,53,33,20
Guro 4(sa)-dong,Guro-gu,4169.0,2176.0,1993,4085,2147,1938,3641,1965,1676,444,182,262,2,2,-,20,13,7,14,2,12,25,3,22,-,-,-,5,-,5,1,-,1,-,-,-,7,3,4,-,-,-,1,1,-,-,-,-,-,-,-,9,5,4
Guro 5(o)-dong,Guro-gu,3462.0,1851.0,1611,3322,1776,1546,2954,1619,1335,368,157,211,16,12,4,16,10,6,14,7,7,13,1,12,12,6,6,6,-,6,6,5,1,1,1,-,6,3,3,12,7,5,2,-,2,4,2,2,-,-,-,32,21,11
Gocheok 1(il)-dong,Guro-gu,338.0,165.0,173,250,125,125,214,110,104,36,15,21,5,4,1,11,3,8,8,-,8,17,2,15,2,1,1,3,1,2,-,-,-,-,-,-,1,-,1,-,-,-,2,-,2,-,-,-,-,-,-,39,29,10
Gocheok 2(i)-dong,Guro-gu,370.0,164.0,206,334,156,178,278,135,143,56,21,35,3,3,-,-,-,-,4,1,3,16,-,16,3,1,2,2,-,2,1,1,-,-,-,-,-,-,-,-,-,-,-,-,-,-,-,-,-,-,-,7,2,5
Gaebong 2(i)-dong,Guro-gu,262.0,118.0,144,234,108,126,202,99,103,32,9,23,1,1,-,7,5,2,4,-,4,9,1,8,-,-,-,2,-,2,1,1,-,-,-,-,1,-,1,-,-,-,-,-,-,-,-,-,-,-,-,3,2,1
Gaebong 3(sam)-dong,Guro-gu,227.0,101.0,126,176,89,87,140,74,66,36,15,21,5,5,-,3,-,3,11,1,10,11,-,11,2,-,2,2,-,2,1,1,-,-,-,-,3,-,3,-,-,-,2,-,2,1,1,-,-,-,-,10,4,6
Oryu 1(il)-dong,Guro-gu,511.0,246.0,265,447,224,223,368,189,179,79,35,44,3,2,1,16,8,8,9,1,8,10,-,10,2,1,1,4,-,4,3,1,2,2,-,2,-,-,-,-,-,-,1,-,1,5,3,2,-,-,-,9,6,3
Oryu 2(i)-dong,Guro-gu,607.0,283.0,324,480,237,243,385,205,180,95,32,63,5,3,2,19,10,9,22,4,18,24,4,20,8,3,5,8,4,4,3,3,-,6,1,5,3,-,3,-,-,-,1,-,1,-,-,-,-,-,-,28,14,14
Sugung-dong,Guro-gu,271.0,151.0,120,130,52,78,93,41,52,37,11,26,3,1,2,9,4,5,8,3,5,36,18,18,-,-,-,18,12,6,2,2,-,4,2,2,-,-,-,-,-,-,31,30,1,4,2,2,-,-,-,26,25,1
Garibong-dong,Guro-gu,6742.0,3740.0,3002,6648,3689,2959,6090,3454,2636,558,235,323,3,2,1,3,1,2,8,1,7,15,1,14,7,4,3,9,5,4,-,-,-,5,3,2,-,-,-,2,1,1,-,-,-,-,-,-,-,-,-,42,33,9
Guro 2(i)-dong,Guro-gu,7525.0,3958.0,3567,7360,3894,3466,6526,3559,2967,834,335,499,13,9,4,21,10,11,15,3,12,40,7,33,3,1,2,12,4,8,1,1,-,4,-,4,7,2,5,3,2,1,1,-,1,3,3,-,-,-,-,42,22,20
Gaebong 1(il)-dong,Guro-gu,839.0,389.0,450,727,340,387,627,318,309,100,22,78,1,1,-,20,15,5,8,1,7,30,3,27,4,2,2,8,2,6,-,-,-,2,-,2,3,-,3,-,-,-,8,6,2,1,1,-,-,-,-,27,18,9
Gasan-dong,Geumcheon-gu,4269.0,2464.0,1805,3895,2186,1709,3506,1991,1515,389,195,194,6,4,2,9,5,4,6,3,3,48,26,22,45,33,12,64,44,20,1,1,-,8,8,-,2,1,1,26,20,6,28,15,13,2,2,-,1,1,-,128,115,13
Doksan 1(il)-dong,Geumcheon-gu,3308.0,1788.0,1520,2936,1572,1364,2675,1489,1186,261,83,178,7,4,3,12,4,8,19,3,16,129,67,62,31,16,15,40,24,16,4,1,3,5,2,3,1,1,-,13,8,5,7,4,3,2,1,1,-,-,-,102,81,21
Doksan 2(i)-dong,Geumcheon-gu,1331.0,651.0,680,1266,634,632,1106,572,534,160,62,98,-,-,-,3,3,-,4,-,4,19,2,17,18,6,12,6,-,6,-,-,-,-,-,-,1,-,1,-,-,-,-,-,-,-,-,-,-,-,-,14,6,8
Doksan 3(sam)-dong,Geumcheon-gu,3707.0,1954.0,1753,3659,1934,1725,3294,1778,1516,365,156,209,3,3,-,7,4,3,5,2,3,11,-,11,4,3,1,7,1,6,-,-,-,-,-,-,-,-,-,-,-,-,-,-,-,1,1,-,-,-,-,10,6,4
Doksan 4(sa)-dong,Geumcheon-gu,1255.0,655.0,600,1176,629,547,1042,569,473,134,60,74,-,-,-,2,-,2,7,-,7,24,6,18,9,3,6,22,9,13,-,-,-,2,-,2,1,-,1,1,1,-,2,-,2,-,-,-,-,-,-,9,7,2
Siheung 1(il)-dong,Geumcheon-gu,2310.0,1175.0,1135,2164,1110,1054,1905,1003,902,259,107,152,10,3,7,15,11,4,12,2,10,47,14,33,5,2,3,10,2,8,1,1,-,13,11,2,2,-,2,-,-,-,3,-,3,-,-,-,-,-,-,28,19,9
Siheung 2(i)-dong,Geumcheon-gu,83.0,41.0,42,65,31,34,44,22,22,21,9,12,7,6,1,2,1,1,1,-,1,2,-,2,-,-,-,3,1,2,-,-,-,3,2,1,-,-,-,-,-,-,-,-,-,-,-,-,-,-,-,-,-,-
Siheung 3(sam)-dong,Geumcheon-gu,120.0,49.0,71,95,42,53,74,36,38,21,6,15,-,-,-,1,1,-,1,-,1,9,1,8,1,-,1,2,-,2,-,-,-,2,1,1,-,-,-,-,-,-,-,-,-,-,-,-,-,-,-,9,4,5
Siheung 4(sa)-dong,Geumcheon-gu,528.0,239.0,289,480,230,250,403,205,198,77,25,52,2,1,1,3,3,-,3,-,3,20,1,19,3,-,3,4,-,4,4,2,2,-,-,-,-,-,-,-,-,-,1,-,1,-,-,-,-,-,-,8,2,6
Siheung 5(o)-dong,Geumcheon-gu,467.0,220.0,247,430,215,215,366,182,184,64,33,31,1,-,1,4,-,4,6,-,6,9,-,9,3,-,3,2,-,2,-,-,-,2,-,2,2,-,2,-,-,-,-,-,-,-,-,-,-,-,-,8,5,3
Yeouido-dong,Yeongdeungpo-gu,499.0,291.0,208,153,72,81,40,14,26,113,58,55,131,78,53,26,16,10,21,12,9,12,9,3,-,-,-,7,2,5,4,4,-,3,-,3,3,1,2,17,15,2,11,8,3,6,6,-,9,9,-,96,59,37
Dangsan 1(il)-dong,Yeongdeungpo-gu,564.0,269.0,295,487,229,258,435,212,223,52,17,35,3,2,1,24,14,10,11,2,9,15,5,10,-,-,-,5,3,2,1,1,-,1,-,1,-,-,-,1,1,-,1,-,1,-,-,-,1,1,-,14,11,3
Dangsan2(i)-dong,Yeongdeungpo-gu,437.0,217.0,220,298,145,153,252,130,122,46,15,31,18,12,6,33,15,18,15,1,14,14,3,11,1,-,1,8,5,3,6,4,2,2,2,-,1,-,1,6,4,2,2,1,1,1,1,-,-,-,-,32,24,8
Yangpyeong 1(il)-dong,Yeongdeungpo-gu,358.0,187.0,171,218,102,116,178,87,91,40,15,25,16,10,6,54,29,25,11,7,4,7,4,3,6,4,2,4,1,3,7,3,4,-,-,-,-,-,-,9,5,4,-,-,-,1,1,-,1,1,-,24,20,4
Yangpyeong 2(i)-dong,Yeongdeungpo-gu,386.0,199.0,187,180,88,92,131,69,62,49,19,30,21,14,7,31,12,19,7,4,3,13,7,6,6,2,4,6,3,3,1,1,-,1,-,1,2,-,2,16,12,4,8,8,-,2,1,1,2,1,1,90,46,44
Singil 1(il)-dong,Yeongdeungpo-gu,2923.0,1516.0,1407,2823,1486,1337,2561,1370,1191,262,116,146,8,6,2,16,10,6,7,2,5,23,1,22,5,-,5,8,2,6,3,2,1,2,-,2,-,-,-,-,-,-,5,1,4,1,-,1,-,-,-,22,6,16
Singil 3(sam)-dong,Yeongdeungpo-gu,1164.0,588.0,576,1130,582,548,1012,529,483,118,53,65,-,-,-,2,2,-,8,1,7,11,-,11,2,-,2,2,-,2,-,-,-,3,1,2,1,-,1,-,-,-,3,-,3,-,-,-,-,-,-,2,2,-
Singil 4(sa)-dong,Yeongdeungpo-gu,1274.0,652.0,622,1252,650,602,1134,595,539,118,55,63,1,-,1,-,-,-,-,-,-,11,-,11,-,-,-,3,-,3,1,-,1,-,-,-,-,-,-,-,-,-,-,-,-,-,-,-,-,-,-,6,2,4
Singil 5(o)-dong,Yeongdeungpo-gu,2895.0,1534.0,1361,2834,1515,1319,2529,1385,1144,305,130,175,-,-,-,4,4,-,6,1,5,21,1,20,6,3,3,5,-,5,1,1,-,2,-,2,-,-,-,1,1,-,-,-,-,1,1,-,2,1,1,12,6,6
Singil 6(yuk)-dong,Yeongdeungpo-gu,1698.0,881.0,817,1648,861,787,1476,780,696,172,81,91,8,4,4,14,7,7,3,1,2,8,-,8,1,-,1,1,-,1,1,1,-,-,-,-,3,-,3,-,-,-,1,-,1,3,2,1,-,-,-,7,5,2
Singil 7(chil)-dong,Yeongdeungpo-gu,424.0,225.0,199,394,213,181,351,195,156,43,18,25,8,3,5,6,3,3,-,-,-,3,1,2,-,-,-,1,-,1,3,2,1,-,-,-,1,-,1,-,-,-,1,-,1,-,-,-,-,-,-,7,3,4
Daerim 1(il)-dong,Yeongdeungpo-gu,3389.0,1803.0,1586,3311,1763,1548,3008,1629,1379,303,134,169,5,2,3,7,4,3,5,1,4,11,-,11,4,1,3,4,1,3,-,-,-,-,-,-,1,-,1,1,1,-,2,-,2,1,1,-,-,-,-,37,29,8
Daerim 2(i)-dong,Yeongdeungpo-gu,8350.0,4431.0,3919,8298,4407,3891,7407,4002,3405,891,405,486,2,2,-,11,7,4,6,4,2,16,-,16,-,-,-,1,-,1,1,1,-,-,-,-,-,-,-,2,2,-,-,-,-,-,-,-,1,1,-,12,7,5
Daerim 3(sam)-dong,Yeongdeungpo-gu,3843.0,1963.0,1880,3742,1927,1815,3339,1758,1581,403,169,234,11,5,6,25,12,13,4,-,4,17,-,17,2,2,-,5,1,4,7,2,5,3,-,3,2,-,2,-,-,-,4,1,3,-,-,-,-,-,-,21,13,8
Yeongdeungpobon-dong,Yeongdeungpo-gu,2760.0,1433.0,1327,2687,1399,1288,2437,1288,1149,250,111,139,2,1,1,8,6,2,12,8,4,8,2,6,7,3,4,8,1,7,-,-,-,3,-,3,1,-,1,-,-,-,2,-,2,1,1,-,-,-,-,21,12,9
Yeongdeungpo-dong,Yeongdeungpo-gu,1116.0,570.0,546,924,490,434,842,457,385,82,33,49,21,13,8,48,26,22,5,2,3,44,5,39,6,2,4,18,1,17,4,2,2,1,-,1,1,-,1,5,4,1,-,-,-,5,5,-,1,1,-,33,19,14
Dorim-dong,Yeongdeungpo-gu,3085.0,1602.0,1483,2989,1557,1432,2723,1434,1289,266,123,143,3,3,-,26,16,10,5,2,3,14,4,10,11,4,7,5,-,5,5,3,2,4,-,4,1,1,-,7,3,4,3,2,1,-,-,-,-,-,-,12,7,5
Mullae-dong,Yeongdeungpo-gu,305.0,170.0,135,131,71,60,97,51,46,34,20,14,7,6,1,87,47,40,9,2,7,14,7,7,1,1,-,8,3,5,5,5,-,3,2,1,3,-,3,3,2,1,2,-,2,4,4,-,2,2,-,26,18,8
Noryangjin 2(i)-dong,Dongjak-gu,1031.0,505.0,526,996,490,506,884,451,433,112,39,73,-,-,-,3,3,-,5,2,3,10,-,10,1,1,-,2,-,2,-,-,-,-,-,-,-,-,-,1,-,1,-,-,-,-,-,-,-,-,-,13,9,4
Sangdo 1(il)-dong,Dongjak-gu,1232.0,603.0,629,866,413,453,231,103,128,635,310,325,43,27,16,31,13,18,23,8,15,97,54,43,34,11,23,10,1,9,11,9,2,2,1,1,6,3,3,11,8,3,4,1,3,4,4,-,6,4,2,84,46,38
Sangdo 2(i)-dong,Dongjak-gu,361.0,177.0,184,262,117,145,214,98,116,48,19,29,8,6,2,10,6,4,3,1,2,10,1,9,-,-,-,3,-,3,-,-,-,1,1,-,2,1,1,-,-,-,1,-,1,2,1,1,1,-,1,58,43,15
Sangdo 3(sam)-dong,Dongjak-gu,289.0,126.0,163,256,119,137,222,107,115,34,12,22,2,2,-,5,2,3,5,1,4,9,-,9,4,2,2,3,-,3,-,-,-,1,-,1,-,-,-,-,-,-,1,-,1,-,-,-,-,-,-,3,-,3
Sangdo 4(sa)-dong,Dongjak-gu,324.0,139.0,185,266,125,141,224,107,117,42,18,24,5,2,3,2,1,1,10,4,6,13,-,13,7,2,5,2,-,2,2,1,1,2,-,2,2,-,2,-,-,-,6,1,5,-,-,-,1,-,1,6,3,3
Sadang 1(il)-dong,Dongjak-gu,886.0,409.0,477,794,371,423,669,315,354,125,56,69,16,12,4,6,2,4,12,3,9,14,-,14,4,2,2,4,-,4,4,2,2,2,1,1,4,1,3,-,-,-,2,-,2,2,2,-,3,3,-,19,10,9
Sadang 3(sam)-dong,Dongjak-gu,272.0,122.0,150,227,105,122,166,78,88,61,27,34,12,4,8,2,2,-,5,1,4,9,-,9,2,-,2,1,-,1,5,4,1,-,-,-,-,-,-,-,-,-,-,-,-,-,-,-,2,2,-,7,4,3
Sadang 4(sa)-dong,Dongjak-gu,171.0,85.0,86,146,76,70,110,56,54,36,20,16,1,-,1,7,2,5,3,-,3,3,-,3,-,-,-,3,1,2,2,2,-,-,-,-,1,1,-,-,-,-,-,-,-,1,1,-,1,-,1,3,2,1
Sadang 5(o)-dong,Dongjak-gu,188.0,98.0,90,147,80,67,60,29,31,87,51,36,-,-,-,2,1,1,9,4,5,9,2,7,4,1,3,1,-,1,-,-,-,1,1,-,-,-,-,-,-,-,-,-,-,2,1,1,-,-,-,13,8,5
Daebang-dong,Dongjak-gu,391.0,190.0,201,315,158,157,261,134,127,54,24,30,13,8,5,10,2,8,11,2,9,9,1,8,1,1,-,3,-,3,4,3,1,1,-,1,1,-,1,-,-,-,7,5,2,2,1,1,-,-,-,14,9,5
Sindaebang 1(il)-dong,Dongjak-gu,2725.0,1334.0,1391,2662,1308,1354,2439,1207,1232,223,101,122,8,6,2,2,2,-,12,5,7,12,1,11,1,-,1,1,-,1,1,-,1,11,2,9,2,-,2,-,-,-,1,-,1,2,2,-,1,1,-,9,7,2
Sindaebang 2(i)-dong,Dongjak-gu,276.0,126.0,150,250,115,135,219,101,118,31,14,17,2,2,-,2,2,-,7,3,4,3,-,3,3,-,3,1,-,1,1,-,1,-,-,-,1,-,1,-,-,-,-,-,-,-,-,-,2,2,-,4,2,2
Heukseok-dong,Dongjak-gu,1473.0,579.0,894,1153,403,750,146,64,82,1007,339,668,28,20,8,41,16,25,27,5,22,56,27,29,5,2,3,6,1,5,9,7,2,3,-,3,6,2,4,13,10,3,5,2,3,6,4,2,26,25,1,89,55,34
Noryangjin 1(il)-dong,Dongjak-gu,506.0,234.0,272,438,207,231,375,184,191,63,23,40,2,2,-,9,5,4,13,5,8,17,-,17,-,-,-,4,1,3,4,2,2,5,1,4,-,-,-,-,-,-,2,2,-,1,1,-,2,2,-,9,6,3
Sadang 2(i)-dong,Dongjak-gu,568.0,251.0,317,484,219,265,424,194,230,60,25,35,10,9,1,6,3,3,15,4,11,18,3,15,9,1,8,3,-,3,4,1,3,-,-,-,2,-,2,1,1,-,-,-,-,4,3,1,1,1,-,11,6,5
Boramae-dong,Gwanak-gu,1437.0,688.0,749,1208,586,622,1068,532,536,140,54,86,26,13,13,12,4,8,26,7,19,33,6,27,20,8,12,7,-,7,9,8,1,4,2,2,5,3,2,12,9,3,6,3,3,5,4,1,3,3,-,61,32,29
Cheongnim-dong,Gwanak-gu,312.0,151.0,161,136,57,79,71,34,37,65,23,42,12,10,2,3,1,2,9,2,7,17,3,14,24,10,14,2,1,1,4,3,1,1,1,-,8,4,4,18,13,5,1,-,1,5,4,1,1,-,1,71,42,29
Haengun-dong,Gwanak-gu,498.0,230.0,268,385,185,200,304,149,155,81,36,45,7,6,1,9,5,4,14,1,13,8,2,6,9,2,7,5,-,5,4,3,1,7,4,3,2,-,2,3,2,1,2,-,2,5,5,-,1,-,1,37,15,22
Nagseongdae-dong,Gwanak-gu,507.0,234.0,273,268,118,150,195,91,104,73,27,46,42,25,17,4,1,3,25,7,18,22,9,13,15,6,9,-,-,-,5,3,2,8,3,5,8,1,7,8,5,3,3,1,2,7,5,2,8,5,3,84,45,39
Jungang-dong,Gwanak-gu,491.0,223.0,268,408,186,222,350,162,188,58,24,34,14,8,6,6,1,5,10,2,8,15,8,7,3,-,3,4,1,3,4,2,2,-,-,-,1,-,1,-,-,-,1,-,1,1,-,1,2,2,-,22,13,9
Inheon-dong,Gwanak-gu,348.0,151.0,197,247,106,141,186,89,97,61,17,44,7,3,4,1,-,1,16,5,11,26,11,15,2,1,1,5,3,2,1,1,-,-,-,-,2,-,2,5,3,2,2,-,2,3,2,1,-,-,-,31,16,15
Namhyeon-dong,Gwanak-gu,243.0,118.0,125,175,80,95,142,70,72,33,10,23,9,7,2,10,6,4,7,3,4,12,2,10,-,-,-,5,3,2,6,4,2,-,-,-,1,1,-,-,-,-,3,1,2,2,2,-,-,-,-,13,9,4
Sewon-dong,Gwanak-gu,619.0,298.0,321,495,245,250,400,199,201,95,46,49,9,7,2,2,2,-,19,2,17,20,8,12,5,2,3,15,4,11,3,2,1,2,-,2,3,1,2,4,3,1,1,-,1,3,2,1,1,1,-,37,19,18
Sinwon-dong,Gwanak-gu,951.0,460.0,491,913,447,466,789,388,401,124,59,65,1,1,-,-,-,-,2,-,2,11,1,10,6,2,4,4,1,3,-,-,-,4,2,2,-,-,-,1,-,1,-,-,-,-,-,-,1,1,-,8,5,3
Serim-dong,Gwanak-gu,350.0,160.0,190,156,64,92,105,44,61,51,20,31,8,4,4,3,1,2,13,4,9,10,3,7,6,4,2,-,-,-,4,3,1,1,-,1,3,2,1,-,-,-,3,-,3,-,-,-,2,-,2,141,75,66
Sinsa-dong,Gwanak-gu,2079.0,1054.0,1025,2035,1040,995,1769,927,842,266,113,153,3,3,-,4,2,2,7,-,7,9,1,8,1,-,1,3,1,2,-,-,-,5,2,3,-,-,-,-,-,-,2,-,2,1,1,-,2,-,2,7,4,3
Sillim-dong,Gwanak-gu,3309.0,1557.0,1752,2962,1418,1544,2665,1322,1343,297,96,201,29,20,9,14,7,7,40,12,28,68,10,58,31,12,19,30,5,25,5,5,-,12,5,7,7,-,7,14,13,1,8,1,7,4,4,-,5,2,3,80,43,37
Nanhyang-dong,Gwanak-gu,88.0,47.0,41,53,28,25,37,21,16,16,7,9,6,2,4,3,3,-,3,-,3,16,13,3,1,-,1,2,-,2,1,-,1,-,-,-,-,-,-,-,-,-,-,-,-,-,-,-,-,-,-,3,1,2
Jowon-dong,Gwanak-gu,1769.0,929.0,840,1744,919,825,1556,830,726,188,89,99,4,3,1,1,1,-,2,2,-,3,1,2,4,2,2,2,-,2,-,-,-,1,-,1,3,-,3,-,-,-,2,-,2,-,-,-,-,-,-,3,1,2
Daehak-dong,Gwanak-gu,1059.0,531.0,528,285,115,170,59,28,31,226,87,139,43,28,15,22,12,10,62,30,32,47,28,19,74,28,46,13,5,8,16,7,9,8,7,1,12,3,9,63,44,19,17,3,14,9,8,1,18,10,8,370,203,167
Euncheon-dong,Gwanak-gu,833.0,369.0,464,705,325,380,600,290,310,105,35,70,24,13,11,6,-,6,19,8,11,25,1,24,3,2,1,4,1,3,6,3,3,2,1,1,2,1,1,1,1,-,1,1,-,-,-,-,-,-,-,35,12,23
Seonghyeon-dong,Gwanak-gu,179.0,68.0,111,126,53,73,92,45,47,34,8,26,3,3,-,6,1,5,12,3,9,7,-,7,2,-,2,2,-,2,1,1,-,4,-,4,-,-,-,-,-,-,-,-,-,2,1,1,-,-,-,14,6,8
Cheongnyong-dong,Gwanak-gu,1425.0,659.0,766,1271,594,677,1058,512,546,213,82,131,32,19,13,6,2,4,41,12,29,6,-,6,3,1,2,3,1,2,10,4,6,3,2,1,-,-,-,7,2,5,4,1,3,1,1,-,2,2,-,36,18,18
Nangok-dong,Gwanak-gu,318.0,136.0,182,278,130,148,225,115,110,53,15,38,2,2,-,1,-,1,3,2,1,21,-,21,1,-,1,2,-,2,-,-,-,1,-,1,-,-,-,-,-,-,2,-,2,-,-,-,-,-,-,7,2,5
Samseong-dong,Gwanak-gu,128.0,57.0,71,104,52,52,88,45,43,16,7,9,2,1,1,-,-,-,3,-,3,5,-,5,2,-,2,3,-,3,-,-,-,2,1,1,1,-,1,-,-,-,2,1,1,-,-,-,-,-,-,4,2,2
Miseong-dong,Gwanak-gu,408.0,191.0,217,364,173,191,308,151,157,56,22,34,4,2,2,3,1,2,7,1,6,7,-,7,2,1,1,4,-,4,-,-,-,-,-,-,-,-,-,1,1,-,-,-,-,2,2,-,1,1,-,13,9,4
Seocho 1(il)-dong,Seocho-gu,309.0,165.0,144,141,62,79,89,31,58,52,31,21,41,25,16,15,3,12,40,31,9,9,5,4,2,1,1,4,1,3,11,8,3,2,2,-,3,1,2,8,5,3,1,-,1,2,2,-,5,2,3,25,17,8
Seocho 2(i)-dong,Seocho-gu,534.0,358.0,176,112,62,50,50,18,32,62,44,18,116,75,41,21,11,10,79,66,13,2,1,1,5,4,1,5,2,3,25,13,12,-,-,-,11,6,5,24,17,7,2,1,1,15,12,3,29,23,6,88,65,23
Seocho 3(sam)-dong,Seocho-gu,365.0,178.0,187,201,86,115,136,50,86,65,36,29,51,30,21,5,2,3,16,8,8,6,3,3,2,-,2,10,6,4,16,9,7,1,-,1,2,-,2,13,6,7,4,-,4,2,2,-,3,2,1,33,24,9
Seocho 4(sa)-dong,Seocho-gu,299.0,187.0,112,70,33,37,34,7,27,36,26,10,48,31,17,4,1,3,44,35,9,1,-,1,1,-,1,1,-,1,24,16,8,-,-,-,1,1,-,10,8,2,-,-,-,21,17,4,12,8,4,62,37,25
Jamwon-dong,Seocho-gu,289.0,142.0,147,193,93,100,123,48,75,70,45,25,30,18,12,6,4,2,18,4,14,4,4,-,-,-,-,3,1,2,12,8,4,-,-,-,3,1,2,1,1,-,2,-,2,2,2,-,2,1,1,13,5,8
Banpobon-dong,Seocho-gu,92.0,46.0,46,33,13,20,21,4,17,12,9,3,16,11,5,2,1,1,8,3,5,-,-,-,-,-,-,-,-,-,3,2,1,-,-,-,-,-,-,-,-,-,1,-,1,7,4,3,10,6,4,12,6,6
Banpo 1(il)-dong,Seocho-gu,361.0,186.0,175,174,79,95,133,58,75,41,21,20,60,39,21,10,3,7,29,14,15,3,2,1,1,1,-,4,1,3,15,10,5,-,-,-,2,1,1,-,-,-,4,2,2,5,3,2,8,5,3,46,26,20
Banpo 2(i)-dong,Seocho-gu,86.0,47.0,39,13,7,6,6,2,4,7,5,2,22,12,10,-,-,-,9,6,3,-,-,-,-,-,-,4,-,4,8,6,2,-,-,-,-,-,-,5,4,1,-,-,-,1,1,-,4,2,2,20,9,11
Banpo 3(sam)-dong,Seocho-gu,48.0,21.0,27,21,10,11,4,-,4,17,10,7,6,3,3,10,4,6,5,1,4,-,-,-,1,-,1,-,-,-,1,-,1,-,-,-,-,-,-,-,-,-,-,-,-,2,2,-,-,-,-,2,1,1
Banpo 4(sa)-dong,Seocho-gu,564.0,295.0,269,66,29,37,31,7,24,35,22,13,89,53,36,26,11,15,17,6,11,5,2,3,3,1,2,24,2,22,18,7,11,-,-,-,9,3,6,6,3,3,3,3,-,13,7,6,211,129,82,74,39,35
Bangbaebon-dong,Seocho-gu,233.0,112.0,121,74,27,47,46,13,33,28,14,14,33,20,13,4,3,1,10,2,8,3,-,3,-,-,-,8,-,8,6,5,1,2,1,1,2,1,1,-,-,-,4,2,2,6,3,3,48,33,15,33,15,18
Bangbae 1(il)-dong,Seocho-gu,156.0,62.0,94,103,43,60,82,30,52,21,13,8,8,3,5,7,4,3,7,1,6,3,1,2,-,-,-,3,-,3,9,3,6,-,-,-,-,-,-,-,-,-,1,-,1,1,1,-,2,1,1,12,5,7
Bangbae 2(i)-dong,Seocho-gu,276.0,135.0,141,221,111,110,187,94,93,34,17,17,5,1,4,4,1,3,10,4,6,14,4,10,-,-,-,2,1,1,1,1,-,-,-,-,1,1,-,-,-,-,1,-,1,2,2,-,3,3,-,12,6,6
Bangbae 3(sam)-dong,Seocho-gu,146.0,70.0,76,112,52,60,81,38,43,31,14,17,11,6,5,3,1,2,8,5,3,4,1,3,-,-,-,-,-,-,-,-,-,-,-,-,1,-,1,2,1,1,-,-,-,-,-,-,1,1,-,4,3,1
Bangbae 4(sa)-dong,Seocho-gu,330.0,161.0,169,69,28,41,45,15,30,24,13,11,42,28,14,4,-,4,22,7,15,9,2,7,-,-,-,10,-,10,13,10,3,-,-,-,2,-,2,-,-,-,2,-,2,6,2,4,111,63,48,40,21,19
Yangjae 1(il)-dong,Seocho-gu,419.0,205.0,214,236,97,139,176,62,114,60,35,25,22,17,5,17,10,7,31,10,21,16,7,9,1,-,1,8,3,5,5,3,2,-,-,-,4,1,3,9,6,3,10,8,2,5,4,1,3,3,-,52,36,16
Yangjae 2(i)-dong,Seocho-gu,318.0,146.0,172,214,91,123,157,60,97,57,31,26,19,13,6,2,1,1,13,6,7,12,2,10,7,5,2,4,1,3,2,1,1,5,2,3,1,1,-,4,4,-,4,3,1,4,2,2,3,3,-,24,11,13
Naegok-dong,Seocho-gu,55.0,24.0,31,35,13,22,29,12,17,6,1,5,2,2,-,1,-,1,1,-,1,5,-,5,7,6,1,-,-,-,-,-,-,-,-,-,-,-,-,-,-,-,-,-,-,-,-,-,1,1,-,3,2,1
Sinsa-dong,Gangnam-gu,284.0,158.0,126,100,43,57,68,23,45,32,20,12,65,39,26,21,10,11,24,11,13,1,1,-,-,-,-,1,-,1,17,12,5,1,-,1,3,1,2,9,9,-,6,6,-,3,2,1,4,3,1,29,21,8
Nonhyeon 1(il)-dong,Gangnam-gu,557.0,286.0,271,333,157,176,244,91,153,89,66,23,50,32,18,29,18,11,44,22,22,9,5,4,6,3,3,7,3,4,14,11,3,8,1,7,5,-,5,1,1,-,8,6,2,5,5,-,9,5,4,29,17,12
Nonhyeon 2(i)-dong,Gangnam-gu,315.0,188.0,127,115,56,59,55,20,35,60,36,24,15,12,3,15,4,11,31,8,23,35,32,3,1,1,-,3,2,1,5,2,3,2,-,2,1,1,-,18,16,2,21,21,-,2,1,1,-,-,-,51,32,19
Samseong 1(il)-dong,Gangnam-gu,488.0,296.0,192,151,75,76,66,13,53,85,62,23,66,43,23,4,2,2,55,35,20,23,22,1,-,-,-,8,1,7,10,9,1,-,-,-,3,1,2,9,6,3,5,1,4,10,7,3,7,5,2,137,89,48
Samseong 2(i)-dong,Gangnam-gu,190.0,115.0,75,63,26,37,22,7,15,41,19,22,31,25,6,11,8,3,28,17,11,3,2,1,-,-,-,1,-,1,10,8,2,1,-,1,-,-,-,-,-,-,-,-,-,5,4,1,5,4,1,32,21,11
Daechi 1(il)-dong,Gangnam-gu,198.0,104.0,94,89,46,43,57,21,36,32,25,7,49,27,22,6,-,6,22,17,5,2,1,1,2,1,1,-,-,-,9,1,8,-,-,-,3,-,3,3,3,-,-,-,-,2,1,1,-,-,-,11,7,4
Daechi 4(sa)-dong,Gangnam-gu,290.0,162.0,128,114,53,61,64,26,38,50,27,23,55,33,22,7,5,2,45,35,10,1,1,-,5,2,3,2,-,2,18,7,11,6,4,2,2,-,2,9,7,2,2,-,2,7,6,1,1,1,-,16,8,8
Yeoksam 1(il)-dong,Gangnam-gu,1209.0,698.0,511,434,210,224,235,82,153,199,128,71,162,98,64,15,9,6,139,87,52,21,14,7,4,-,4,52,36,16,48,27,21,9,3,6,15,3,12,61,45,16,13,5,8,34,28,6,41,29,12,161,104,57
Yeoksam 2(i)-dong,Gangnam-gu,323.0,187.0,136,75,34,41,44,15,29,31,19,12,33,20,13,9,5,4,80,62,18,4,2,2,-,-,-,5,2,3,9,7,2,7,2,5,1,-,1,37,22,15,1,-,1,2,1,1,11,5,6,49,25,24
Dogok 1(il)-dong,Gangnam-gu,210.0,110.0,100,92,40,52,69,29,40,23,11,12,32,22,10,6,3,3,38,23,15,9,1,8,1,-,1,1,1,-,9,8,1,2,1,1,-,-,-,-,-,-,2,1,1,-,-,-,3,1,2,15,9,6
Dogok 2(i)-dong,Gangnam-gu,214.0,129.0,85,40,23,17,14,4,10,26,19,7,31,19,12,9,7,2,27,14,13,3,3,-,-,-,-,6,5,1,6,3,3,-,-,-,1,1,-,9,7,2,1,-,1,4,3,1,-,-,-,77,44,33
Gaepo 1(il)-dong,Gangnam-gu,156.0,69.0,87,89,39,50,73,34,39,16,5,11,15,10,5,6,4,2,12,2,10,6,-,6,-,-,-,6,2,4,4,2,2,1,1,-,1,-,1,-,-,-,2,-,2,-,-,-,-,-,-,14,9,5
Gaepo 4(sa)-dong,Gangnam-gu,112.0,51.0,61,71,33,38,57,25,32,14,8,6,11,9,2,3,2,1,7,1,6,5,-,5,1,-,1,1,1,-,-,-,-,-,-,-,-,-,-,-,-,-,1,-,1,2,1,1,-,-,-,10,4,6
Irwonbon-dong,Gangnam-gu,51.0,18.0,33,15,2,13,12,2,10,3,-,3,6,5,1,-,-,-,3,-,3,2,-,2,2,2,-,-,-,-,2,-,2,-,-,-,5,1,4,-,-,-,5,4,1,1,-,1,-,-,-,10,4,6
Irwon 1(il)-dong,Gangnam-gu,144.0,65.0,79,106,47,59,90,41,49,16,6,10,14,8,6,4,1,3,3,1,2,3,-,3,2,-,2,-,-,-,5,4,1,3,1,2,-,-,-,-,-,-,-,-,-,1,1,-,-,-,-,3,2,1
Irwon 2(i)-dong,Gangnam-gu,35.0,20.0,15,20,12,8,8,3,5,12,9,3,4,2,2,-,-,-,2,1,1,1,-,1,2,2,-,-,-,-,2,2,-,-,-,-,-,-,-,-,-,-,-,-,-,-,-,-,1,-,1,3,1,2
Suseo-dong,Gangnam-gu,144.0,53.0,91,47,13,34,35,13,22,12,-,12,9,5,4,1,-,1,14,5,9,9,-,9,-,-,-,2,-,2,4,3,1,7,4,3,5,2,3,2,1,1,2,-,2,2,2,-,-,-,-,40,18,22
Segok-dong,Gangnam-gu,85.0,46.0,39,35,16,19,23,10,13,12,6,6,3,3,-,1,1,-,9,1,8,27,21,6,-,-,-,3,-,3,1,-,1,-,-,-,-,-,-,-,-,-,1,1,-,-,-,-,-,-,-,5,3,2
Apgujeong -dong,Gangnam-gu,189.0,91.0,98,62,20,42,30,4,26,32,16,16,54,34,20,5,4,1,30,6,24,4,3,1,-,-,-,1,-,1,11,9,2,-,-,-,-,-,-,1,1,-,7,5,2,3,1,2,2,2,-,9,6,3
Cheongdam -dong,Gangnam-gu,308.0,154.0,154,122,54,68,66,27,39,56,27,29,69,40,29,8,4,4,35,23,12,6,-,6,1,-,1,4,-,4,9,3,6,2,-,2,4,1,3,2,1,1,8,4,4,4,1,3,5,3,2,29,20,9
Daechi 2(i)-dong,Gangnam-gu,259.0,138.0,121,120,52,68,70,29,41,50,23,27,41,26,15,3,-,3,20,13,7,8,4,4,-,-,-,9,2,7,10,10,-,1,-,1,1,-,1,15,9,6,-,-,-,3,1,2,7,6,1,21,15,6
Gaepo 2(i)-dong,Gangnam-gu,92.0,38.0,54,72,27,45,60,24,36,12,3,9,7,6,1,-,-,-,6,2,4,2,-,2,-,-,-,1,-,1,-,-,-,-,-,-,-,-,-,-,-,-,1,1,-,-,-,-,-,-,-,3,2,1
Pungnap 1(il)-dong,Songpa-gu,931.0,451.0,480,867,425,442,782,402,380,85,23,62,3,2,1,2,-,2,5,-,5,10,1,9,12,5,7,5,2,3,7,5,2,3,-,3,3,1,2,3,2,1,-,-,-,6,4,2,-,-,-,5,4,1
Pungnap 2(i)-dong,Songpa-gu,158.0,58.0,100,70,26,44,41,18,23,29,8,21,32,16,16,1,1,-,5,-,5,9,-,9,3,1,2,1,-,1,8,2,6,1,-,1,4,1,3,1,1,-,-,-,-,1,1,-,-,-,-,22,9,13
Geoyeo 1(il)-dong,Songpa-gu,193.0,71.0,122,139,57,82,118,51,67,21,6,15,3,3,-,2,-,2,6,-,6,19,1,18,8,3,5,3,-,3,2,2,-,2,-,2,1,-,1,-,-,-,2,-,2,-,-,-,-,-,-,6,5,1
Geoyeo 2(i)-dong,Songpa-gu,141.0,53.0,88,104,43,61,89,42,47,15,1,14,2,1,1,2,2,-,11,2,9,4,-,4,4,1,3,3,-,3,1,1,-,-,-,-,-,-,-,-,-,-,1,-,1,-,-,-,1,1,-,8,2,6
Macheon 1(il)-dong,Songpa-gu,269.0,86.0,183,198,74,124,161,66,95,37,8,29,1,1,-,1,-,1,8,-,8,27,1,26,4,1,3,10,2,8,1,1,-,2,-,2,1,-,1,1,1,-,4,-,4,-,-,-,-,-,-,11,5,6
Macheon 2(i)-dong,Songpa-gu,223.0,86.0,137,165,74,91,118,54,64,47,20,27,-,-,-,3,2,1,4,-,4,25,1,24,4,2,2,8,1,7,-,-,-,3,2,1,2,1,1,-,-,-,3,1,2,-,-,-,-,-,-,6,2,4
Bangi 1(il)-dong,Songpa-gu,239.0,127.0,112,144,69,75,114,52,62,30,17,13,23,15,8,9,6,3,7,1,6,10,3,7,3,1,2,-,-,-,7,5,2,4,1,3,-,-,-,1,1,-,7,6,1,7,5,2,1,1,-,16,13,3
Bangi 2(i)-dong,Songpa-gu,384.0,164.0,220,285,117,168,233,98,135,52,19,33,15,8,7,3,2,1,14,-,14,15,8,7,4,4,-,2,-,2,16,10,6,3,-,3,2,1,1,3,3,-,2,2,-,5,2,3,1,-,1,14,7,7
Oryun-dong,Songpa-gu,28.0,16.0,12,9,2,7,5,-,5,4,2,2,16,12,4,-,-,-,-,-,-,-,-,-,-,-,-,-,-,-,-,-,-,-,-,-,-,-,-,-,-,-,-,-,-,1,1,-,-,-,-,2,1,1
Ogeum-dong,Songpa-gu,191.0,84.0,107,115,52,63,84,42,42,31,10,21,11,6,5,10,3,7,4,1,3,11,2,9,4,3,1,17,7,10,3,1,2,3,2,1,-,-,-,-,-,-,2,1,1,-,-,-,-,-,-,11,6,5
Songpa 1(il)-dong,Songpa-gu,516.0,265.0,251,416,201,215,365,185,180,51,16,35,20,12,8,6,3,3,13,6,7,25,20,5,6,6,-,9,6,3,8,2,6,-,-,-,3,1,2,-,-,-,1,-,1,3,2,1,1,1,-,5,5,-
Songpa 2(i)-dong,Songpa-gu,172.0,86.0,86,153,78,75,124,67,57,29,11,18,7,3,4,2,-,2,2,1,1,2,-,2,-,-,-,-,-,-,3,2,1,-,-,-,-,-,-,1,-,1,-,-,-,-,-,-,-,-,-,2,2,-
Seokchon-dong,Songpa-gu,762.0,357.0,405,667,320,347,590,292,298,77,28,49,20,12,8,8,3,5,10,-,10,17,2,15,2,-,2,9,3,6,7,4,3,-,-,-,1,-,1,-,-,-,9,7,2,-,-,-,-,-,-,12,6,6
Samjeon-dong,Songpa-gu,378.0,166.0,212,230,98,132,190,80,110,40,18,22,48,23,25,14,12,2,11,5,6,19,4,15,2,1,1,12,2,10,11,2,9,3,1,2,-,-,-,-,-,-,3,1,2,6,5,1,2,2,-,17,10,7
Garakbon-dong,Songpa-gu,401.0,200.0,201,316,164,152,260,135,125,56,29,27,26,16,10,6,3,3,9,1,8,11,2,9,3,-,3,8,1,7,7,6,1,3,1,2,-,-,-,-,-,-,1,-,1,3,1,2,-,-,-,8,5,3
Garak 1(il)-dong,Songpa-gu,83.0,49.0,34,75,44,31,69,39,30,6,5,1,1,1,-,-,-,-,1,1,-,3,-,3,-,-,-,-,-,-,-,-,-,-,-,-,-,-,-,-,-,-,-,-,-,-,-,-,-,-,-,3,3,-
Garak 2(i)-dong,Songpa-gu,192.0,93.0,99,153,78,75,128,64,64,25,14,11,9,4,5,4,1,3,4,1,3,11,2,9,-,-,-,2,1,1,3,2,1,-,-,-,-,-,-,-,-,-,-,-,-,-,-,-,-,-,-,6,4,2
Munjeong 1(il)-dong,Songpa-gu,215.0,98.0,117,159,72,87,135,65,70,24,7,17,8,5,3,9,6,3,8,3,5,11,3,8,-,-,-,9,3,6,2,1,1,-,-,-,1,-,1,-,-,-,1,-,1,-,-,-,1,1,-,6,4,2
Munjeong 2(i)-dong,Songpa-gu,62.0,37.0,25,23,12,11,14,9,5,9,3,6,4,4,-,2,-,2,1,-,1,5,-,5,1,1,-,3,2,1,-,-,-,-,-,-,-,-,-,-,-,-,15,14,1,-,-,-,-,-,-,8,4,4
Jangji-dong,Songpa-gu,137.0,52.0,85,72,28,44,51,20,31,21,8,13,5,1,4,7,3,4,17,2,15,8,2,6,3,3,-,5,2,3,2,1,1,-,-,-,3,-,3,-,-,-,1,-,1,-,-,-,-,-,-,14,10,4
Jamsilbon-dong,Songpa-gu,744.0,380.0,364,549,250,299,462,207,255,87,43,44,18,10,8,10,1,9,34,24,10,59,44,15,3,2,1,2,-,2,14,10,4,1,-,1,3,1,2,4,2,2,5,4,1,6,5,1,-,-,-,36,27,9
Jamsil 4(sa)-dong,Songpa-gu,93.0,50.0,43,29,10,19,14,3,11,15,7,8,14,12,2,3,1,2,27,15,12,-,-,-,-,-,-,1,-,1,3,3,-,3,1,2,-,-,-,1,1,-,4,4,-,2,1,1,-,-,-,6,2,4
Jamsil 6(yuk)-dong,Songpa-gu,43.0,27.0,16,11,4,7,4,2,2,7,2,5,7,6,1,5,3,2,8,5,3,-,-,-,-,-,-,2,1,1,1,1,-,-,-,-,-,-,-,3,2,1,1,1,-,2,2,-,2,1,1,1,1,-
Jamsil 7(chil)-dong,Songpa-gu,17.0,10.0,7,4,-,4,3,-,3,1,-,1,12,10,2,1,-,1,-,-,-,-,-,-,-,-,-,-,-,-,-,-,-,-,-,-,-,-,-,-,-,-,-,-,-,-,-,-,-,-,-,-,-,-
Jamsil 2(i)-dong,Songpa-gu,130.0,72.0,58,42,18,24,18,7,11,24,11,13,23,16,7,9,6,3,27,16,11,-,-,-,-,-,-,2,-,2,3,2,1,-,-,-,1,-,1,-,-,-,-,-,-,-,-,-,1,1,-,22,13,9
Jamsil 3(sam)-dong,Songpa-gu,130.0,82.0,48,39,20,19,12,5,7,27,15,12,14,11,3,5,2,3,46,31,15,-,-,-,-,-,-,-,-,-,3,2,1,1,1,-,2,-,2,-,-,-,-,-,-,3,3,-,2,2,-,15,10,5
Gangil-dong,Gangdong-gu,254.0,136.0,118,56,17,39,36,12,24,20,5,15,2,2,-,6,2,4,12,2,10,35,19,16,2,1,1,57,39,18,1,-,1,-,-,-,-,-,-,34,19,15,-,-,-,1,1,-,2,1,1,46,33,13
Sangil-dong,Gangdong-gu,188.0,77.0,111,69,28,41,54,24,30,15,4,11,5,4,1,1,1,-,15,2,13,22,5,17,7,4,3,22,10,12,-,-,-,-,-,-,1,-,1,4,3,1,2,1,1,-,-,-,-,-,-,40,19,21
Myeongil 1(il)-dong,Gangdong-gu,113.0,40.0,73,57,16,41,33,10,23,24,6,18,12,8,4,3,1,2,8,2,6,10,1,9,1,-,1,-,-,-,4,2,2,5,2,3,1,-,1,-,-,-,1,-,1,2,2,-,-,-,-,9,6,3
Myeongil 2(i)-dong,Gangdong-gu,27.0,15.0,12,9,4,5,7,3,4,2,1,1,6,2,4,-,-,-,2,1,1,1,1,-,-,-,-,-,-,-,2,2,-,1,-,1,-,-,-,-,-,-,3,3,-,1,1,-,-,-,-,2,1,1
Godeok 1(il)-dong,Gangdong-gu,120.0,52.0,68,51,13,38,34,11,23,17,2,15,1,1,-,1,-,1,14,10,4,12,2,10,9,4,5,-,-,-,1,1,-,2,-,2,-,-,-,-,-,-,2,2,-,1,1,-,-,-,-,26,18,8
Godeok 2(i)-dong,Gangdong-gu,99.0,41.0,58,71,35,36,58,33,25,13,2,11,-,-,-,-,-,-,6,-,6,7,-,7,2,1,1,1,-,1,1,1,-,-,-,-,-,-,-,-,-,-,1,1,-,-,-,-,-,-,-,10,3,7
Amsa 2(i)-dong,Gangdong-gu,49.0,25.0,24,28,18,10,24,16,8,4,2,2,3,3,-,1,-,1,4,-,4,3,-,3,2,-,2,1,-,1,2,2,-,1,-,1,-,-,-,-,-,-,-,-,-,1,1,-,-,-,-,3,1,2
Amsa 3(sam)-dong,Gangdong-gu,19.0,13.0,6,7,4,3,7,4,3,-,-,-,-,-,-,2,2,-,5,4,1,2,-,2,-,-,-,-,-,-,-,-,-,-,-,-,-,-,-,-,-,-,-,-,-,1,1,-,-,-,-,2,2,-
Cheonho 1(il)-dong,Gangdong-gu,560.0,226.0,334,440,192,248,365,170,195,75,22,53,8,6,2,6,4,2,11,-,11,41,4,37,17,8,9,16,6,10,3,3,-,6,-,6,1,1,-,-,-,-,2,-,2,-,-,-,-,-,-,9,2,7
Cheonho 3(sam)-dong,Gangdong-gu,455.0,207.0,248,381,178,203,326,157,169,55,21,34,15,10,5,2,1,1,8,3,5,12,-,12,3,-,3,10,1,9,7,6,1,1,-,1,-,-,-,5,4,1,1,-,1,1,1,-,-,-,-,9,3,6
Seongnae 1(il)-dong,Gangdong-gu,263.0,116.0,147,183,88,95,150,77,73,33,11,22,17,8,9,1,-,1,8,1,7,17,3,14,2,1,1,7,-,7,9,5,4,1,-,1,3,1,2,-,-,-,-,-,-,1,1,-,-,-,-,14,8,6
Seongnae 2(i)-dong,Gangdong-gu,596.0,276.0,320,529,249,280,462,221,241,67,28,39,3,1,2,3,3,-,11,4,7,13,4,9,7,-,7,6,3,3,1,1,-,3,1,2,-,-,-,1,1,-,1,-,1,1,1,-,-,-,-,17,8,9
Seongnae 3(sam)-dong,Gangdong-gu,231.0,102.0,129,158,80,78,119,58,61,39,22,17,16,5,11,5,1,4,10,3,7,12,1,11,-,-,-,3,-,3,8,1,7,-,-,-,-,-,-,1,-,1,2,-,2,-,-,-,-,-,-,16,11,5
Dunchon 1(il)-dong,Gangdong-gu,69.0,31.0,38,29,8,21,20,7,13,9,1,8,5,3,2,5,3,2,4,1,3,11,8,3,-,-,-,2,-,2,-,-,-,1,-,1,-,-,-,-,-,-,4,2,2,2,2,-,-,-,-,6,4,2
Dunchon 2(i)-dong,Gangdong-gu,128.0,58.0,70,85,34,51,69,26,43,16,8,8,2,2,-,1,-,1,9,4,5,10,4,6,-,-,-,1,-,1,2,2,-,1,-,1,1,-,1,-,-,-,-,-,-,-,-,-,1,1,-,15,11,4
Amsa 1(il)-dong,Gangdong-gu,435.0,161.0,274,311,135,176,254,123,131,57,12,45,6,2,4,10,6,4,18,1,17,37,-,37,9,1,8,12,2,10,14,5,9,-,-,-,1,-,1,-,-,-,2,-,2,1,1,-,-,-,-,14,8,6
Cheonho 2(i)-dong,Gangdong-gu,780.0,375.0,405,644,321,323,545,285,260,99,36,63,12,10,2,8,6,2,11,1,10,31,1,30,30,12,18,13,1,12,3,3,-,6,2,4,3,1,2,6,5,1,-,-,-,3,3,-,-,-,-,10,9,1
Gil-dong,Gangdong-gu,383.0,143.0,240,244,99,145,196,89,107,48,10,38,16,9,7,5,1,4,15,2,13,38,2,36,-,-,-,16,8,8,9,6,3,4,1,3,4,2,2,-,-,-,2,-,2,1,-,1,-,-,-,29,13,16
