Dong,楳舛_爽託舌_Gu_Gu_Gu_Gu,楳舛_爽託舌_Total_Total_Total_Number,楳舛_爽託舌_Total_Total_Total_Space,楳舛_爽託舌_Total_Public_Public_Number,楳舛_爽託舌_Total_Public_Public_Space,楳舛_爽託舌_Total_Private_Private_Number,楳舛_爽託舌_Total_Private_Private_Space,楳舛_爽託舌_Street parking_Total_Total_Number,楳舛_爽託舌_Street parking_Total_Total_Space,楳舛_爽託舌_Street parking_推榎採引紺_政戟_Number,楳舛_爽託舌_Street parking_推榎採引紺_政戟_Space,楳舛_爽託舌_Street parking_推榎採引紺_巷戟_Number,楳舛_爽託舌_Street parking_推榎採引紺_巷戟_Space,楳舛_爽託舌_Street parking_錘慎爽端紺_獣慎_Number,楳舛_爽託舌_Street parking_錘慎爽端紺_獣慎_Space,楳舛_爽託舌_Street parking_錘慎爽端紺_姥慎_Number,楳舛_爽託舌_Street parking_錘慎爽端紺_姥慎_Space,楳舛_爽託舌_Street parking_錘慎爽端紺_暗爽切酔識_Number,楳舛_爽託舌_Street parking_錘慎爽端紺_暗爽切酔識_Space,楳舛_爽託舌_Non-Street parking_Total_Total_Number,楳舛_爽託舌_Non-Street parking_Total_Total_Space,楳舛_爽託舌_Non-Street parking_獣慎_獣慎_Number,楳舛_爽託舌_Non-Street parking_獣慎_獣慎_Space,楳舛_爽託舌_Non-Street parking_姥慎_姥慎_Number,楳舛_爽託舌_Non-Street parking_姥慎_姥慎_Space,楳舛_爽託舌_Non-Street parking_Private_Private_Number,楳舛_爽託舌_Non-Street parking_Private_Private_Space,楳舛_爽託舌_Attached to buildings_Total_Total_Number,楳舛_爽託舌_Attached to buildings_Total_Total_Space,楳舛_爽託舌_Attached to buildings_析鋼爽澱_析鋼爽澱_Number,楳舛_爽託舌_Attached to buildings_析鋼爽澱_析鋼爽澱_Space,楳舛_爽託舌_Attached to buildings_因疑爽澱_因疑爽澱_Number,楳舛_爽託舌_Attached to buildings_因疑爽澱_因疑爽澱_Space,楳舛_爽託舌_Attached to buildings_析鋼闇逐弘_析鋼闇逐弘_Number,楳舛_爽託舌_Attached to buildings_析鋼闇逐弘_析鋼闇逐弘_Space
Sajik-dong,Jongno-gu,400,13082,17,234,383,12848,16,214,16,214,-,-,1,22,15,192,-,-,9,305,-,-,1,20,8,285,375,12563,105,213,71,2470,199,9880
Samcheong-dong,Jongno-gu,199,1909,16,167,183,1742,14,133,14,133,-,-,-,-,14,133,-,-,6,101,-,-,2,34,4,67,179,1675,83,176,12,75,84,1424
Buam-dong,Jongno-gu,584,3270,8,126,576,3144,8,126,8,126,-,-,-,-,8,126,-,-,2,27,-,-,-,-,2,27,574,3117,303,611,151,1199,120,1307
Pyeongchang-dong,Jongno-gu,1581,9197,20,309,1561,8888,18,234,18,234,-,-,-,-,18,234,-,-,3,285,1,38,1,37,1,210,1560,8678,1053,2047,280,4687,227,1944
Muak-dong,Jongno-gu,34,2888,-,-,34,2888,-,-,-,-,-,-,-,-,-,-,-,-,-,-,-,-,-,-,-,-,34,2888,5,10,13,2708,16,170
Gyonam-dong,Jongno-gu,267,1860,15,193,252,1667,13,149,13,149,-,-,-,-,13,149,-,-,3,54,-,-,2,44,1,10,251,1657,79,170,101,414,71,1073
Gahoe-dong,Jongno-gu,262,2958,10,241,252,2717,10,241,10,241,-,-,-,-,10,241,-,-,1,4,-,-,-,-,1,4,251,2713,90,215,93,399,68,2099
Jongno 1，2，3，4(ilisamsa)-ga-dong,Jongno-gu,637,17435,26,1890,611,15545,24,427,24,427,-,-,4,116,20,311,-,-,33,2455,1,1418,1,45,31,992,580,14553,37,104,8,1153,535,13296
Jongno 5，6(oryuk)-ga-dong,Jongno-gu,432,4508,9,241,423,4267,9,241,9,241,-,-,1,103,8,138,-,-,11,360,-,-,-,-,11,360,412,3907,80,163,25,110,307,3634
Ihwa-dong,Jongno-gu,440,6174,20,293,420,5881,17,156,17,156,-,-,-,-,17,156,-,-,6,208,-,-,3,137,3,71,417,5810,106,271,107,589,204,4950
Changsin 1(il)-dong,Jongno-gu,166,2213,5,95,161,2118,4,9,4,9,-,-,-,-,4,9,-,-,7,172,-,-,1,86,6,86,155,2032,46,97,14,576,95,1359
Changsin 2(i)-dong,Jongno-gu,246,998,10,165,236,833,9,145,9,145,-,-,-,-,9,145,-,-,2,36,-,-,1,20,1,16,235,817,75,150,112,463,48,204
Changsin 3(sam)-dong,Jongno-gu,53,1608,6,207,47,1401,3,54,3,54,-,-,-,-,3,54,-,-,6,185,-,-,3,153,3,32,44,1369,14,26,9,850,21,493
Sungin 1(il)-dong,Jongno-gu,148,1616,5,83,143,1533,4,45,4,45,-,-,-,-,4,45,-,-,3,73,-,-,1,38,2,35,141,1498,49,108,45,1124,47,266
Sungin 2(i)-dong,Jongno-gu,351,3303,12,138,339,3165,10,108,10,108,-,-,1,38,9,70,-,-,11,268,-,-,2,30,9,238,330,2927,41,102,142,1151,147,1674
Cheongunhyoja-dong,Jongno-gu,665,6955,19,1652,646,5303,15,1408,15,1408,-,-,2,1173,13,235,-,-,5,249,-,-,4,244,1,5,645,5298,250,529,279,1772,116,2997
Hyehwa-dong,Jongno-gu,861,6334,14,343,847,5991,9,182,9,182,-,-,-,-,9,182,-,-,11,356,-,-,5,161,6,195,841,5796,391,1003,206,2037,244,2756
Sogong-dong,Jung-gu,169,15250,13,230,156,15020,9,127,9,127,-,-,2,58,7,69,-,-,13,629,3,51,1,52,9,526,147,14494,5,10,5,931,137,13553
Hoehyeon-dong,Jung-gu,226,12559,10,252,216,12307,9,225,9,225,-,-,1,65,8,160,-,-,13,648,-,-,1,27,12,621,204,11686,31,90,18,1402,155,10194
Myeong-dong,Jung-gu,290,16397,14,239,276,16158,12,176,12,176,-,-,2,74,10,102,-,-,14,715,-,-,2,63,12,652,264,15506,31,128,5,43,228,15335
Pil-dong,Jung-gu,398,5757,10,428,388,5329,7,261,7,261,-,-,1,50,6,211,-,-,14,559,2,119,1,48,11,392,377,4937,70,196,20,307,287,4434
Jangchung-dong,Jung-gu,328,5918,7,241,321,5677,6,135,6,135,-,-,-,-,6,135,-,-,3,218,-,-,1,106,2,112,319,5565,73,238,84,642,162,4685
Gwanghui-dong ,Jung-gu,272,8639,9,858,263,7781,8,356,8,356,-,-,1,68,7,288,-,-,8,1158,-,-,1,502,7,656,256,7125,42,74,9,768,205,6283
Euljiro-dong,Jung-gu,162,4440,12,255,150,4185,11,182,11,182,-,-,1,74,10,108,-,-,13,1366,-,-,1,73,12,1293,138,2892,-,-,1,80,137,2812
Sindang 5(o)-dong,Jung-gu,280,2970,15,125,265,2845,13,52,13,52,-,-,-,-,13,52,-,-,2,73,-,-,2,73,-,-,265,2845,107,241,42,1586,116,1018
Hwanghak-dong,Jung-gu,321,4946,-,-,321,4946,-,-,-,-,-,-,-,-,-,-,-,-,9,278,-,-,-,-,9,278,312,4668,120,249,20,3729,172,690
Jungnim-dong,Jung-gu,187,4986,12,517,175,4469,10,99,10,99,-,-,1,19,9,80,-,-,5,674,-,-,2,418,3,256,172,4213,63,117,44,1442,65,2654
Sindang-dong,Jung-gu,439,5214,14,1340,425,3874,11,210,11,210,-,-,4,96,7,114,-,-,6,1264,2,1103,1,27,3,134,422,3740,132,272,38,341,252,3127
Dasan-dong,Jung-gu,641,4054,18,330,623,3724,12,52,12,52,-,-,-,-,12,52,-,-,8,369,-,-,6,278,2,91,621,3633,194,535,216,1510,211,1588
Yaksu-dong,Jung-gu,199,6119,14,103,185,6016,13,13,13,13,-,-,-,-,13,13,-,-,1,90,-,-,1,90,-,-,185,6016,39,114,84,5066,62,836
Cheonggu-dong,Jung-gu,238,4937,12,133,226,4804,10,49,10,49,-,-,-,-,10,49,-,-,2,84,-,-,2,84,-,-,226,4804,95,266,39,3803,92,735
Donghwa-dong,Jung-gu,308,4394,12,98,296,4296,11,19,11,19,-,-,-,-,11,19,-,-,1,79,-,-,1,79,-,-,296,4296,107,296,48,2781,141,1219
Huam-dong,Yongsan-gu,256,・,・,・,・,・,・,・,・,・,-,-,・,・,22,245,-,-,7,165,-,-,2,51,5,114,114,・,・,・,64,445,109,4239
Yongsan 2-ga-dong,Yongsan-gu,348,・,・,・,・,・,・,・,・,・,-,-,・,・,21,123,-,-,7,159,1,24,2,82,4,53,53,・,・,・,68,775,61,584
Namyeong-dong,Yongsan-gu,280,・,・,・,・,・,・,・,・,・,-,-,・,・,17,205,-,-,3,98,-,-,1,35,2,63,63,・,・,・,79,4187,65,2333
Wonhyoro 2(i)-dong,Yongsan-gu,305,・,・,・,・,・,・,・,・,・,-,-,・,・,14,126,-,-,3,262,-,-,2,226,1,36,36,・,・,・,88,3013,31,213
Hyochang-dong,Yongsan-gu,430,・,・,・,・,・,・,・,・,・,-,-,・,・,29,400,-,-,1,20,-,-,1,20,-,-,20,・,・,・,149,794,47,638
Yongmun-dong,Yongsan-gu,365,・,・,・,・,・,・,・,・,・,-,-,・,・,8,56,-,-,9,207,-,-,3,58,6,149,149,・,・,・,66,4058,158,1511
Ichon 1(il)-dong,Yongsan-gu,282,・,・,・,・,・,・,・,・,・,-,-,・,・,9,118,-,-,1,93,1,93,-,-,-,-,93,・,・,・,63,3240,110,1306
Ichon 2(i)-dong,Yongsan-gu,77,・,・,・,・,・,・,・,・,・,-,-,・,・,13,223,-,-,-,-,-,-,-,-,-,-,223,・,・,・,32,10959,32,763
Itaewon 1(il)-dong,Yongsan-gu,88,・,・,・,・,・,・,・,・,・,-,-,・,・,25,267,-,-,1,487,-,-,1,487,-,-,487,・,・,・,32,2263,22,520
Itaewon 2(i)-dong,Yongsan-gu,368,・,・,・,・,・,・,・,・,・,-,-,・,・,14,202,-,-,5,194,-,-,1,112,4,82,82,・,・,・,64,1172,102,1276
Seobinggo-dong,Yongsan-gu,749,・,・,・,・,・,・,・,・,・,-,-,・,・,18,377,-,-,4,78,-,-,2,44,2,34,34,・,・,・,162,1791,86,1123
Bogwang-dong,Yongsan-gu,899,・,・,・,・,・,・,・,・,・,-,-,・,・,20,203,-,-,4,112,-,-,2,48,2,64,64,・,・,・,247,1555,241,2984
Cheongpa-dong,Yongsan-gu,444,・,・,・,・,・,・,・,・,・,-,-,・,・,27,209,-,-,11,421,-,-,6,234,5,187,187,・,・,・,50,6468,296,11560
Wonhyoro 1(il)-dong,Yongsan-gu,1209,・,・,・,・,・,・,・,・,・,-,-,・,・,29,225,-,-,8,368,-,-,1,20,7,348,348,・,・,・,290,7793,384,5533
Hangangno-dong,Yongsan-gu,403,・,・,・,・,・,・,・,・,・,-,-,・,・,66,819,-,-,6,1205,1,595,5,610,-,-,610,・,・,・,125,1730,82,765
Hannam-dong,Yongsan-gu,698,・,・,・,・,・,・,・,・,・,-,-,・,・,43,361,-,-,6,386,1,181,2,121,3,84,84,・,・,・,270,2563,95,861
Wangsimni 2(i)-dong,Seongdong-gu,888,4505,6,162,882,4343,5,61,5,61,-,-,-,-,5,61,-,-,4,151,-,-,1,101,3,50,879,4293,762,586,24,3099,93,608
Majang-dong,Seongdong-gu,623,8568,39,1372,584,7196,36,1130,36,1130,-,-,-,-,36,1130,-,-,7,499,-,-,3,242,4,257,580,6939,243,597,54,3965,283,2377
Sageun-dong,Seongdong-gu,453,5729,6,239,447,5490,5,133,5,133,-,-,-,-,5,133,-,-,4,173,-,-,1,106,3,67,444,5423,210,473,76,676,158,4274
Haengdang 1(il)-dong,Seongdong-gu,314,6186,14,265,300,5921,13,243,13,243,-,-,-,-,13,243,-,-,3,181,-,-,1,22,2,159,298,5762,105,229,69,2550,124,2983
Haengdang 2(i)-dong,Seongdong-gu,114,6176,2,105,112,6071,1,27,1,27,-,-,-,-,1,27,-,-,1,78,-,-,1,78,-,-,112,6071,50,98,27,5696,35,277
Eungbong-dong,Seongdong-gu,93,4076,9,251,84,3825,8,178,8,178,-,-,-,-,8,178,-,-,1,73,-,-,1,73,-,-,84,3825,38,69,35,3581,11,175
Geumho 1(il)-ga-dong,Seongdong-gu,80,3832,5,141,75,3691,5,141,5,141,-,-,-,-,5,141,-,-,-,-,-,-,-,-,-,-,75,3691,18,39,14,3338,43,314
Geumho 4(sa)-ga-dong,Seongdong-gu,150,4916,4,179,146,4737,3,89,3,89,-,-,-,-,3,89,-,-,3,109,-,-,1,90,2,19,144,4718,42,96,38,4150,64,472
Seongsu 1(il)-ga1(il)-dong,Seongdong-gu,413,6527,19,644,394,5883,17,440,17,440,-,-,-,-,17,440,-,-,3,206,-,-,2,204,1,2,393,5881,130,288,89,3877,174,1716
Seongsu 1(il)-ga2(i)-dong,Seongdong-gu,652,7269,29,680,623,6589,28,659,28,659,-,-,-,-,28,659,-,-,1,21,-,-,1,21,-,-,623,6589,332,703,50,2473,241,3413
Seongsu 2(i)-ga1(il)-dong,Seongdong-gu,626,8116,36,918,590,7198,35,753,35,753,-,-,-,-,35,753,-,-,4,216,-,-,1,165,3,51,587,7147,259,588,79,2685,249,3874
Seongsu 2(i)-ga 3(sam)-dong,Seongdong-gu,705,14210,52,1665,653,12545,51,1467,51,1467,-,-,-,-,51,1467,-,-,6,453,-,-,1,198,5,255,648,12290,120,260,39,2795,489,9235
Songjeong-dong,Seongdong-gu,366,2336,13,355,353,1981,12,233,12,233,-,-,-,-,12,233,-,-,3,155,-,-,1,122,2,33,351,1948,251,395,25,947,75,606
Yongdap-dong,Seongdong-gu,494,6828,24,1108,470,5720,23,940,23,940,-,-,-,-,23,940,-,-,9,458,-,-,1,168,8,290,462,5430,214,527,36,265,212,4638
WangsimniDoseon-dong,Seongdong-gu,350,7224,20,554,330,6670,18,283,18,283,-,-,-,-,18,283,-,-,7,333,-,-,2,271,5,62,325,6608,89,248,24,4223,212,2137
Geumho 2.3(i.sam)-ga-dong,Seongdong-gu,326,5396,8,299,318,5097,7,174,7,174,-,-,-,-,7,174,-,-,6,171,-,-,1,125,5,46,313,5051,109,198,125,4324,79,529
Oksu-dong,Seongdong-gu,164,8305,6,130,158,8175,6,130,6,130,-,-,1,41,5,89,-,-,-,-,-,-,-,-,-,-,158,8175,41,108,47,7375,70,692
Hwayang-dong,Gwangjin-gu,958,4377,3,216,955,4161,1,203,1,203,-,-,-,-,1,203,-,-,7,335,-,-,2,13,5,322,950,3839,694,2057,146,972,110,810
Gunja-dong,Gwangjin-gu,1209,5196,3,300,1206,4896,2,285,2,285,-,-,-,-,2,285,-,-,3,52,-,-,1,15,2,37,1204,4859,872,2631,222,1418,110,810
Junggok 1(il)-dong,Gwangjin-gu,839,3628,4,419,835,3209,1,270,1,270,-,-,-,-,1,270,-,-,3,149,-,-,3,149,-,-,835,3209,624,1545,140,1042,71,622
Junggok 2(i)-dong,Gwangjin-gu,1556,7238,6,644,1550,6594,2,541,2,541,-,-,-,-,2,541,-,-,4,103,-,-,4,103,-,-,1550,6594,1061,2969,404,2769,85,856
Junggok 3(sam)-dong,Gwangjin-gu,739,4929,3,373,736,4556,1,300,1,300,-,-,-,-,1,300,-,-,7,165,-,-,2,73,5,92,731,4464,604,2303,65,441,62,1720
Junggok 4(sa)-dong,Gwangjin-gu,1283,5713,5,343,1278,5370,1,131,1,131,-,-,-,-,1,131,-,-,9,315,-,-,4,212,5,103,1273,5267,960,2725,229,1469,84,1073
Neung-dong,Gwangjin-gu,1176,6252,4,466,1172,5786,1,331,1,331,-,-,-,-,1,331,-,-,4,158,-,-,3,135,1,23,1171,5763,659,2187,421,2811,91,765
Guui 1(il)-dong,Gwangjin-gu,802,13635,4,403,798,13232,3,272,3,272,-,-,1,18,2,254,-,-,1,131,-,-,1,131,-,-,798,13232,480,1203,191,7768,127,4261
Guui 2(i)-dong,Gwangjin-gu,332,13409,4,301,328,13108,1,228,1,228,-,-,-,-,1,228,-,-,4,92,-,-,3,73,1,19,327,13089,166,1126,66,7709,95,4254
Guui 3(sam)-dong,Gwangjin-gu,1211,5237,2,130,1209,5107,1,88,1,88,-,-,-,-,1,88,-,-,6,164,-,-,1,42,5,122,1204,4985,884,2246,221,1616,99,1123
Gwangjang-dong,Gwangjin-gu,1031,8112,4,800,1027,7312,1,503,1,503,-,-,-,-,1,503,-,-,10,444,-,-,3,297,7,147,1020,7165,706,2128,240,3648,74,1389
Jayang 1(il)-dong,Gwangjin-gu,412,13271,2,450,410,12821,2,450,2,450,-,-,-,-,2,450,-,-,-,-,-,-,-,-,-,-,410,12821,268,731,90,6282,52,5808
Jayang 2(i)-dong,Gwangjin-gu,805,4001,4,527,801,3474,1,219,1,219,-,-,-,-,1,219,-,-,3,308,-,-,3,308,-,-,801,3474,630,1405,71,1319,100,750
Jayang 3(sam)-dong,Gwangjin-gu,1125,8071,4,259,1121,7812,1,189,1,189,-,-,-,-,1,189,-,-,4,92,-,-,3,70,1,22,1120,7790,838,2565,108,1002,174,4223
Jayang 4(sa)-dong,Gwangjin-gu,1011,5943,4,221,1007,5722,1,112,1,112,-,-,-,-,1,112,-,-,8,277,-,-,3,109,5,168,1002,5554,748,2115,143,1640,111,1799
Hoegi-dong,Dongdaemun-gu,718,9429,11,430,707,8999,7,23,7,23,-,-,-,-,7,23,-,-,6,439,-,-,4,407,2,32,705,8967,275,572,350,5566,80,2829
Hwigyeong 1(il)-dong,Dongdaemun-gu,403,8593,10,462,393,8131,7,363,7,363,-,-,-,-,7,363,-,-,4,111,-,-,3,99,1,12,392,8119,131,359,171,6056,90,1704
Hwigyeong 2(i)-dong,Dongdaemun-gu,524,5273,8,163,516,5110,7,63,7,63,-,-,-,-,7,63,-,-,2,120,-,-,1,100,1,20,515,5090,222,688,232,1352,61,3050
Cheongnyangni-dong,Dongdaemun-gu,586,4924,98,354,488,4570,96,307,96,307,-,-,-,-,96,307,-,-,3,125,-,-,2,47,1,78,487,4492,127,436,283,3057,77,999
Yongsin-dong,Dongdaemun-gu,1317,12709,130,1109,1187,11600,128,969,128,969,-,-,3,236,125,733,-,-,9,516,-,-,2,140,7,376,1180,11224,477,1636,369,4398,334,5190
Jegi-dong,Dongdaemun-gu,1078,11793,324,874,754,10919,322,623,322,623,-,-,-,-,322,623,-,-,5,328,-,-,2,251,3,77,751,10842,279,860,297,8314,175,1668
Jeonnong 1(il)-dong,Dongdaemun-gu,778,6845,8,696,770,6149,7,633,7,633,-,-,-,-,7,633,-,-,2,87,-,-,1,63,1,24,769,6125,242,579,412,2514,115,3032
Jeonnong 2(i)-dong,Dongdaemun-gu,208,4520,7,52,201,4468,7,52,7,52,-,-,-,-,7,52,-,-,2,27,-,-,-,-,2,27,199,4441,63,180,102,3890,34,371
Dapsimni 1(il)-dong,Dongdaemun-gu,476,7196,56,702,420,6494,53,345,53,345,-,-,-,-,53,345,-,-,4,453,-,-,3,357,1,96,419,6398,185,623,142,3553,92,2222
Dapsimni 2(i)-dong,Dongdaemun-gu,521,10513,85,382,436,10131,82,236,82,236,-,-,-,-,82,236,-,-,4,173,-,-,3,146,1,27,435,10104,208,575,148,8451,79,1078
Jangan 1(il)-dong,Dongdaemun-gu,1209,13567,54,568,1155,12999,51,441,51,441,-,-,-,-,51,441,-,-,3,127,-,-,3,127,-,-,1155,12999,491,1809,347,6523,317,4667
Jangan 2(i)-dong,Dongdaemun-gu,912,12089,11,689,901,11400,7,413,7,413,-,-,-,-,7,413,-,-,7,414,1,80,3,196,3,138,898,11262,450,1615,221,6558,227,3089
Imun 1(il)-dong,Dongdaemun-gu,926,7717,34,389,892,7328,33,305,33,305,-,-,-,-,33,305,-,-,4,116,-,-,1,84,3,32,889,7296,223,572,541,5017,125,1707
Imun 2(i)-dong,Dongdaemun-gu,251,5088,6,291,245,4797,6,291,6,291,-,-,-,-,6,291,-,-,2,18,-,-,-,-,2,18,243,4779,70,181,156,4433,17,165
Myeonmok 2(i)-dong,Jungnang-gu,・,・,・,・,・,・,・,・,・,・,・,・,・,・,・,・,・,・,・,・,・,・,・,・,・,・,・,・,・,・,・,・,・,・
Myeonmok 4(sa)-dong,Jungnang-gu,・,・,・,・,・,・,・,・,・,・,・,・,・,・,・,・,・,・,・,・,・,・,・,・,・,・,・,・,・,・,・,・,・,・
Myeonmok 5(o)-dong,Jungnang-gu,・,・,・,・,・,・,・,・,・,・,・,・,・,・,・,・,・,・,・,・,・,・,・,・,・,・,・,・,・,・,・,・,・,・
Myeonmok 7(chil)-dong,Jungnang-gu,・,・,・,・,・,・,・,・,・,・,・,・,・,・,・,・,・,・,・,・,・,・,・,・,・,・,・,・,・,・,・,・,・,・
Sangbong 1(il)-dong,Jungnang-gu,・,・,・,・,・,・,・,・,・,・,・,・,・,・,・,・,・,・,・,・,・,・,・,・,・,・,・,・,・,・,・,・,・,・
Sangbong 2(i)-dong,Jungnang-gu,・,・,・,・,・,・,・,・,・,・,・,・,・,・,・,・,・,・,・,・,・,・,・,・,・,・,・,・,・,・,・,・,・,・
Junghwa 1(il)-dong,Jungnang-gu,・,・,・,・,・,・,・,・,・,・,・,・,・,・,・,・,・,・,・,・,・,・,・,・,・,・,・,・,・,・,・,・,・,・
Junghwa 2(i)-dong,Jungnang-gu,・,・,・,・,・,・,・,・,・,・,・,・,・,・,・,・,・,・,・,・,・,・,・,・,・,・,・,・,・,・,・,・,・,・
Muk 1(il)-dong,Jungnang-gu,・,・,・,・,・,・,・,・,・,・,・,・,・,・,・,・,・,・,・,・,・,・,・,・,・,・,・,・,・,・,・,・,・,・
Muk 2(i)-dong,Jungnang-gu,・,・,・,・,・,・,・,・,・,・,・,・,・,・,・,・,・,・,・,・,・,・,・,・,・,・,・,・,・,・,・,・,・,・
Mangu 3(sam)-dong,Jungnang-gu,・,・,・,・,・,・,・,・,・,・,・,・,・,・,・,・,・,・,・,・,・,・,・,・,・,・,・,・,・,・,・,・,・,・
Sinnae 1(il)-dong,Jungnang-gu,・,・,・,・,・,・,・,・,・,・,・,・,・,・,・,・,・,・,・,・,・,・,・,・,・,・,・,・,・,・,・,・,・,・
Sinnae 2(i)-dong,Jungnang-gu,・,・,・,・,・,・,・,・,・,・,・,・,・,・,・,・,・,・,・,・,・,・,・,・,・,・,・,・,・,・,・,・,・,・
Myeonmokbon-dong,Jungnang-gu,・,・,・,・,・,・,・,・,・,・,・,・,・,・,・,・,・,・,・,・,・,・,・,・,・,・,・,・,・,・,・,・,・,・
Myeonmok 3.8(sam.pal)-dong,Jungnang-gu,・,・,・,・,・,・,・,・,・,・,・,・,・,・,・,・,・,・,・,・,・,・,・,・,・,・,・,・,・,・,・,・,・,・
Mangubon-dong,Jungnang-gu,・,・,・,・,・,・,・,・,・,・,・,・,・,・,・,・,・,・,・,・,・,・,・,・,・,・,・,・,・,・,・,・,・,・
Donam 1(il)-dong,Seongbuk_gu,101,4930,4,19,97,4911,4,19,4,19,-,-,-,-,4,19,-,-,-,-,-,-,-,-,-,-,97,4911,28,104,33,4459,36,348
Donam 2(i)-dong,Seongbuk_gu,88,7953,-,-,88,7953,-,-,-,-,-,-,-,-,-,-,-,-,2,99,-,-,-,-,2,99,86,7854,41,91,29,7522,16,241
Anam-dong,Seongbuk_gu,793,8131,9,510,784,7621,9,510,9,510,-,-,-,-,9,510,-,-,5,221,-,-,-,-,5,221,779,7400,333,838,93,1540,353,5022
Bomun-dong,Seongbuk_gu,597,4146,7,453,590,3693,6,440,6,440,-,-,-,-,6,440,-,-,4,45,-,-,1,13,3,32,587,3661,274,745,101,1422,212,1494
Jeongneung 1(il)-dong,Seongbuk_gu,345,5702,7,238,338,5464,6,232,6,232,-,-,-,-,6,232,-,-,2,26,-,-,1,6,1,20,337,5444,155,304,87,4744,95,396
Jeongneung 2(i)-dong,Seongbuk_gu,608,6641,5,283,603,6358,4,272,4,272,-,-,-,-,4,272,-,-,3,55,-,-,1,11,2,44,601,6314,211,851,273,4447,117,1016
Jeongneung 3(sam)-dong,Seongbuk_gu,653,6185,15,483,638,5702,8,380,8,380,-,-,-,-,8,380,-,-,15,237,-,-,7,103,8,134,630,5568,332,1244,162,1643,136,2681
Jeongneung 4(sa)-dong,Seongbuk_gu,577,9836,6,226,571,9610,4,143,4,143,-,-,-,-,4,143,-,-,7,153,-,-,2,83,5,70,566,9540,198,441,242,6925,126,2174
Gireum 1(il)-dong,Seongbuk_gu,113,13784,3,33,110,13751,3,33,3,33,-,-,-,-,3,33,-,-,1,26,-,-,-,-,1,26,109,13725,34,47,24,12748,51,930
Gireum 2(i)-dong,Seongbuk_gu,453,7264,8,481,445,6783,6,291,6,291,-,-,-,-,6,291,-,-,8,616,-,-,2,190,6,426,439,6357,174,259,173,4666,92,1432
Wolgok 1(il)-dong,Seongbuk_gu,448,8658,10,268,438,8390,9,264,9,264,-,-,-,-,9,264,-,-,1,4,-,-,1,4,-,-,438,8390,217,356,54,6624,167,1410
Wolgok 2(i)-dong,Seongbuk_gu,654,9272,13,465,641,8807,11,386,11,386,-,-,-,-,11,386,-,-,7,139,-,-,2,79,5,60,636,8747,328,601,66,4378,242,3768
Jangwi 1(il)-dong,Seongbuk_gu,1010,3895,11,664,999,3231,4,450,4,450,-,-,-,-,4,450,-,-,7,214,1,18,6,196,-,-,999,3231,549,831,302,1791,148,609
Jangwi 2(i)-dong,Seongbuk_gu,866,3545,14,461,852,3084,9,296,9,296,-,-,-,-,9,296,-,-,11,241,-,-,5,165,6,76,846,3008,464,744,166,1167,216,1097
Jangwi 3(sam)-dong,Seongbuk_gu,521,4441,13,788,508,3653,4,453,4,453,-,-,-,-,4,453,-,-,17,495,-,-,9,335,8,160,500,3493,282,499,65,1899,153,1095
Seongbuk-dong,Seongbuk_gu,1271,8195,17,559,1254,7636,14,502,14,502,-,-,1,26,13,476,-,-,10,226,-,-,3,57,7,169,1247,7467,801,3037,217,1982,229,2448
Samseon-dong,Seongbuk_gu,901,8365,13,824,888,7541,9,690,9,690,-,-,-,-,9,690,-,-,11,248,-,-,4,134,7,114,881,7427,461,1023,144,4268,276,2136
Dongseon-dong,Seongbuk_gu,900,6822,12,582,888,6240,9,557,9,557,-,-,-,-,9,557,-,-,10,139,-,-,3,25,7,114,881,6126,384,1029,134,1865,363,3232
Jongam-dong,Seongbuk_gu,1112,13471,18,615,1094,12856,12,526,12,526,-,-,-,-,12,526,-,-,11,137,1,21,5,68,5,48,1089,12808,579,1201,185,9218,325,2389
Seokgwan-dong,Seongbuk_gu,1110,9299,13,653,1097,8646,11,629,11,629,-,-,-,-,11,629,-,-,9,186,-,-,2,24,7,162,1090,8484,682,1151,172,5041,236,2292
Beon 1(il)-dong,Gangbuk-gu,1044,5573,1,304,1043,5269,1,304,1,304,-,-,-,-,1,304,-,-,-,-,-,-,-,-,-,-,1043,5269,638,996,118,1576,287,2697
Beon 2(i)-dong,Gangbuk-gu,497,4508,3,269,494,4239,1,77,1,77,-,-,-,-,1,77,-,-,2,192,-,-,2,192,-,-,494,4239,99,170,294,2734,101,1335
Beon 3(sam)-dong,Gangbuk-gu,122,4783,1,10,121,4773,1,10,1,10,-,-,-,-,1,10,-,-,-,-,-,-,-,-,-,-,121,4773,14,40,41,3735,66,998
Suyu 1(il)-dong,Gangbuk-gu,955,4226,5,494,950,3732,2,304,2,304,-,-,-,-,2,304,-,-,5,300,-,-,3,190,2,110,948,3622,442,713,257,1406,249,1503
Suyu 2(i)-dong,Gangbuk-gu,769,4896,3,509,766,4387,2,447,2,447,-,-,-,-,2,447,-,-,1,62,-,-,1,62,-,-,766,4387,318,566,163,2630,285,1191
Suyu 3(sam)-dong,Gangbuk-gu,1155,5254,4,561,1151,4693,3,516,3,516,-,-,-,-,3,516,-,-,3,96,-,-,1,45,2,51,1149,4642,563,970,205,1398,381,2274
Samyang-dong,Gangbuk-gu,634,6034,7,452,627,5582,1,113,1,113,-,-,-,-,1,113,-,-,6,339,-,-,6,339,-,-,627,5582,246,443,230,4142,151,997
Mia-dong,Gangbuk-gu,837,5786,2,600,835,5186,1,445,1,445,-,-,-,-,1,445,-,-,10,371,-,-,1,155,9,216,826,4970,409,661,189,1485,228,2824
Songjung-dong,Gangbuk-gu,1126,7207,5,606,1121,6601,2,471,2,471,-,-,-,-,2,471,-,-,4,175,-,-,3,135,1,40,1120,6561,542,944,282,3124,296,2493
Songcheon-dong,Gangbuk-gu,855,5159,5,704,850,4455,3,542,3,542,-,-,-,-,3,542,-,-,4,188,-,-,2,162,2,26,848,4429,443,696,141,2201,264,1532
Samgaksan-dong,Gangbuk-gu,53,12911,1,26,52,12885,1,26,1,26,-,-,-,-,1,26,-,-,-,-,-,-,-,-,-,-,52,12885,10,17,8,12435,34,433
Ui-dong,Gangbuk-gu,1081,4817,4,635,1077,4182,2,497,2,497,-,-,-,-,2,497,-,-,5,241,-,-,2,138,3,103,1074,4079,537,923,256,2007,281,1149
Insu-dong,Gangbuk-gu,1814,7735,4,636,1810,7099,2,427,2,427,-,-,-,-,2,427,-,-,5,248,-,-,2,209,3,39,1807,7060,978,1817,409,3164,420,2079
Ssangmun 1(il)-dong,Dobong-gu,801,6379,47,631,754,5748,45,591,45,591,-,-,-,-,45,591,-,-,2,40,-,-,2,40,-,-,754,5748,325,701,293,3326,136,1721
Ssangmun 2(i)-dong,Dobong-gu,727,5693,57,413,670,5280,54,344,54,344,-,-,-,-,54,344,-,-,3,69,-,-,3,69,-,-,670,5280,285,531,231,3284,154,1465
Ssangmun 3(sam)-dong,Dobong-gu,830,4929,34,274,796,4655,32,234,32,234,-,-,-,-,32,234,-,-,5,111,-,-,2,40,3,71,793,4584,449,689,202,2749,142,1146
Ssangmun 4(sa)-dong,Dobong-gu,156,4676,22,194,134,4482,21,182,21,182,-,-,-,-,21,182,-,-,2,32,-,-,1,12,1,20,133,4462,49,77,59,3801,25,584
Banghak 1(il)-dong,Dobong-gu,1192,13054,75,638,1117,12416,73,611,73,611,-,-,1,17,72,594,-,-,3,65,-,-,2,27,1,38,1116,12378,586,1066,211,7143,319,4169
Banghak 2(i)-dong,Dobong-gu,1330,5385,64,590,1266,4795,59,402,59,402,-,-,-,-,59,402,-,-,6,195,-,-,5,188,1,7,1265,4788,765,1474,346,2564,154,750
Banghak 3(sam)-dong,Dobong-gu,143,7124,5,79,138,7045,5,79,5,79,-,-,-,-,5,79,-,-,2,27,-,-,-,-,2,27,136,7018,17,48,50,6238,69,732
Chang 1(il)-dong,Dobong-gu,388,6488,18,243,370,6245,16,133,16,133,-,-,-,-,16,133,-,-,3,121,-,-,2,110,1,11,369,6234,171,291,98,4811,100,1132
Chang 2(i)-dong,Dobong-gu,1033,9198,51,525,982,8673,47,394,47,394,-,-,-,-,47,394,-,-,4,131,-,-,4,131,-,-,982,8673,352,667,379,5618,251,2388
Chang 3(sam)-dong,Dobong-gu,772,3345,25,447,747,2898,24,367,24,367,-,-,-,-,24,367,-,-,1,80,-,-,1,80,-,-,747,2898,496,745,126,1631,125,522
Chang 4(sa)-dong,Dobong-gu,97,12042,10,692,87,11350,9,143,9,143,-,-,2,58,7,85,-,-,1,549,1,549,-,-,-,-,87,11350,2,10,17,8447,68,2893
Chang 5(o)-dong,Dobong-gu,447,10599,26,301,421,10298,24,168,24,168,-,-,-,-,24,168,-,-,2,133,1,124,1,9,-,-,421,10298,103,212,135,7511,183,2575
Dobong 1(il)-dong,Dobong-gu,1251,7303,88,1489,1163,5814,83,766,83,766,-,-,-,-,83,766,-,-,9,803,2,558,3,165,4,80,1159,5734,606,1330,337,2749,216,1655
Dobong 2(i)-dong,Dobong-gu,324,9443,16,536,308,8907,11,227,11,227,-,-,-,-,11,227,-,-,9,602,-,-,5,309,4,293,304,8614,187,594,39,6792,78,1228
Wolgye 1(il)-dong,Nowon-gu,・,・,・,・,・,・,・,・,・,・,-,-,-,-,・,・,-,-,6,・,1,73,2,・,3,186,・,・,・,・,・,・,・,・
Wolgye 2(i)-dong,Nowon-gu,・,・,・,・,・,・,・,・,・,・,-,-,-,-,・,・,-,-,1,・,1,40,-,・,-,-,・,・,・,・,・,・,・,・
Wolgye 3(sam)-dong,Nowon-gu,・,・,・,・,・,・,・,・,・,・,-,-,-,-,・,・,-,-,2,・,-,-,-,・,2,138,・,・,・,・,・,・,・,・
Gongneung 2(i)-dong,Nowon-gu,・,・,・,・,・,・,・,・,・,・,-,-,-,-,・,・,-,-,1,・,-,-,-,・,1,29,・,・,・,・,・,・,・,・
Hagye 1(il)-dong,Nowon-gu,・,・,・,・,・,・,・,・,・,・,-,-,-,-,・,・,-,-,6,・,-,-,3,・,3,269,・,・,・,・,・,・,・,・
Hagye 2(i)-dong,Nowon-gu,・,・,・,・,・,・,・,・,・,・,-,-,-,-,・,・,-,-,-,・,-,-,-,・,-,-,・,・,・,・,・,・,・,・
Junggyebon-dong,Nowon-gu,・,・,・,・,・,・,・,・,・,・,-,-,-,-,・,・,-,-,-,・,-,-,-,・,-,-,・,・,・,・,・,・,・,・
Junggye 1(il)-dong,Nowon-gu,・,・,・,・,・,・,・,・,・,・,-,-,-,-,・,・,-,-,-,・,-,-,-,・,-,-,・,・,・,・,・,・,・,・
Junggye 4(sa)-dong,Nowon-gu,・,・,・,・,・,・,・,・,・,・,-,-,-,-,・,・,-,-,3,・,-,-,1,・,2,34,・,・,・,・,・,・,・,・
Sanggye 1(il)-dong,Nowon-gu,・,・,・,・,・,・,・,・,・,・,-,-,-,-,・,・,-,-,7,・,1,159,1,・,5,129,・,・,・,・,・,・,・,・
Sanggye 2(i)-dong,Nowon-gu,・,・,・,・,・,・,・,・,・,・,-,-,-,-,・,・,-,-,4,・,-,-,1,・,3,581,・,・,・,・,・,・,・,・
Sanggye 5(o)-dong,Nowon-gu,・,・,・,・,・,・,・,・,・,・,-,-,-,-,・,・,-,-,3,・,-,-,3,・,-,-,・,・,・,・,・,・,・,・
Sanggye 8(pal)-dong,Nowon-gu,・,・,・,・,・,・,・,・,・,・,-,-,-,-,・,・,-,-,-,・,-,-,-,・,-,-,・,・,・,・,・,・,・,・
Sanggye 9(gu)-dong,Nowon-gu,・,・,・,・,・,・,・,・,・,・,-,-,-,-,・,・,-,-,-,・,-,-,-,・,-,-,・,・,・,・,・,・,・,・
Sanggye 10(sip)-dong,Nowon-gu,・,・,・,・,・,・,・,・,・,・,-,-,-,-,・,・,-,-,-,・,-,-,-,・,-,-,・,・,・,・,・,・,・,・
Sanggye 3.4(sam.sa)-dong,Nowon-gu,・,・,・,・,・,・,・,・,・,・,-,-,2,122,・,・,-,-,4,・,1,130,2,・,1,16,・,・,・,・,・,・,・,・
Sanggye 6.7(yuk.chil)-dong,Nowon-gu,・,・,・,・,・,・,・,・,・,・,-,-,-,-,・,・,-,-,1,・,-,-,1,・,-,-,・,・,・,・,・,・,・,・
Junggye 2.3(i.sam)-dong,Nowon-gu,・,・,・,・,・,・,・,・,・,・,-,-,-,-,・,・,-,-,2,・,-,-,2,・,-,-,・,・,・,・,・,・,・,・
Gongneung 1(il)-dong,Nowon-gu,・,・,・,・,・,・,・,・,・,・,-,-,-,-,・,・,-,-,4,・,-,-,2,・,2,18,・,・,・,・,・,・,・,・
Nokbeon-dong,Eunpyeong-gu,1578,9740,7,433,1571,9307,6,290,6,290,-,-,-,-,6,290,-,-,5,236,-,-,1,143,4,93,1567,9214,672,1365,601,4804,294,3045
Bulgwang 1(il)-dong,Eunpyeong-gu,1126,11066,9,376,1117,10690,6,310,6,310,-,-,-,-,6,310,-,-,7,146,-,-,3,66,4,80,1113,10610,493,946,446,7832,174,1832
Galhyeon 1(il)-dong,Eunpyeong-gu,1624,6884,6,264,1618,6620,5,203,5,203,-,-,-,-,5,203,-,-,6,196,-,-,1,61,5,135,1613,6485,875,1474,493,3588,245,1423
Galhyeon 2(i)-dong,Eunpyeong-gu,1472,7963,10,512,1462,7451,9,441,9,441,-,-,-,-,9,441,-,-,2,92,-,-,1,71,1,21,1461,7430,696,1257,508,4484,257,1689
Gusan-dong,Eunpyeong-gu,1463,10510,9,442,1454,10068,7,355,7,355,-,-,-,-,7,355,-,-,3,101,-,-,2,87,1,14,1453,10054,672,1330,581,6896,200,1828
Daejo-dong,Eunpyeong-gu,1621,9377,8,354,1613,9023,7,318,7,318,-,-,-,-,7,318,-,-,12,274,-,-,1,36,11,238,1602,8785,701,1608,592,4157,309,3020
Eungam 1(il)-dong,Eunpyeong-gu,1242,10955,7,347,1235,10608,6,319,6,319,-,-,-,-,6,319,-,-,3,77,-,-,1,28,2,49,1233,10559,446,959,528,6579,259,3021
Eungam 2(i)-dong,Eunpyeong-gu,610,2997,5,178,605,2819,5,178,5,178,-,-,-,-,5,178,-,-,2,48,-,-,-,-,2,48,603,2771,295,598,185,1385,123,788
Sinsa 1(il)-dong,Eunpyeong-gu,1181,7701,8,288,1173,7413,6,256,6,256,-,-,-,-,6,256,-,-,5,66,-,-,2,32,3,34,1170,7379,487,876,528,5622,155,881
Sinsa 2(i)-dong,Eunpyeong-gu,960,4906,6,213,954,4693,5,103,5,103,-,-,-,-,5,103,-,-,3,131,-,-,1,110,2,21,952,4672,584,828,225,3100,143,744
Jeungsan-dong,Eunpyeong-gu,868,6349,10,502,858,5847,10,502,10,502,-,-,-,-,10,502,-,-,4,61,-,-,-,-,4,61,854,5786,456,776,259,3709,139,1301
Susaek-dong,Eunpyeong-gu,533,5637,7,322,526,5315,6,214,6,214,-,-,-,-,6,214,-,-,9,396,-,-,1,108,8,288,518,5027,237,527,181,2335,100,2165
Jingwan-dong,Eunpyeong-gu,197,23153,2,429,195,22724,-,-,-,-,-,-,-,-,-,-,-,-,3,462,2,429,-,-,1,33,194,22691,32,49,37,20043,125,2599
Bulgwang 2(i)-dong,Eunpyeong-gu,1789,8978,11,604,1778,8374,7,234,7,234,-,-,-,-,7,234,-,-,6,396,-,-,4,370,2,26,1776,8348,1120,1989,483,5028,173,1331
Eungam 3(sam)-dong,Eunpyeong-gu,1179,5797,11,671,1168,5126,9,431,9,431,-,-,-,-,9,431,-,-,8,383,-,-,2,240,6,143,1162,4983,511,1076,338,2244,313,1663
Yeokchon-dong,Eunpyeong-gu,2481,14251,15,745,2466,13506,13,649,13,649,-,-,-,-,13,649,-,-,14,257,-,-,2,96,12,161,2454,13345,1040,2135,1044,8653,370,2557
Cheonyeon-dong,Seodaemun-gu,151,1151,11,95,140,1056,10,79,10,79,-,-,1,7,9,72,-,-,3,51,-,-,1,16,2,35,138,1021,78,248,30,349,30,424
Hongje 1(il)-dong,Seodaemun-gu,663,3500,63,561,600,2939,60,467,60,467,-,-,-,-,60,467,-,-,9,223,-,-,3,94,6,129,594,2810,273,624,164,1173,157,1013
Hongje 3(sam)-dong,Seodaemun-gu,391,2327,10,66,381,2261,9,49,9,49,-,-,-,-,9,49,-,-,4,45,-,-,1,17,3,28,378,2233,222,329,78,1335,78,569
Hongje 2(i)-dong,Seodaemun-gu,292,1362,33,357,259,1005,31,303,31,303,-,-,-,-,31,303,-,-,5,92,-,-,2,54,3,38,256,967,163,244,38,443,55,280
Hongeun 1(il)-dong,Seodaemun-gu,380,1492,45,528,335,964,42,340,42,340,-,-,-,-,42,340,-,-,5,208,-,-,3,188,2,20,333,944,201,272,56,329,76,343
Hongeun 2(i)-dong,Seodaemun-gu,861,6978,46,429,815,6549,42,233,42,233,-,-,-,-,42,233,-,-,11,279,-,-,4,196,7,83,808,6466,278,514,335,3264,195,2688
Namgajwa 1(il)-dong,Seodaemun-gu,6,67,5,60,1,7,4,22,4,22,-,-,-,-,4,22,-,-,2,45,-,-,1,38,1,7,-,-,-,-,-,-,-,-
Namgajwa 2(i)-dong,Seodaemun-gu,955,4876,59,652,896,4224,58,581,58,581,-,-,2,38,56,543,-,-,6,125,-,-,1,71,5,54,891,4170,460,1914,160,1321,271,935
Bukgajwa 1(il)-dong,Seodaemun-gu,322,1516,24,253,298,1263,24,253,24,253,-,-,-,-,24,253,-,-,2,81,-,-,-,-,2,81,296,1182,155,227,103,804,38,151
Bukgajwa 2(i)-dong,Seodaemun-gu,1428,6833,122,630,1306,6203,120,599,120,599,-,-,-,-,120,599,-,-,6,81,-,-,2,31,4,50,1302,6153,547,770,526,4426,229,957
Chunghyeon-dong,Seodaemun-gu,655,7446,49,501,606,6945,46,372,46,372,-,-,-,-,46,372,-,-,5,161,-,-,3,129,2,32,604,6913,232,645,174,1743,198,4525
Bugahyeon-dong,Seodaemun-gu,160,1039,14,270,146,769,12,120,12,120,-,-,-,-,12,120,-,-,6,210,-,-,2,150,4,60,142,709,41,53,31,215,70,441
Sinchon-dong,Seodaemun-gu,1197,17676,51,377,1146,17299,49,319,49,319,-,-,-,-,49,319,-,-,17,251,-,-,2,58,15,193,1131,17106,334,776,98,1125,699,15205
Yeonhui-dong,Seodaemun-gu,1178,9109,195,1642,983,7467,189,1424,189,1424,-,-,-,-,189,1424,-,-,16,326,-,-,6,218,10,108,973,7359,275,1671,376,1701,322,3987
Yonggang-dong,Mapo-gu,・,12455,・,954,414,11501,・,352,・,352,-,-,-,-,・,352,-,-,2,631,1,602,-,-,1,29,413,11472,98,381,110,6169,205,4922
Daeheung-dong,Mapo-gu,・,5823,・,459,582,5364,・,98,・,98,-,-,-,-,・,98,-,-,8,514,-,-,2,361,6,153,576,5211,226,532,41,855,309,3824
Yeomni-dong,Mapo-gu,・,3458,・,361,387,3097,・,113,・,113,-,-,-,-,・,113,-,-,5,327,-,-,2,248,3,79,384,3018,226,472,57,1434,101,1112
Sinsu-dong,Mapo-gu,・,7774,・,195,781,7579,・,195,・,195,-,-,-,-,・,195,-,-,-,-,-,-,-,-,-,-,781,7579,338,789,172,4334,271,2456
Seogyo-dong,Mapo-gu,・,23669,・,705,2935,22964,・,705,・,705,-,-,-,-,・,705,-,-,11,472,-,-,-,-,11,472,2924,22492,904,2709,402,4988,1618,14795
Hapjeong-dong,Mapo-gu,・,8461,・,747,1281,7714,・,614,・,614,-,-,-,-,・,614,-,-,4,197,-,-,1,133,3,64,1278,7650,428,1095,400,2989,450,3566
Mangwon 1(il)-dong,Mapo-gu,・,6182,・,680,1007,5502,・,461,・,461,-,-,-,-,・,461,-,-,2,219,-,-,2,219,-,-,1007,5502,356,941,390,3167,261,1394
Mangwon 2(i)-dong,Mapo-gu,・,6483,・,401,803,6082,・,326,・,326,-,-,1,13,・,313,-,-,2,75,-,-,2,75,-,-,803,6082,269,730,310,4071,224,1281
Yeonnam-dong,Mapo-gu,・,6069,・,558,1215,5511,・,558,・,558,-,-,-,-,・,558,-,-,-,-,-,-,-,-,-,-,1215,5511,616,1310,284,2645,315,1556
Seongsan 1(il)-dong,Mapo-gu,・,7373,・,562,1313,6811,・,562,・,562,-,-,-,-,・,562,-,-,1,27,-,-,-,-,1,27,1312,6784,525,1109,431,3104,356,2571
Seongsan 2(i)-dong,Mapo-gu,・,12117,・,593,624,11524,・,386,・,386,-,-,-,-,・,386,-,-,2,207,-,-,2,207,-,-,624,11524,197,485,155,5311,272,5728
Sangam-dong,Mapo-gu,・,22708,・,325,409,22383,・,184,・,184,-,-,-,-,・,184,-,-,1,141,-,-,1,141,-,-,409,22383,209,646,54,8882,146,12855
Dohwa-dong,Mapo-gu,・,8100,・,151,332,7949,・,85,・,85,-,-,-,-,・,85,-,-,4,351,-,-,1,66,3,285,329,7664,162,379,59,5563,108,1722
Seogang-dong,Mapo-gu,・,12041,・,182,1098,11859,・,182,・,182,-,-,-,-,・,182,-,-,1,13,-,-,-,-,1,13,1097,11846,537,1222,239,7547,321,3077
gongdeok-dong,Mapo-gu,・,15403,・,426,883,14977,・,301,・,301,-,-,-,-,・,301,-,-,7,282,-,-,2,125,5,157,878,14820,389,958,159,7092,330,6770
Ahyeon-dong,Mapo-gu,・,6481,・,82,153,6399,・,82,・,82,-,-,-,-,・,82,-,-,2,30,-,-,-,-,2,30,151,6369,53,145,21,2510,77,3714
Mok 1(il)-dong,Yangcheon-gu,・,・,・,・,248,21131,・,・,・,・,-,-,-,-,・,・,-,-,6,3094,-,-,5,2056,1,1038,247,20093,48,74,50,10295,149,9724
Mok 2(i)-dong,Yangcheon-gu,・,・,・,・,1186,8575,・,・,・,・,-,-,-,-,・,・,-,-,4,148,-,-,2,109,2,39,1184,8536,478,1072,529,5868,177,1596
Mok 3(sam)-dong,Yangcheon-gu,・,・,・,・,935,6536,・,・,・,・,-,-,-,-,・,・,-,-,3,171,-,-,2,155,1,16,934,6520,448,992,319,4214,167,1314
Mok 4(sa)-dong,Yangcheon-gu,・,・,・,・,1030,7882,・,・,・,・,-,-,-,-,・,・,-,-,3,165,-,-,1,30,2,135,1028,7747,455,868,377,5529,196,1350
Sinwol 1(il)-dong,Yangcheon-gu,・,・,・,・,1319,5958,・,・,・,・,-,-,-,-,・,・,-,-,4,734,-,-,4,734,-,-,1319,5958,791,1362,282,3124,246,1472
Sinwol 2(i)-dong,Yangcheon-gu,・,・,・,・,586,6198,・,・,・,・,-,-,-,-,・,・,-,-,1,45,-,-,1,45,-,-,586,6198,162,400,263,4472,161,1326
Sinwol 3(sam)-dong,Yangcheon-gu,・,・,・,・,529,3939,・,・,・,・,-,-,-,-,・,・,-,-,4,404,-,-,3,225,1,179,528,3760,246,416,152,1491,130,1853
Sinwol 4(sa)-dong,Yangcheon-gu,・,・,・,・,494,6473,・,・,・,・,-,-,-,-,・,・,-,-,3,100,-,-,-,-,3,100,491,6373,158,380,209,4621,124,1372
Sinwol 5(o)-dong,Yangcheon-gu,・,・,・,・,671,5152,・,・,・,・,-,-,-,-,・,・,-,-,1,275,-,-,-,-,1,275,670,4877,296,587,219,2520,155,1770
Sinwol 6(yuk)-dong,Yangcheon-gu,・,・,・,・,256,2802,・,・,・,・,-,-,-,-,・,・,-,-,3,90,-,-,3,90,-,-,256,2802,69,132,124,1820,63,850
Sinwol 7(chil)-dong,Yangcheon-gu,・,・,・,・,642,5434,・,・,・,・,-,-,-,-,・,・,-,-,4,96,-,-,4,96,-,-,642,5434,36,112,434,3568,172,1754
Sinjeong 1(il)-dong,Yangcheon-gu,・,・,・,・,251,4420,・,・,・,・,-,-,-,-,・,・,-,-,1,18,-,-,1,18,-,-,251,4420,123,150,22,3133,106,1137
Sinjeong 2(i)-dong,Yangcheon-gu,・,・,・,・,243,6660,・,・,・,・,-,-,-,-,・,・,-,-,1,39,-,-,-,-,1,39,242,6621,56,87,49,5176,137,1358
Sinjeong 3(sam)-dong,Yangcheon-gu,・,・,・,・,599,16985,・,・,・,・,-,-,-,-,・,・,-,-,2,142,-,-,2,142,-,-,599,16985,295,473,164,9672,140,6840
Sinjeong 6(yuk)-dong,Yangcheon-gu,・,・,・,・,41,8249,・,・,・,・,-,-,2,109,・,・,-,-,3,237,-,-,3,237,-,-,41,8249,-,-,5,5794,36,2455
Sinjeong 7(chil)-dong,Yangcheon-gu,・,・,・,・,124,8915,・,・,・,・,-,-,-,-,・,・,-,-,5,221,-,-,5,221,-,-,124,8915,28,88,26,7290,70,1537
Mok 5(o)-dong,Yangcheon-gu,・,・,・,・,65,14049,・,・,・,・,-,-,5,155,・,・,-,-,7,292,2,98,4,164,1,30,64,14019,-,-,15,10890,49,3129
Sinjeong 4(sa)-dong,Yangcheon-gu,・,・,・,・,1918,10751,・,・,・,・,-,-,-,-,・,・,-,-,6,209,-,-,2,55,4,154,1914,10597,803,1687,579,4957,532,3953
Yeomchang-dong,Gangseo-gu,483,18333,16,105,467,18228,16,105,16,105,-,-,-,-,16,105,-,-,1,20,-,-,-,-,1,20,466,18208,64,140,153,13045,249,5023
Deungchon 1(il)-dong,Gangseo-gu,483,11250,16,134,467,11116,16,134,16,134,-,-,-,-,16,134,-,-,-,-,-,-,-,-,-,-,467,11116,104,247,120,4098,243,6771
Deungchon 2(i)-dong,Gangseo-gu,751,8126,36,341,715,7785,35,250,35,250,-,-,-,-,35,250,-,-,1,91,-,-,1,91,-,-,715,7785,351,795,253,5622,111,1368
Deungchon 3(sam)-dong,Gangseo-gu,237,15550,12,162,225,15388,12,162,12,162,-,-,-,-,12,162,-,-,1,32,-,-,-,-,1,32,224,15356,7,39,31,6369,186,8948
Hwagokbon-dong,Gangseo-gu,1855,11193,45,605,1810,10588,42,173,42,173,-,-,-,-,42,173,-,-,4,450,-,-,3,432,1,18,1809,10570,537,1238,996,6897,276,2435
Hwagok 2(i)-dong,Gangseo-gu,1074,5717,56.34,655,1018,5062,55.34,595,55.34,595,-,-,1,164,54.34,431,-,-,3,85,-,-,1,60,2,25,1016,5037,461,957,415,3137,140,943
Hwagok 3(sam)-dong,Gangseo-gu,827,9376,42,328,785,9048,41,229,41,229,-,-,-,-,41,229,-,-,1,99,-,-,1,99,-,-,785,9048,384,823,245,6873,156,1352
Hwagok 4(sa)-dong,Gangseo-gu,1274,6972,60.33,564,1214,6408,58.33,409,58.33,409,-,-,-,-,58.33,409,-,-,4,191,-,-,2,155,2,36,1212,6372,570,1194,406,3683,236,1495
Hwagok 6(yuk)-dong,Gangseo-gu,1085,13170,60,765,1025,12405,59,465,59,465,-,-,-,-,59,465,-,-,1,300,-,-,1,300,-,-,1025,12405,365,927,357,6562,303,4916
Hwagok 8(pal)-dong,Gangseo-gu,1280,7587,53.33,701,1227,6886,49.33,334,49.33,334,-,-,-,-,49.33,334,-,-,5,397,-,-,4,367,1,30,1226,6856,416,844,668,4902,142,1110
Gayang 1(il)-dong,Gangseo-gu,294,8795,18,319,276,8476,15,137,15,137,-,-,-,-,15,137,-,-,3,182,3,182,-,-,-,-,276,8476,62,227,56,5413,158,2836
Gayang 2(i)-dong,Gangseo-gu,46,5274,6,133,40,5141,6,133,6,133,-,-,-,-,6,133,-,-,-,-,-,-,-,-,-,-,40,5141,-,-,7,3116,33,2025
Gayang 3(sam)-dong,Gangseo-gu,40,5700,2,87,38,5613,2,87,2,87,-,-,-,-,2,87,-,-,-,-,-,-,-,-,-,-,38,5613,-,-,8,2833,30,2780
Balsan 1(il)-dong,Gangseo-gu,639,17234,40,254,599,16980,39,230,39,230,-,-,-,-,39,230,-,-,2,378,-,-,1,24,1,354,598,16626,158,477,252,9420,188,6729
Gonghang-dong,Gangseo-gu,1309,15606,55,483,1254,15123,54,472,54,472,-,-,-,-,54,472,-,-,3,59,1,11,-,-,2,48,1252,15075,787,2316,205,1857,260,10902
Banghwa 1(il)-dong,Gangseo-gu,953,12279,46,1143,907,11136,42,683,42,683,-,-,1,399,41,284,-,-,7,659,4,460,-,-,3,199,904,10937,390,941,216,7038,298,2958
Banghwa 2(i)-dong,Gangseo-gu,926,13248,39,300,887,12948,39,300,39,300,-,-,-,-,39,300,-,-,5,342,-,-,-,-,5,342,882,12606,463,944,174,3844,245,7818
Banghwa 3(sam)-dong,Gangseo-gu,225,7505,8,71,217,7434,8,71,8,71,-,-,-,-,8,71,-,-,-,-,-,-,-,-,-,-,217,7434,92,276,64,5420,61,1738
Hwagok 1(il)-dong,Gangseo-gu,2471,16068,78,1409,2393,14659,75,724,75,724,-,-,-,-,75,724,-,-,4,699,-,-,3,685,1,14,2392,14645,900,1792,909,8547,583,4306
Ujangsan-dong,Gangseo-gu,1013,14985,49,354,964,14631,46,285,46,285,-,-,-,-,46,285,-,-,4,80,-,-,3,69,1,11,963,14620,397,1047,344,10807,222,2766
Sindorim-dong,Guro-gu,・,・,・,・,224,21734,12,200,12,200,-,-,-,-,12,200,-,-,・,・,200,・,1,67,-,-,224,21734,68,117,37,14152,119,7465
Guro 1(il)-dong,Guro-gu,・,・,・,・,50,7418,10,168,10,168,-,-,-,-,10,168,-,-,・,・,168,・,-,-,1,24,49,7394,1,3,17,4338,31,3053
Guro 3(sam)-dong,Guro-gu,・,・,・,・,321,22348,8,52,8,52,-,-,-,-,8,52,-,-,・,・,52,・,1,20,2,126,319,22222,56,258,45,5396,218,16568
Guro 4(sa)-dong,Guro-gu,・,・,・,・,183,4183,14,321,14,321,-,-,2,96,12,225,-,-,・,・,225,・,2,271,3,129,180,4054,71,219,28,2433,81,1402
Guro 5(o)-dong,Guro-gu,・,・,・,・,654,15914,24,384,24,384,-,-,-,-,24,384,-,-,・,・,384,・,5,458,4,140,650,15774,418,833,65,8286,167,6655
Gocheok 1(il)-dong,Guro-gu,・,・,・,・,355,8745,20,156,20,156,-,-,-,-,20,156,-,-,・,・,156,・,1,88,-,-,355,8745,169,383,65,4947,121,3415
Gocheok 2(i)-dong,Guro-gu,・,・,・,・,801,8025,34,279,34,279,-,-,-,-,34,279,-,-,・,・,279,・,2,91,2,16,799,8009,606,1540,111,5721,82,748
Gaebong 2(i)-dong,Guro-gu,・,・,・,・,627,9743,26,285,26,285,-,-,2,60,24,225,-,-,・,・,225,・,-,-,-,-,627,9743,346,849,225,8496,56,398
Gaebong 3(sam)-dong,Guro-gu,・,・,・,・,691,5584,30,405,30,405,-,-,-,-,30,405,-,-,・,・,405,・,-,-,1,26,690,5558,443,1440,174,3458,73,660
Oryu 1(il)-dong,Guro-gu,・,・,・,・,458,6295,4,6,4,6,-,-,-,-,4,6,-,-,・,・,6,・,2,128,6,190,452,6105,211,465,123,3039,118,2601
Oryu 2(i)-dong,Guro-gu,・,・,・,・,408,7924,8,62,8,62,-,-,-,-,8,62,-,-,・,・,62,・,1,25,2,521,406,7403,158,485,141,5269,107,1649
Sugung-dong,Guro-gu,・,・,・,・,632,7847,13,241,13,241,-,-,2,87,11,154,-,-,・,・,154,・,1,2,2,57,630,7790,166,514,291,4919,173,2357
Garibong-dong,Guro-gu,・,・,・,・,213,1537,4,92,4,92,-,-,-,-,4,92,-,-,・,・,92,・,2,235,7,158,206,1379,108,215,54,482,44,682
Guro 2(i)-dong,Guro-gu,・,・,・,・,1033,18068,35,466,35,466,-,-,2,44,33,422,-,-,・,・,422,・,1,81,4,66,1029,18002,628,1233,119,2458,282,14311
Gaebong 1(il)-dong,Guro-gu,・,・,・,・,717,8065,73,696,73,696,-,-,-,-,73,696,-,-,・,・,696,・,4,371,1,44,716,8021,387,1019,205,5767,124,1235
Gasan-dong,Geumcheon-gu,923,39702,170,1347,753,38355,166,856,166,856,-,-,2,61,164,795,-,-,8,672,1,129,3,362,4,181,749,38174,182,538,105,3138,462,34498
Doksan 1(il)-dong,Geumcheon-gu,1293,14154,324,729,969,13425,323,606,323,606,-,-,1,25,322,581,-,-,5,207,-,-,1,123,4,84,965,13341,335,847,95,4468,535,8026
Doksan 2(i)-dong,Geumcheon-gu,1130,4553,20,434,1110,4119,17,317,17,317,-,-,-,-,17,317,-,-,4,137,-,-,3,117,1,20,1109,4099,747,1431,195,1533,167,1135
Doksan 3(sam)-dong,Geumcheon-gu,1314,8315,27,473,1287,7842,25,405,25,405,-,-,-,-,25,405,-,-,7,302,-,-,2,68,5,234,1282,7608,746,1691,240,2853,296,3064
Doksan 4(sa)-dong,Geumcheon-gu,1128,5727,19,300,1109,5427,18,282,18,282,-,-,-,-,18,282,-,-,5,176,-,-,1,18,4,158,1105,5269,745,1494,187,2486,173,1289
Siheung 1(il)-dong,Geumcheon-gu,1179,9120,18,509,1161,8611,15,281,15,281,-,-,-,-,15,281,-,-,7,276,-,-,3,228,4,48,1157,8563,638,1370,187,2771,332,4422
Siheung 2(i)-dong,Geumcheon-gu,134,7511,2,78,132,7433,1,24,1,24,-,-,-,-,1,24,-,-,2,82,-,-,1,54,1,28,131,7405,78,145,15,6649,38,611
Siheung 3(sam)-dong,Geumcheon-gu,490,8658,3,136,487,8522,2,94,2,94,-,-,-,-,2,94,-,-,1,42,-,-,1,42,-,-,487,8522,173,602,207,2277,107,5643
Siheung 4(sa)-dong,Geumcheon-gu,1018,5959,19,679,999,5280,15,399,15,399,-,-,-,-,15,399,-,-,4,280,-,-,4,280,-,-,999,5280,680,1287,220,3259,99,734
Siheung 5(o)-dong,Geumcheon-gu,718,3774,17,352,701,3422,13,280,13,280,-,-,-,-,13,280,-,-,5,77,-,-,4,72,1,5,700,3417,456,739,109,1842,135,836
Yeouido-dong,Yeongdeungpo-gu,211,49431,32,793,179,48638,32,793,32,793,-,-,2,171,30,622,-,-,1,117,-,-,-,-,1,117,178,48521,-,-,25,12936,153,35585
Dangsan 1(il)-dong,Yeongdeungpo-gu,375,8268,188,1198,187,7070,183,421,183,421,-,-,1,23,182,398,-,-,8,862,2,430,3,347,3,85,184,6985,55,163,29,4225,100,2597
Dangsan2(i)-dong,Yeongdeungpo-gu,408,12817,100,359,308,12458,99,329,99,329,-,-,-,-,99,329,-,-,3,131,-,-,1,30,2,101,306,12357,85,265,76,10235,145,1857
Yangpyeong 1(il)-dong,Yeongdeungpo-gu,321,7705,150,409,171,7296,150,409,150,409,-,-,1,6,149,403,-,-,1,480,-,-,-,-,1,480,170,6816,41,239,33,2530,96,4047
Yangpyeong 2(i)-dong,Yeongdeungpo-gu,362,9597,64,446,298,9151,63,371,63,371,-,-,-,-,63,371,-,-,2,85,-,-,1,75,1,10,297,9141,68,186,86,5118,143,3837
Singil 1(il)-dong,Yeongdeungpo-gu,892,3779,124,419,768,3360,122,378,122,378,-,-,2,123,120,255,-,-,3,102,-,-,2,41,1,61,767,3299,501,834,123,1374,143,1091
Singil 3(sam)-dong,Yeongdeungpo-gu,435,2727,103,342,332,2385,102,197,102,197,-,-,-,-,102,197,-,-,3,224,-,-,1,145,2,79,330,2306,246,460,28,976,56,870
Singil 4(sa)-dong,Yeongdeungpo-gu,239,2116,120,326,119,1790,118,170,118,170,-,-,-,-,118,170,-,-,4,184,-,-,2,156,2,28,117,1762,78,160,20,1309,19,293
Singil 5(o)-dong,Yeongdeungpo-gu,701,2422,167,430,534,1992,166,403,166,403,-,-,-,-,166,403,-,-,3,92,-,-,1,27,2,65,532,1927,379,458,79,1031,74,438
Singil 6(yuk)-dong,Yeongdeungpo-gu,508,4365,87,333,421,4032,86,201,86,201,-,-,-,-,86,201,-,-,2,153,-,-,1,132,1,21,420,4011,268,509,66,2520,86,982
Singil 7(chil)-dong,Yeongdeungpo-gu,301,4548,109,218,192,4330,108,198,108,198,-,-,-,-,108,198,-,-,2,44,-,-,1,20,1,24,191,4306,108,278,34,2378,49,1650
Daerim 1(il)-dong,Yeongdeungpo-gu,1157,4346,41,456,1116,3890,39,103,39,103,-,-,1,26,38,77,-,-,3,372,-,-,2,353,1,19,1115,3871,796,1183,133,1408,186,1280
Daerim 2(i)-dong,Yeongdeungpo-gu,1597,4151,65,370,1532,3781,64,216,64,216,-,-,-,-,64,216,-,-,2,202,-,-,1,154,1,48,1531,3733,1184,1402,154,1599,193,732
Daerim 3(sam)-dong,Yeongdeungpo-gu,1374,8203,670,1372,704,6831,668,1075,668,1075,-,-,-,-,668,1075,-,-,3,323,-,-,2,297,1,26,703,6805,417,841,103,4671,183,1293
Yeongdeungpobon-dong,Yeongdeungpo-gu,625,7119,217,396,408,6723,217,396,97,396,-,-,1,-,216,396,-,-,2,55,-,-,-,-,2,55,406,6668,222,827,107,3895,77,1946
Yeongdeungpo-dong,Yeongdeungpo-gu,245,11557,102,722,143,10835,97,382,217,382,-,-,-,10,97,372,-,-,25,1944,1,18,4,322,20,1604,123,9231,2,10,50,2975,71,6246
Dorim-dong,Yeongdeungpo-gu,708,3854,141,286,567,3568,140,260,140,260,-,-,-,-,140,260,-,-,2,76,-,-,1,26,1,50,566,3518,335,602,95,1297,136,1619
Mullae-dong,Yeongdeungpo-gu,382,13216,250,755,132,12461,248,626,248,626,-,-,1,11,247,615,-,-,2,129,-,-,2,129,-,-,132,12461,2,7,29,7970,101,4484
Noryangjin 2(i)-dong,Dongjak-gu,・,・,・,・,・,・,・,150,・,150,-,-,-,-,・,150,-,-,5,103,-,-,1,5,4,98,・,・,・,・,100,526,117,1227
Sangdo 1(il)-dong,Dongjak-gu,・,・,・,・,・,・,・,149,・,149,-,-,-,-,・,149,-,-,3,72,-,-,2,57,1,15,・,・,・,・,347,8973,367,6447
Sangdo 2(i)-dong,Dongjak-gu,・,・,・,・,・,・,・,286,・,286,-,-,-,-,・,286,-,-,6,202,-,-,1,15,5,187,・,・,・,・,162,5650,168,1413
Sangdo 3(sam)-dong,Dongjak-gu,・,・,・,・,・,・,・,166,・,166,-,-,-,-,・,166,-,-,7,136,-,-,5,107,2,29,・,・,・,・,375,3301,112,629
Sangdo 4(sa)-dong,Dongjak-gu,・,・,・,・,・,・,・,349,・,349,-,-,-,-,・,349,-,-,5,163,-,-,3,120,2,43,・,・,・,・,446,3375,125,854
Sadang 1(il)-dong,Dongjak-gu,・,・,・,・,・,・,・,260,・,260,-,-,-,-,・,260,-,-,7,169,-,-,3,54,4,115,・,・,・,・,313,2393,292,2446
Sadang 3(sam)-dong,Dongjak-gu,・,・,・,・,・,・,・,246,・,246,-,-,-,-,・,246,-,-,3,53,-,-,2,35,1,18,・,・,・,・,165,5185,128,1162
Sadang 4(sa)-dong,Dongjak-gu,・,・,・,・,・,・,・,284,・,284,-,-,-,-,・,284,-,-,5,213,-,-,3,39,2,174,・,・,・,・,184,2154,97,412
Sadang 5(o)-dong,Dongjak-gu,・,・,・,・,・,・,・,268,・,268,-,-,-,-,・,268,-,-,1,46,-,-,1,46,-,-,・,・,・,・,132,2222,92,606
Daebang-dong,Dongjak-gu,・,・,・,・,・,・,・,350,・,350,-,-,-,-,・,350,-,-,12,262,-,-,4,67,8,195,・,・,・,・,241,7041,287,3892
Sindaebang 1(il)-dong,Dongjak-gu,・,・,・,・,・,・,・,174,・,174,-,-,-,-,・,174,-,-,3,66,-,-,3,66,-,-,・,・,・,・,66,3306,102,2163
Sindaebang 2(i)-dong,Dongjak-gu,・,・,・,・,・,・,・,139,・,139,-,-,-,-,・,139,-,-,3,74,-,-,1,22,2,52,・,・,・,・,157,6400,125,3848
Heukseok-dong,Dongjak-gu,・,・,・,・,・,・,・,131,・,131,-,-,-,-,・,131,-,-,16,387,-,-,1,47,15,340,・,・,・,・,149,4459,167,4877
Noryangjin 1(il)-dong,Dongjak-gu,・,・,・,・,・,・,・,110,・,110,-,-,1,24,・,86,-,-,7,172,-,-,2,12,5,160,・,・,・,・,115,7647,296,3313
Sadang 2(i)-dong,Dongjak-gu,・,・,・,・,・,・,・,182,・,182,-,-,-,-,・,182,-,-,5,322,2,140,1,147,2,35,・,・,・,・,146,5784,192,1264
Boramae-dong,Gwanak-gu,1074,7150,52,500,1022,6650,50,208,50,208,-,-,-,-,50,208,-,-,4,311,-,-,2,292,2,19,1020,6631,595,1256,280,3646,145,1729
Cheongnim-dong,Gwanak-gu,106,3878,13,74,93,3804,13,74,13,74,-,-,-,-,13,74,-,-,-,-,-,-,-,-,-,-,93,3804,50,95,21,3483,22,226
Haengun-dong,Gwanak-gu,1152,7584,56,345,1096,7239,55,266,55,266,-,-,-,-,55,266,-,-,4,132,-,-,1,79,3,53,1093,7186,594,1325,214,3845,285,2016
Nagseongdae-dong,Gwanak-gu,831,6750,69,363,762,6387,68,356,68,356,-,-,-,-,68,356,-,-,4,63,-,-,1,7,3,56,759,6331,380,919,110,1786,269,3626
Jungang-dong,Gwanak-gu,583,3765,47,199,536,3566,46,193,46,193,-,-,-,-,46,193,-,-,1,6,-,-,1,6,-,-,536,3566,250,478,136,1409,150,1679
Inheon-dong,Gwanak-gu,1209,6537,91,520,1118,6017,89,507,89,507,-,-,-,-,89,507,-,-,4,85,-,-,2,13,2,72,1116,5945,483,1146,395,3300,238,1499
Namhyeon-dong,Gwanak-gu,829,6818,58,411,771,6407,56,323,56,323,-,-,-,-,56,323,-,-,3,165,-,-,2,88,1,77,770,6330,368,888,234,3229,168,2213
Sewon-dong,Gwanak-gu,1192,6182,50,217,1142,5965,50,217,50,217,-,-,-,-,50,217,-,-,-,-,-,-,-,-,-,-,1142,5965,626,1513,314,2287,202,2165
Sinwon-dong,Gwanak-gu,954,3205,38,261,916,2944,36,230,36,230,-,-,-,-,36,230,-,-,3,47,-,-,2,31,1,16,915,2928,613,1117,140,1062,162,749
Serim-dong,Gwanak-gu,1102,5508,52,250,1050,5258,52,250,52,250,-,-,-,-,52,250,-,-,1,13,-,-,-,-,1,13,1049,5245,526,1155,156,1980,367,2110
Sinsa-dong,Gwanak-gu,1956,5766,104,495,1852,5271,101,424,101,424,-,-,-,-,101,424,-,-,5,96,-,-,3,71,2,25,1850,5246,1407,2555,170,1313,273,1378
Sillim-dong,Gwanak-gu,1068,5302,57,595,1011,4707,56,404,56,404,-,-,1,74,55,330,-,-,4,222,-,-,1,191,3,31,1008,4676,374,837,114,913,520,2926
Nanhyang-dong,Gwanak-gu,271,5495,21,198,250,5297,20,185,20,185,-,-,-,-,20,185,-,-,1,13,-,-,1,13,-,-,250,5297,157,219,57,4643,36,435
Jowon-dong,Gwanak-gu,1121,6568,92,695,1029,5873,89,537,89,537,-,-,-,-,89,537,-,-,10,252,1,33,2,125,7,94,1022,5779,612,1245,117,2149,293,2385
Daehak-dong,Gwanak-gu,1307,7345,47,425,1260,6920,46,419,46,419,-,-,-,-,46,419,-,-,2,19,-,-,1,6,1,13,1259,6907,495,1100,69,1624,695,4183
Euncheon-dong,Gwanak-gu,1049,10463,108,568,941,9895,107,552,107,552,-,-,-,-,107,552,-,-,3,49,-,-,1,16,2,33,939,9862,425,929,287,7354,227,1579
Seonghyeon-dong,Gwanak-gu,376,11604,25,110,351,11494,25,110,25,110,-,-,-,-,25,110,-,-,2,40,-,-,-,-,2,40,349,11454,139,309,131,10396,79,749
Cheongnyong-dong,Gwanak-gu,1233,9046,102,551,1131,8495,101,532,101,532,-,-,-,-,101,532,-,-,6,214,-,-,1,19,5,195,1126,8300,602,1174,187,2641,337,4485
Nangok-dong,Gwanak-gu,1124,5055,93,571,1031,4484,91,381,91,381,-,-,-,-,91,381,-,-,2,190,-,-,2,190,-,-,1031,4484,596,1066,323,2601,112,817
Samseong-dong,Gwanak-gu,473,6064,27,457,446,5607,25,231,25,231,-,-,-,-,25,231,-,-,4,335,-,-,2,226,2,109,444,5498,279,432,86,4433,79,633
Miseong-dong,Gwanak-gu,1363,9502,90,529,1273,8973,86,409,86,409,-,-,-,-,86,409,-,-,12,468,-,-,4,120,8,348,1265,8625,752,1393,273,5351,240,1881
Seocho 1(il)-dong,Seocho-gu,1021,16824,91,682,930,16142,88,581,88,581,-,-,-,-,88,581,-,-,15,386,-,-,3,101,12,285,918,15857,296,896,145,7064,477,7897
Seocho 2(i)-dong,Seocho-gu,511,21652,15,128,496,21524,15,128,15,128,-,-,-,-,15,128,-,-,11,335,-,-,-,-,11,335,485,21189,82,290,65,8663,338,12236
Seocho 3(sam)-dong,Seocho-gu,1670,34492,108,650,1562,33842,106,539,106,539,-,-,-,-,106,539,-,-,37,1330,-,-,2,111,35,1219,1527,32623,274,1036,309,12349,944,19238
Seocho 4(sa)-dong,Seocho-gu,261,19546,6,20,255,19526,6,20,6,20,-,-,-,-,6,20,-,-,6,239,-,-,-,-,6,239,249,19287,23,102,18,11203,208,7982
Jamwon-dong,Seocho-gu,616,16640,30,260,586,16380,28,165,28,165,-,-,-,-,28,165,-,-,10,226,-,-,2,95,8,131,578,16249,143,530,90,10020,345,5699
Banpobon-dong,Seocho-gu,23,5585,1,50,22,5535,-,-,-,-,-,-,-,-,-,-,-,-,1,50,1,50,-,-,-,-,22,5535,9,14,3,2954,10,2567
Banpo 1(il)-dong,Seocho-gu,799,15021,58,431,741,14590,54,275,54,275,-,-,-,-,54,275,-,-,6,173,-,-,4,156,2,17,739,14573,347,1348,154,10566,238,2659
Banpo 2(i)-dong,Seocho-gu,32,8313,1,165,31,8148,-,-,-,-,-,-,-,-,-,-,-,-,1,165,-,-,1,165,-,-,31,8148,2,136,7,2634,22,5378
Banpo 3(sam)-dong,Seocho-gu,55,8778,2,11,53,8767,2,11,2,11,-,-,-,-,2,11,-,-,-,-,-,-,-,-,-,-,53,8767,3,27,22,6581,28,2159
Banpo 4(sa)-dong,Seocho-gu,704,19109,52,534,652,18575,47,214,47,214,-,-,-,-,47,214,-,-,6,339,-,-,5,320,1,19,651,18556,113,485,294,6548,244,11523
Bangbaebon-dong,Seocho-gu,688,10818,56,750,632,10068,53,381,53,381,-,-,-,-,53,381,-,-,6,424,1,207,2,162,3,55,629,10013,198,697,202,6813,229,2503
Bangbae 1(il)-dong,Seocho-gu,869,9272,62,328,807,8944,61,307,61,307,-,-,-,-,61,307,-,-,7,249,-,-,1,21,6,228,801,8716,352,1009,179,4253,270,3454
Bangbae 2(i)-dong,Seocho-gu,1356,8836,116,1063,1240,7773,113,1001,113,1001,-,-,-,-,113,1001,-,-,5,126,-,-,3,62,2,64,1238,7709,622,1554,267,3073,349,3082
Bangbae 3(sam)-dong,Seocho-gu,499,9932,55,411,444,9521,55,411,55,411,-,-,-,-,55,411,-,-,-,-,-,-,-,-,-,-,444,9521,96,267,188,6516,160,2738
Bangbae 4(sa)-dong,Seocho-gu,1306,12871,102,690,1204,12181,100,574,100,574,-,-,-,-,100,574,-,-,4,156,-,-,2,116,2,40,1202,12141,535,1368,314,7477,353,3296
Yangjae 1(il)-dong,Seocho-gu,1366,21636,126,902,1240,20734,124,804,124,804,-,-,-,-,124,804,-,-,14,539,-,-,2,98,12,441,1228,20293,356,1378,258,8262,614,10653
Yangjae 2(i)-dong,Seocho-gu,1690,25099,169,1575,1521,23524,160,813,160,813,-,-,-,-,160,813,-,-,33,1215,-,-,9,762,24,453,1497,23071,275,1085,382,2844,840,19142
Naegok-dong,Seocho-gu,332,2446,3,138,329,2308,1,8,1,8,-,-,-,-,1,8,-,-,3,147,-,-,2,130,1,17,328,2291,195,459,6,223,127,1609
Sinsa-dong,Gangnam-gu,・,・,・,・,・,・,・,・,・,・,・,・,・,・,・,・,・,・,・,・,・,・,・,・,・,・,・,・,・,・,・,・,・,・
Nonhyeon 1(il)-dong,Gangnam-gu,・,・,・,・,・,・,・,・,・,・,・,・,・,・,・,・,・,・,・,・,・,・,・,・,・,・,・,・,・,・,・,・,・,・
Nonhyeon 2(i)-dong,Gangnam-gu,・,・,・,・,・,・,・,・,・,・,・,・,・,・,・,・,・,・,・,・,・,・,・,・,・,・,・,・,・,・,・,・,・,・
Samseong 1(il)-dong,Gangnam-gu,・,・,・,・,・,・,・,・,・,・,・,・,・,・,・,・,・,・,・,・,・,・,・,・,・,・,・,・,・,・,・,・,・,・
Samseong 2(i)-dong,Gangnam-gu,・,・,・,・,・,・,・,・,・,・,・,・,・,・,・,・,・,・,・,・,・,・,・,・,・,・,・,・,・,・,・,・,・,・
Daechi 1(il)-dong,Gangnam-gu,・,・,・,・,・,・,・,・,・,・,・,・,・,・,・,・,・,・,・,・,・,・,・,・,・,・,・,・,・,・,・,・,・,・
Daechi 4(sa)-dong,Gangnam-gu,・,・,・,・,・,・,・,・,・,・,・,・,・,・,・,・,・,・,・,・,・,・,・,・,・,・,・,・,・,・,・,・,・,・
Yeoksam 1(il)-dong,Gangnam-gu,・,・,・,・,・,・,・,・,・,・,・,・,・,・,・,・,・,・,・,・,・,・,・,・,・,・,・,・,・,・,・,・,・,・
Yeoksam 2(i)-dong,Gangnam-gu,・,・,・,・,・,・,・,・,・,・,・,・,・,・,・,・,・,・,・,・,・,・,・,・,・,・,・,・,・,・,・,・,・,・
Dogok 1(il)-dong,Gangnam-gu,・,・,・,・,・,・,・,・,・,・,・,・,・,・,・,・,・,・,・,・,・,・,・,・,・,・,・,・,・,・,・,・,・,・
Dogok 2(i)-dong,Gangnam-gu,・,・,・,・,・,・,・,・,・,・,・,・,・,・,・,・,・,・,・,・,・,・,・,・,・,・,・,・,・,・,・,・,・,・
Gaepo 1(il)-dong,Gangnam-gu,・,・,・,・,・,・,・,・,・,・,・,・,・,・,・,・,・,・,・,・,・,・,・,・,・,・,・,・,・,・,・,・,・,・
Gaepo 4(sa)-dong,Gangnam-gu,・,・,・,・,・,・,・,・,・,・,・,・,・,・,・,・,・,・,・,・,・,・,・,・,・,・,・,・,・,・,・,・,・,・
Irwonbon-dong,Gangnam-gu,・,・,・,・,・,・,・,・,・,・,・,・,・,・,・,・,・,・,・,・,・,・,・,・,・,・,・,・,・,・,・,・,・,・
Irwon 1(il)-dong,Gangnam-gu,・,・,・,・,・,・,・,・,・,・,・,・,・,・,・,・,・,・,・,・,・,・,・,・,・,・,・,・,・,・,・,・,・,・
Irwon 2(i)-dong,Gangnam-gu,・,・,・,・,・,・,・,・,・,・,・,・,・,・,・,・,・,・,・,・,・,・,・,・,・,・,・,・,・,・,・,・,・,・
Suseo-dong,Gangnam-gu,・,・,・,・,・,・,・,・,・,・,・,・,・,・,・,・,・,・,・,・,・,・,・,・,・,・,・,・,・,・,・,・,・,・
Segok-dong,Gangnam-gu,・,・,・,・,・,・,・,・,・,・,・,・,・,・,・,・,・,・,・,・,・,・,・,・,・,・,・,・,・,・,・,・,・,・
Apgujeong -dong,Gangnam-gu,・,・,・,・,・,・,・,・,・,・,・,・,・,・,・,・,・,・,・,・,・,・,・,・,・,・,・,・,・,・,・,・,・,・
Cheongdam -dong,Gangnam-gu,・,・,・,・,・,・,・,・,・,・,・,・,・,・,・,・,・,・,・,・,・,・,・,・,・,・,・,・,・,・,・,・,・,・
Daechi 2(i)-dong,Gangnam-gu,・,・,・,・,・,・,・,・,・,・,・,・,・,・,・,・,・,・,・,・,・,・,・,・,・,・,・,・,・,・,・,・,・,・
Gaepo 2(i)-dong,Gangnam-gu,・,・,・,・,・,・,・,・,・,・,・,・,・,・,・,・,・,・,・,・,・,・,・,・,・,・,・,・,・,・,・,・,・,・
Pungnap 1(il)-dong,Songpa-gu,442,3970,31,1022,411,2948,25,795,25,795,-,-,-,-,25,795,-,-,6,227,-,-,6,227,-,-,411,2948,246,556,73,1275,92,1117
Pungnap 2(i)-dong,Songpa-gu,605,12566,32,1371,573,11195,27,846,27,846,-,-,-,-,27,846,-,-,5,525,-,-,5,525,-,-,573,11195,291,772,117,4875,165,5548
Geoyeo 1(il)-dong,Songpa-gu,429,4603,20,950,409,3653,19,804,19,804,-,-,-,-,19,804,-,-,1,146,-,-,1,146,-,-,409,3653,136,318,121,1259,152,2076
Geoyeo 2(i)-dong,Songpa-gu,427,6500,18,671,409,5829,17,534,17,534,-,-,-,-,17,534,-,-,1,137,-,-,1,137,-,-,409,5829,168,402,119,4090,122,1337
Macheon 1(il)-dong,Songpa-gu,561,4459,25,952,536,3507,18,381,18,381,-,-,-,-,18,381,-,-,9,641,-,-,7,571,2,70,534,3437,259,545,196,2219,79,673
Macheon 2(i)-dong,Songpa-gu,711,6286,31,1470,680,4816,25,1111,25,1111,-,-,-,-,25,1111,-,-,6,359,-,-,6,359,-,-,680,4816,258,557,240,3282,182,977
Bangi 1(il)-dong,Songpa-gu,595,6860,22,956,573,5904,21,895,21,895,-,-,-,-,21,895,-,-,2,76,-,-,1,61,1,15,572,5889,100,302,224,3450,248,2137
Bangi 2(i)-dong,Songpa-gu,1376,11528,35,845,1341,10683,34,726,34,726,-,-,-,-,34,726,-,-,2,134,-,-,1,119,1,15,1340,10668,312,1019,550,4476,478,5173
Oryun-dong,Songpa-gu,19,8198,-,-,19,8198,-,-,-,-,-,-,-,-,-,-,-,-,1,22,-,-,-,-,1,22,18,8176,-,-,1,5003,17,3173
Ogeum-dong,Songpa-gu,1164,13815,30,2410,1134,11405,26,2352,26,2352,-,-,-,-,26,2352,-,-,5,72,-,-,4,58,1,14,1133,11391,290,837,420,5580,423,4974
Songpa 1(il)-dong,Songpa-gu,1359,10089,35,795,1324,9294,33,522,33,522,-,-,-,-,33,522,-,-,5,351,-,-,2,273,3,78,1321,9216,360,1228,600,5316,361,2672
Songpa 2(i)-dong,Songpa-gu,363,6916,10,381,353,6535,9,341,9,341,-,-,-,-,9,341,-,-,2,90,-,-,1,40,1,50,352,6485,58,270,118,3683,176,2532
Seokchon-dong,Songpa-gu,1885,13026,44,987,1841,12039,40,871,40,871,-,-,-,-,40,871,-,-,8,217,-,-,4,116,4,101,1837,11938,488,1658,907,6712,442,3568
Samjeon-dong,Songpa-gu,1773,11474,31,815,1742,10659,30,617,30,617,-,-,-,-,30,617,-,-,2,211,-,-,1,198,1,13,1741,10646,484,1815,951,6278,306,2553
Garakbon-dong,Songpa-gu,921,14866,28,1381,893,13485,26,1236,26,1236,-,-,-,-,26,1236,-,-,3,161,-,-,2,145,1,16,892,13469,195,567,253,6529,444,6373
Garak 1(il)-dong,Songpa-gu,4,8249,-,-,4,8249,-,-,-,-,-,-,-,-,-,-,-,-,-,-,-,-,-,-,-,-,4,8249,-,-,2,2375,2,5874
Garak 2(i)-dong,Songpa-gu,837,12109,30,1182,807,10927,29,1175,29,1175,-,-,-,-,29,1175,-,-,2,36,-,-,1,7,1,29,806,10898,186,560,311,7587,309,2751
Munjeong 1(il)-dong,Songpa-gu,708,9066,19,960,689,8106,18,674,18,674,-,-,-,-,18,674,-,-,2,296,-,-,1,286,1,10,688,8096,149,419,270,5919,269,1758
Munjeong 2(i)-dong,Songpa-gu,30,13487,1,29,29,13458,1,29,1,29,-,-,-,-,1,29,-,-,1,12,-,-,-,-,1,12,28,13446,-,-,-,-,28,13446
Jangji-dong,Songpa-gu,650,13511,22,1782,628,11729,20,1305,20,1305,-,-,-,-,20,1305,-,-,2,477,1,367,1,110,-,-,628,11729,101,276,188,7446,339,4007
Jamsilbon-dong,Songpa-gu,1599,11761,35,791,1564,10970,35,791,35,791,-,-,-,-,35,791,-,-,1,11,-,-,-,-,1,11,1563,10959,440,1800,647,4967,476,4192
Jamsil 4(sa)-dong,Songpa-gu,11,11587,-,-,11,11587,-,-,-,-,-,-,-,-,-,-,-,-,-,-,-,-,-,-,-,-,11,11587,-,-,3,11127,8,460
Jamsil 6(yuk)-dong,Songpa-gu,34,12753,4,494,30,12259,3,139,3,139,-,-,1,30,2,109,-,-,2,624,1,355,-,-,1,269,29,11990,-,-,8,8507,21,3483
Jamsil 7(chil)-dong,Songpa-gu,4,2667,1,108,3,2559,-,-,-,-,-,-,-,-,-,-,-,-,1,108,-,-,1,108,-,-,3,2559,-,-,2,2379,1,180
Jamsil 2(i)-dong,Songpa-gu,15,19456,1,859,14,18597,-,-,-,-,-,-,-,-,-,-,-,-,1,859,-,-,1,859,-,-,14,18597,-,-,2,15182,12,3415
Jamsil 3(sam)-dong,Songpa-gu,16,17132,1,49,15,17083,-,-,-,-,-,-,-,-,-,-,-,-,1,49,-,-,1,49,-,-,15,17083,-,-,4,13202,11,3881
Gangil-dong,Gangdong-gu,97,10546,2,97,95,10449,1,21,1,21,-,-,-,-,1,21,-,-,3,216,-,-,1,76,2,140,93,10309,30,47,13,8747,50,1515
Sangil-dong,Gangdong-gu,500,10579,1,320,499,10259,1,320,1,320,-,-,-,-,1,320,-,-,-,-,-,-,-,-,-,-,499,10259,346,758,66,5483,87,4018
Myeongil 1(il)-dong,Gangdong-gu,464,8940,2,603,462,8337,1,349,1,349,-,-,-,-,1,349,-,-,2,354,-,-,1,254,1,100,461,8237,178,517,97,4950,186,2770
Myeongil 2(i)-dong,Gangdong-gu,306,6122,3,219,303,5903,2,208,2,208,-,-,-,-,2,208,-,-,1,11,1,11,-,-,-,-,303,5903,191,437,21,3240,91,2226
Godeok 1(il)-dong,Gangdong-gu,663,7777,1,439,662,7338,1,439,1,439,-,-,-,-,1,439,-,-,-,-,-,-,-,-,-,-,662,7338,556,1234,48,3149,58,2955
Godeok 2(i)-dong,Gangdong-gu,971,4426,2,701,969,3725,1,675,1,675,-,-,-,-,1,675,-,-,2,106,-,-,1,26,1,80,968,3645,872,1669,31,1152,65,824
Amsa 2(i)-dong,Gangdong-gu,335,5870,1,226,334,5644,1,226,1,226,-,-,-,-,1,226,-,-,1,63,-,-,-,-,1,63,333,5581,151,349,66,4286,116,946
Amsa 3(sam)-dong,Gangdong-gu,261,7905,1,200,260,7705,1,200,1,200,-,-,-,-,1,200,-,-,1,57,-,-,-,-,1,57,259,7648,154,318,49,6697,56,633
Cheonho 1(il)-dong,Gangdong-gu,1315,8178,2,759,1313,7419,1,569,1,569,-,-,-,-,1,569,-,-,3,222,-,-,1,190,2,32,1311,7387,893,1690,252,3610,166,2087
Cheonho 3(sam)-dong,Gangdong-gu,683,6997,3,671,680,6326,1,387,1,387,-,-,-,-,1,387,-,-,4,331,-,-,2,284,2,47,678,6279,414,749,126,3780,138,1750
Seongnae 1(il)-dong,Gangdong-gu,784,9362,2,1023,782,8339,2,1023,2,1023,-,-,-,-,2,1023,-,-,2,36,-,-,-,-,2,36,780,8303,193,618,262,4625,325,3060
Seongnae 2(i)-dong,Gangdong-gu,1106,6767,2,730,1104,6037,1,556,1,556,-,-,-,-,1,556,-,-,3,238,-,-,1,174,2,64,1102,5973,696,1414,174,2649,232,1910
Seongnae 3(sam)-dong,Gangdong-gu,1214,9891,1,818,1213,9073,1,818,1,818,-,-,-,-,1,818,-,-,3,67,-,-,-,-,3,67,1210,9006,564,1613,367,4561,279,2832
Dunchon 1(il)-dong,Gangdong-gu,13,6256,1,-,12,6256,1,-,1,-,-,-,-,-,1,-,-,-,-,-,-,-,-,-,-,-,12,6256,1,2,1,6000,10,254
Dunchon 2(i)-dong,Gangdong-gu,770,10668,1,576,769,10092,1,576,1,576,-,-,-,-,1,576,-,-,1,30,-,-,-,-,1,30,768,10062,346,790,186,5784,236,3488
Amsa 1(il)-dong,Gangdong-gu,1789,10092,2,757,1787,9335,1,645,1,645,-,-,-,-,1,645,-,-,2,212,-,-,1,112,1,100,1786,9235,1141,2046,413,5921,232,1268
Cheonho 2(i)-dong,Gangdong-gu,1799,14387,6,3141,1793,11246,2,1186,2,1186,-,-,-,-,2,1186,-,-,7,2044,1,1430,3,525,3,89,1790,11157,1102,2134,301,4695,387,4328
Gil-dong,Gangdong-gu,1712,18147,1,1105,1711,17042,1,1105,1,1105,-,-,-,-,1,1105,-,-,2,73,-,-,-,-,2,73,1709,16969,810,2185,390,8474,509,6310
