Dong,의료_의료기관종사의료인력_Autonomous Gu_Autonomous Gu,의료_의료기관종사의료인력_Total_Total,의료_의료기관종사의료인력_Physicians_Full－time,의료_의료기관종사의료인력_Physicians_Part－time,의료_의료기관종사의료인력_Dentists_Dentists,의료_의료기관종사의료인력_Oriental medical doctors_Oriental medical doctors,의료_의료기관종사의료인력_Pharmacists_Pharmacists,의료_의료기관종사의료인력_Midwives_Midwives,의료_의료기관종사의료인력_Nurses_Nurses,의료_의료기관종사의료인력_Nurse aids_Nurse aids,의료_의료기관종사의료인력_Medical technicians_Medical technicians,의료_의료기관종사의료인력_Medical record technicians_Medical record technicians
Sajik-dong,Jongno-gu,204,38,-,28,22,-,-,43,43,30,-
Samcheong-dong,Jongno-gu,83,30,-,7,1,1,-,16,11,16,1
Buam-dong,Jongno-gu,16,-,-,2,2,-,-,4,6,2,-
Pyeongchang-dong,Jongno-gu,75,12,-,4,3,1,-,9,15,30,1
Muak-dong,Jongno-gu,211,35,-,3,1,2,-,122,15,32,1
Gyonam-dong,Jongno-gu,1745,431,-,19,4,22,2,629,441,191,6
Gahoe-dong,Jongno-gu,25,2,-,3,6,-,-,-,11,3,-
Jongno 1·2·3·4(ilisamsa)-ga-dong,Jongno-gu,447,75,-,71,33,-,-,64,124,80,-
Jongno 5·6(oryuk)-ga-dong,Jongno-gu,213,25,-,26,44,-,-,1,86,31,-
Ihwa-dong,Jongno-gu,4483,1322,-,224,-,129,4,2407,38,339,20
Changsin 1(il)-dong,Jongno-gu,60,21,-,7,5,-,-,5,13,9,-
Changsin 2(i)-dong,Jongno-gu,34,3,-,3,6,-,-,-,19,3,-
Changsin 3(sam)-dong,Jongno-gu,3,-,-,1,-,-,-,-,1,1,-
Sungin 1(il)-dong,Jongno-gu,29,7,-,4,4,-,-,-,10,4,-
Sungin 2(i)-dong,Jongno-gu,50,7,-,3,5,-,-,-,32,3,-
Cheongunhyoja-dong,Jongno-gu,65,9,-,5,5,-,-,1,38,7,-
Hyehwa-dong,Jongno-gu,102,21,-,10,10,-,-,1,46,14,-
Sogong-dong,Jung-gu,373,71,-,48,19,-,-,95,57,83,-
Hoehyeon-dong,Jung-gu,212,37,-,30,15,-,-,20,60,50,-
Myeong-dong,Jung-gu,592,102,-,95,26,-,-,75,169,125,-
Pil-dong,Jung-gu,220,162,-,18,4,-,-,6,20,10,-
Jangchung-dong,Jung-gu,637,4,-,11,2,6,-,375,136,98,5
Gwanghui-dong ,Jung-gu,859,210,-,42,6,-,6,357,67,150,21
Euljiro-dong,Jung-gu,745,180,-,31,9,22,3,308,82,104,6
Sindang 5(o)-dong,Jung-gu,83,12,-,8,11,-,-,6,31,15,-
Hwanghak-dong,Jung-gu,47,7,-,17,1,-,-,8,8,6,-
Jungnim-dong,Jung-gu,53,3,-,12,9,-,-,4,16,9,-
Sindang-dong,Jung-gu,75,18,-,11,6,-,-,10,20,10,-
Dasan-dong,Jung-gu,109,13,-,10,7,-,-,9,40,30,-
Yaksu-dong,Jung-gu,365,71,-,18,10,1,-,109,98,54,4
Cheonggu-dong,Jung-gu,72,2,-,6,8,-,-,9,25,22,-
Donghwa-dong,Jung-gu,52,7,-,3,4,-,-,10,17,11,-
Huam-dong,Yongsan-gu,44,7,-,5,8,-,-,-,19,5,-
Yongsan 2-ga-dong,Yongsan-gu,16,4,-,2,1,-,-,-,7,2,-
Namyeong-dong,Yongsan-gu,101,14,-,21,8,-,-,12,32,14,-
Wonhyoro 2(i)-dong,Yongsan-gu,19,3,-,3,-,-,-,-,6,7,-
Hyochang-dong,Yongsan-gu,32,6,-,6,2,-,-,-,14,4,-
Yongmun-dong,Yongsan-gu,37,2,-,6,6,-,-,-,14,9,-
Ichon 1(il)-dong,Yongsan-gu,278,44,-,17,7,1,-,52,46,110,1
Ichon 2(i)-dong,Yongsan-gu,4,1,-,-,-,-,-,1,2,-,-
Itaewon 1(il)-dong,Yongsan-gu,34,3,-,8,4,-,-,1,15,3,-
Itaewon 2(i)-dong,Yongsan-gu,25,5,-,5,2,-,-,1,8,4,-
Seobinggo-dong,Yongsan-gu,3,1,-,-,-,-,-,1,1,-,-
Bogwang-dong,Yongsan-gu,56,12,-,8,5,-,-,-,25,6,-
Cheongpa-dong,Yongsan-gu,237,47,-,7,6,4,-,86,35,51,1
Wonhyoro 1(il)-dong,Yongsan-gu,46,12,-,6,1,-,5,1,16,5,-
Hangangno-dong,Yongsan-gu,120,12,-,23,17,-,-,4,28,35,1
Hannam-dong,Yongsan-gu,1345,337,-,16,7,20,7,602,154,193,9
Wangsimni 2(i)-dong,Seongdong-gu,53,9,-,5,3,-,-,-,18,18,-
Majang-dong,Seongdong-gu,70,16,-,8,3,-,-,4,15,24,-
Sageun-dong,Seongdong-gu,28,2,-,2,1,-,-,1,9,13,-
Haengdang 1(il)-dong,Seongdong-gu,1480,588,-,19,8,24,-,605,57,167,12
Haengdang 2(i)-dong,Seongdong-gu,129,17,-,15,7,-,-,30,31,29,-
Eungbong-dong,Seongdong-gu,27,2,-,3,3,-,-,-,7,12,-
Geumho 1(il)-ga-dong,Seongdong-gu,50,11,-,4,3,-,-,-,15,17,-
Geumho 4(sa)-ga-dong,Seongdong-gu,75,15,-,11,7,-,-,-,26,16,-
Seongsu 1(il)-ga1(il)-dong,Seongdong-gu,41,5,-,4,3,-,-,-,13,16,-
Seongsu 1(il)-ga2(i)-dong,Seongdong-gu,54,2,-,10,3,-,-,-,18,21,-
Seongsu 2(i)-ga1(il)-dong,Seongdong-gu,92,16,-,12,4,-,-,5,28,27,-
Seongsu 2(i)-ga 3(sam)-dong,Seongdong-gu,146,19,-,11,7,2,-,37,33,37,-
Songjeong-dong,Seongdong-gu,62,7,-,-,1,1,-,10,19,24,-
Yongdap-dong,Seongdong-gu,156,34,-,15,7,1,-,31,34,33,1
WangsimniDoseon-dong,Seongdong-gu,134,18,-,19,11,1,-,12,30,43,-
Geumho 2.3(i.sam)-ga-dong,Seongdong-gu,123,19,-,7,11,1,-,4,49,32,-
Oksu-dong,Seongdong-gu,79,13,-,10,7,-,-,2,25,22,-
Hwayang-dong,Gwangjin-gu,1399,445,-,24,5,6,-,704,105,95,15
Gunja-dong,Gwangjin-gu,124,44,-,8,8,-,-,16,23,24,1
Junggok 1(il)-dong,Gwangjin-gu,90,18,-,7,5,-,-,11,27,21,1
Junggok 2(i)-dong,Gwangjin-gu,143,32,-,11,10,-,-,9,38,43,-
Junggok 3(sam)-dong,Gwangjin-gu,470,69,-,8,7,5,-,137,150,94,-
Junggok 4(sa)-dong,Gwangjin-gu,122,18,-,11,8,-,-,8,49,28,-
Neung-dong,Gwangjin-gu,93,18,-,7,5,-,-,5,26,32,-
Guui 1(il)-dong,Gwangjin-gu,108,12,-,9,14,-,-,7,55,10,1
Guui 2(i)-dong,Gwangjin-gu,114,6,-,10,6,-,-,6,40,46,-
Guui 3(sam)-dong,Gwangjin-gu,197,22,-,19,12,-,-,24,66,54,-
Gwangjang-dong,Gwangjin-gu,152,27,-,16,5,-,-,10,53,41,-
Jayang 1(il)-dong,Gwangjin-gu,519,50,-,17,14,2,-,118,159,155,4
Jayang 2(i)-dong,Gwangjin-gu,138,10,-,12,4,-,-,8,67,37,-
Jayang 3(sam)-dong,Gwangjin-gu,113,14,-,8,9,-,-,25,43,14,-
Jayang 4(sa)-dong,Gwangjin-gu,125,27,-,10,8,-,-,14,31,35,-
Hoegi-dong,Dongdaemun-gu,…,…,…,…,…,…,…,…,…,…,…
Hwigyeong 1(il)-dong,Dongdaemun-gu,…,…,…,…,…,…,…,…,…,…,…
Hwigyeong 2(i)-dong,Dongdaemun-gu,…,…,…,…,…,…,…,…,…,…,…
Cheongnyangni-dong,Dongdaemun-gu,…,…,…,…,…,…,…,…,…,…,…
Yongsin-dong,Dongdaemun-gu,…,…,…,…,…,…,…,…,…,…,…
Jegi-dong,Dongdaemun-gu,…,…,…,…,…,…,…,…,…,…,…
Jeonnong 1(il)-dong,Dongdaemun-gu,…,…,…,…,…,…,…,…,…,…,…
Jeonnong 2(i)-dong,Dongdaemun-gu,…,…,…,…,…,…,…,…,…,…,…
Dapsimni 1(il)-dong,Dongdaemun-gu,…,…,…,…,…,…,…,…,…,…,…
Dapsimni 2(i)-dong,Dongdaemun-gu,…,…,…,…,…,…,…,…,…,…,…
Jangan 1(il)-dong,Dongdaemun-gu,…,…,…,…,…,…,…,…,…,…,…
Jangan 2(i)-dong,Dongdaemun-gu,…,…,…,…,…,…,…,…,…,…,…
Imun 1(il)-dong,Dongdaemun-gu,…,…,…,…,…,…,…,…,…,…,…
Imun 2(i)-dong,Dongdaemun-gu,…,…,…,…,…,…,…,…,…,…,…
Myeonmok 2(i)-dong,Jungnang-gu,134,25,-,4,8,2,-,9,43,42,1
Myeonmok 4(sa)-dong,Jungnang-gu,107,6,-,3,3,1,-,2,48,44,-
Myeonmok 5(o)-dong,Jungnang-gu,107,7,-,4,1,1,-,6,39,49,-
Myeonmok 7(chil)-dong,Jungnang-gu,114,18,-,9,8,1,-,2,39,37,-
Sangbong 1(il)-dong,Jungnang-gu,96,4,-,9,4,1,-,7,46,25,-
Sangbong 2(i)-dong,Jungnang-gu,168,23,-,11,12,2,-,2,48,69,1
Junghwa 1(il)-dong,Jungnang-gu,119,14,-,8,6,1,-,1,49,40,-
Junghwa 2(i)-dong,Jungnang-gu,128,16,-,8,8,1,-,1,48,46,-
Muk 1(il)-dong,Jungnang-gu,144,20,-,16,28,1,-,1,44,34,-
Muk 2(i)-dong,Jungnang-gu,107,8,-,6,7,1,-,1,58,26,-
Mangu 3(sam)-dong,Jungnang-gu,93,4,-,4,3,1,-,1,48,32,-
Sinnae 1(il)-dong,Jungnang-gu,915,220,-,12,7,8,-,495,77,91,5
Sinnae 2(i)-dong,Jungnang-gu,141,12,-,10,5,1,-,1,54,57,1
Myeonmokbon-dong,Jungnang-gu,202,27,-,12,16,1,-,4,82,60,-
Myeonmok 3.8(sam.pal)-dong,Jungnang-gu,325,49,-,11,6,3,-,155,52,49,-
Mangubon-dong,Jungnang-gu,322,75,-,19,13,4,-,99,55,57,-
Donam 1(il)-dong,Seongbuk_gu,54,5,-,2,2,-,-,9,34,2,-
Donam 2(i)-dong,Seongbuk_gu,64,8,-,4,2,-,-,4,42,4,-
Anam-dong,Seongbuk_gu,1780,537,-,8,1,34,-,805,83,288,24
Bomun-dong,Seongbuk_gu,120,20,-,6,7,2,-,28,43,13,1
Jeongneung 1(il)-dong,Seongbuk_gu,80,21,-,4,5,1,-,13,25,11,-
Jeongneung 2(i)-dong,Seongbuk_gu,101,16,-,7,5,1,-,33,28,11,-
Jeongneung 3(sam)-dong,Seongbuk_gu,14,3,-,2,2,-,-,-,6,1,-
Jeongneung 4(sa)-dong,Seongbuk_gu,51,15,-,9,5,-,-,-,14,8,-
Gireum 1(il)-dong,Seongbuk_gu,117,22,-,26,10,-,-,3,33,23,-
Gireum 2(i)-dong,Seongbuk_gu,189,35,-,12,5,1,-,48,37,51,-
Wolgok 1(il)-dong,Seongbuk_gu,158,35,-,15,10,2,-,29,45,21,1
Wolgok 2(i)-dong,Seongbuk_gu,135,16,-,19,12,-,-,16,54,18,-
Jangwi 1(il)-dong,Seongbuk_gu,89,17,-,9,5,-,-,1,49,8,-
Jangwi 2(i)-dong,Seongbuk_gu,56,10,-,8,4,-,-,-,31,3,-
Jangwi 3(sam)-dong,Seongbuk_gu,183,25,-,3,2,1,-,37,63,50,2
Seongbuk-dong,Seongbuk_gu,66,18,-,8,5,-,-,2,31,2,-
Samseon-dong,Seongbuk_gu,128,39,-,15,10,-,-,4,54,6,-
Dongseon-dong,Seongbuk_gu,273,41,-,24,17,-,-,11,132,48,-
Jongam-dong,Seongbuk_gu,179,31,-,18,12,1,-,17,63,37,-
Seokgwan-dong,Seongbuk_gu,116,19,-,12,9,-,-,-,46,30,-
Beon 1(il)-dong,Gangbuk-gu,244,42,7,12,9,2,-,22,84,62,4
Beon 2(i)-dong,Gangbuk-gu,34,5,-,3,3,-,-,6,15,2,-
Beon 3(sam)-dong,Gangbuk-gu,79,11,2,3,5,-,-,11,31,16,-
Suyu 1(il)-dong,Gangbuk-gu,162,21,4,12,9,-,-,23,62,31,-
Suyu 2(i)-dong,Gangbuk-gu,123,15,3,8,6,-,-,15,52,22,2
Suyu 3(sam)-dong,Gangbuk-gu,255,30,8,22,12,-,-,36,86,61,-
Samyang-dong,Gangbuk-gu,173,24,3,13,8,-,-,26,70,28,1
Mia-dong,Gangbuk-gu,274,36,3,16,12,2,-,40,107,54,4
Songjung-dong,Gangbuk-gu,256,36,3,16,11,1,-,40,95,54,-
Songcheon-dong,Gangbuk-gu,202,27,5,23,11,2,-,29,77,28,-
Samgaksan-dong,Gangbuk-gu,150,20,4,9,6,-,-,24,58,29,-
Ui-dong,Gangbuk-gu,50,6,2,4,2,-,-,7,19,10,-
Insu-dong,Gangbuk-gu,282,25,8,4,6,8,-,52,126,47,6
Ssangmun 1(il)-dong,Dobong-gu,69,4,-,4,3,4,-,21,23,10,-
Ssangmun 2(i)-dong,Dobong-gu,87,23,-,8,6,-,-,18,21,11,-
Ssangmun 3(sam)-dong,Dobong-gu,483,127,-,8,5,8,-,271,27,34,3
Ssangmun 4(sa)-dong,Dobong-gu,45,7,-,4,2,-,-,13,14,5,-
Banghak 1(il)-dong,Dobong-gu,144,35,-,20,14,2,-,50,16,7,-
Banghak 2(i)-dong,Dobong-gu,63,8,-,4,6,-,-,20,21,4,-
Banghak 3(sam)-dong,Dobong-gu,67,15,-,5,3,1,-,19,17,6,1
Chang 1(il)-dong,Dobong-gu,71,23,-,8,4,-,-,15,12,9,-
Chang 2(i)-dong,Dobong-gu,157,25,-,5,3,1,-,21,85,15,2
Chang 3(sam)-dong,Dobong-gu,70,12,-,4,3,-,-,33,11,7,-
Chang 4(sa)-dong,Dobong-gu,56,13,-,12,6,-,-,12,7,6,-
Chang 5(o)-dong,Dobong-gu,151,39,-,21,11,3,-,22,43,9,3
Dobong 1(il)-dong,Dobong-gu,74,12,-,6,12,-,-,23,14,7,-
Dobong 2(i)-dong,Dobong-gu,46,11,-,4,3,-,-,10,10,8,-
Wolgye 1(il)-dong,Nowon-gu,…,16,-,11,5,…,-,70,66,29,-
Wolgye 2(i)-dong,Nowon-gu,…,9,-,6,4,…,-,-,12,5,-
Wolgye 3(sam)-dong,Nowon-gu,…,22,-,8,9,…,-,-,26,7,-
Gongneung 2(i)-dong,Nowon-gu,…,243,-,17,6,…,-,342,115,113,-
Hagye 1(il)-dong,Nowon-gu,…,263,-,10,2,…,-,376,188,132,1
Hagye 2(i)-dong,Nowon-gu,…,7,-,4,4,…,-,-,8,4,-
Junggyebon-dong,Nowon-gu,…,20,-,10,5,…,-,1,25,10,-
Junggye 1(il)-dong,Nowon-gu,…,14,-,11,7,…,-,3,13,8,-
Junggye 4(sa)-dong,Nowon-gu,…,18,-,9,8,…,-,-,22,9,-
Sanggye 1(il)-dong,Nowon-gu,…,25,-,11,6,…,-,5,22,32,-
Sanggye 2(i)-dong,Nowon-gu,…,43,-,18,14,…,-,25,64,33,-
Sanggye 5(o)-dong,Nowon-gu,…,11,-,7,5,…,-,38,19,10,-
Sanggye 8(pal)-dong,Nowon-gu,…,20,-,8,6,…,-,1,14,7,-
Sanggye 9(gu)-dong,Nowon-gu,…,16,-,7,7,…,-,-,7,7,-
Sanggye 10(sip)-dong,Nowon-gu,…,5,-,6,3,…,-,-,4,6,-
Sanggye 3.4(sam.sa)-dong,Nowon-gu,…,15,-,8,12,…,-,3,23,7,-
Sanggye 6.7(yuk.chil)-dong,Nowon-gu,…,407,-,48,40,…,-,561,359,344,2
Junggye 2.3(i.sam)-dong,Nowon-gu,…,14,-,11,5,…,-,-,22,9,-
Gongneung 1(il)-dong,Nowon-gu,…,58,-,14,14,…,-,64,115,7,1
Nokbeon-dong,Eunpyeong-gu,263,40,-,7,12,3,-,67,109,22,3
Bulgwang 1(il)-dong,Eunpyeong-gu,228,30,-,14,17,-,-,47,74,46,-
Galhyeon 1(il)-dong,Eunpyeong-gu,196,20,-,18,12,4,-,33,51,58,-
Galhyeon 2(i)-dong,Eunpyeong-gu,97,10,-,7,9,-,-,18,30,23,-
Gusan-dong,Eunpyeong-gu,188,26,-,9,5,4,-,43,69,30,2
Daejo-dong,Eunpyeong-gu,402,54,-,20,21,1,-,92,143,69,2
Eungam 1(il)-dong,Eunpyeong-gu,311,40,-,18,12,5,-,67,106,61,2
Eungam 2(i)-dong,Eunpyeong-gu,200,32,-,5,5,4,-,55,84,15,-
Sinsa 1(il)-dong,Eunpyeong-gu,127,15,-,9,10,-,-,24,38,31,-
Sinsa 2(i)-dong,Eunpyeong-gu,48,5,-,5,3,-,-,8,12,15,-
Jeungsan-dong,Eunpyeong-gu,104,13,-,7,5,-,-,21,35,23,-
Susaek-dong,Eunpyeong-gu,98,13,-,7,3,-,-,20,33,22,-
Jingwan-dong,Eunpyeong-gu,90,12,-,9,5,-,-,15,33,16,-
Bulgwang 2(i)-dong,Eunpyeong-gu,128,13,-,12,8,-,-,22,35,38,-
Eungam 3(sam)-dong,Eunpyeong-gu,422,67,-,10,9,-,5,117,182,31,1
Yeokchon-dong,Eunpyeong-gu,348,49,-,15,10,5,-,86,129,53,1
Cheonyeon-dong,Seodaemun-gu,49,8,-,10,5,-,-,6,14,6,-
Hongje 1(il)-dong,Seodaemun-gu,110,17,-,17,7,-,-,6,47,16,-
Hongje 3(sam)-dong,Seodaemun-gu,71,13,-,4,1,1,-,7,30,14,1
Hongje 2(i)-dong,Seodaemun-gu,4654,1437,-,248,11,110,-,2177,91,555,25
Hongeun 1(il)-dong,Seodaemun-gu,249,11,-,13,51,2,-,57,74,41,-
Hongeun 2(i)-dong,Seodaemun-gu,187,36,-,11,13,-,-,14,73,40,-
Namgajwa 1(il)-dong,Seodaemun-gu,52,5,-,12,7,-,-,2,13,13,-
Namgajwa 2(i)-dong,Seodaemun-gu,154,28,-,12,9,1,-,11,61,31,1
Bukgajwa 1(il)-dong,Seodaemun-gu,200,29,-,9,4,2,-,95,24,36,1
Bukgajwa 2(i)-dong,Seodaemun-gu,60,8,-,11,5,-,-,1,20,15,-
Chunghyeon-dong,Seodaemun-gu,79,19,-,3,6,-,-,10,35,6,-
Bugahyeon-dong,Seodaemun-gu,83,16,-,6,6,-,-,3,37,15,-
Sinchon-dong,Seodaemun-gu,72,6,-,9,2,-,-,11,40,4,-
Yeonhui-dong,Seodaemun-gu,75,14,-,4,7,-,-,1,38,11,-
Yonggang-dong,Mapo-gu,56,7,-,3,5,-,-,3,13,25,-
Daeheung-dong,Mapo-gu,265,57,-,16,19,-,-,18,106,49,-
Yeomni-dong,Mapo-gu,47,7,-,4,7,-,-,2,23,4,-
Sinsu-dong,Mapo-gu,246,24,-,8,6,1,-,77,68,54,8
Seogyo-dong,Mapo-gu,623,108,-,55,27,-,-,60,195,178,-
Hapjeong-dong,Mapo-gu,97,16,-,7,3,-,-,6,43,22,-
Mangwon 1(il)-dong,Mapo-gu,140,19,-,9,18,-,-,7,60,27,-
Mangwon 2(i)-dong,Mapo-gu,69,6,-,6,9,-,-,2,33,13,-
Yeonnam-dong,Mapo-gu,41,2,-,6,4,-,-,1,14,14,-
Seongsan 1(il)-dong,Mapo-gu,67,7,-,8,5,-,-,7,21,19,-
Seongsan 2(i)-dong,Mapo-gu,147,21,-,13,6,1,-,16,58,32,-
Sangam-dong,Mapo-gu,107,21,-,13,10,-,-,1,28,34,-
Dohwa-dong,Mapo-gu,218,40,-,22,15,-,-,16,62,63,-
Seogang-dong,Mapo-gu,150,8,-,15,13,1,-,13,58,41,1
gongdeok-dong,Mapo-gu,248,34,-,24,25,-,-,14,92,59,-
Ahyeon-dong,Mapo-gu,130,18,-,13,13,-,-,4,43,39,-
Mok 1(il)-dong,Yangcheon-gu,554,70,-,41,57,8,-,145,118,112,3
Mok 2(i)-dong,Yangcheon-gu,140,9,-,14,7,1,4,15,58,31,1
Mok 3(sam)-dong,Yangcheon-gu,191,27,-,18,13,1,-,2,84,45,1
Mok 4(sa)-dong,Yangcheon-gu,131,15,-,14,11,-,-,4,57,30,-
Sinwol 1(il)-dong,Yangcheon-gu,67,9,-,8,5,-,-,2,30,13,-
Sinwol 2(i)-dong,Yangcheon-gu,59,7,-,9,4,-,-,2,27,10,-
Sinwol 3(sam)-dong,Yangcheon-gu,54,6,-,10,2,1,-,4,23,8,-
Sinwol 4(sa)-dong,Yangcheon-gu,64,5,-,11,3,2,-,2,29,12,-
Sinwol 5(o)-dong,Yangcheon-gu,142,4,-,9,3,12,-,57,38,18,1
Sinwol 6(yuk)-dong,Yangcheon-gu,79,7,-,8,3,-,-,17,30,13,1
Sinwol 7(chil)-dong,Yangcheon-gu,81,9,-,11,5,-,-,2,37,17,-
Sinjeong 1(il)-dong,Yangcheon-gu,118,12,-,26,9,-,-,1,48,22,-
Sinjeong 2(i)-dong,Yangcheon-gu,105,13,-,15,5,-,-,3,46,23,-
Sinjeong 3(sam)-dong,Yangcheon-gu,383,68,-,20,10,5,-,146,85,46,3
Sinjeong 6(yuk)-dong,Yangcheon-gu,62,5,-,22,3,-,-,1,24,7,-
Sinjeong 7(chil)-dong,Yangcheon-gu,139,12,-,18,10,-,1,2,63,33,-
Mok 5(o)-dong,Yangcheon-gu,1522,458,-,28,12,23,-,745,111,137,8
Sinjeong 4(sa)-dong,Yangcheon-gu,626,105,-,31,18,12,-,224,128,105,3
Yeomchang-dong,Gangseo-gu,170,29,-,15,10,1,-,10,70,35,-
Deungchon 1(il)-dong,Gangseo-gu,222,42,-,13,10,2,-,47,71,35,2
Deungchon 2(i)-dong,Gangseo-gu,118,18,-,8,1,1,-,25,57,8,-
Deungchon 3(sam)-dong,Gangseo-gu,357,77,-,20,12,6,-,131,69,37,5
Hwagokbon-dong,Gangseo-gu,216,42,-,15,9,1,-,42,71,35,1
Hwagok 2(i)-dong,Gangseo-gu,44,5,-,6,4,2,-,-,20,7,-
Hwagok 3(sam)-dong,Gangseo-gu,150,23,-,13,9,-,-,19,55,31,-
Hwagok 4(sa)-dong,Gangseo-gu,170,19,-,10,10,1,5,29,71,25,-
Hwagok 6(yuk)-dong,Gangseo-gu,224,40,-,15,12,-,-,30,72,55,-
Hwagok 8(pal)-dong,Gangseo-gu,117,19,-,9,15,-,-,4,65,5,-
Gayang 1(il)-dong,Gangseo-gu,87,6,-,7,2,-,-,3,63,6,-
Gayang 2(i)-dong,Gangseo-gu,158,21,-,7,5,1,-,24,55,45,-
Gayang 3(sam)-dong,Gangseo-gu,41,7,-,2,5,-,-,1,20,6,-
Balsan 1(il)-dong,Gangseo-gu,499,97,-,15,12,2,-,227,81,61,4
Gonghang-dong,Gangseo-gu,291,55,-,7,4,1,-,155,7,59,3
Banghwa 1(il)-dong,Gangseo-gu,206,38,-,13,13,4,-,50,45,41,2
Banghwa 2(i)-dong,Gangseo-gu,186,29,-,4,8,1,-,27,86,31,-
Banghwa 3(sam)-dong,Gangseo-gu,51,5,-,5,5,-,-,1,30,5,-
Hwagok 1(il)-dong,Gangseo-gu,278,56,-,17,17,2,-,61,84,41,-
Ujangsan-dong,Gangseo-gu,331,49,-,15,10,4,-,105,85,59,4
Sindorim-dong,Guro-gu,…,…,-,…,8,-,-,…,60,7,-
Guro 1(il)-dong,Guro-gu,…,…,-,…,5,-,-,…,16,-,-
Guro 3(sam)-dong,Guro-gu,…,…,-,…,17,1,-,…,59,22,1
Guro 4(sa)-dong,Guro-gu,…,…,-,…,17,-,1,…,86,13,-
Guro 5(o)-dong,Guro-gu,…,…,-,…,13,2,-,…,80,60,2
Gocheok 1(il)-dong,Guro-gu,…,…,-,…,10,1,-,…,40,46,3
Gocheok 2(i)-dong,Guro-gu,…,…,-,…,10,-,-,…,51,8,-
Gaebong 2(i)-dong,Guro-gu,…,…,-,…,9,-,-,…,49,8,1
Gaebong 3(sam)-dong,Guro-gu,…,…,-,…,3,-,-,…,35,8,-
Oryu 1(il)-dong,Guro-gu,…,…,-,…,12,1,-,…,67,36,5
Oryu 2(i)-dong,Guro-gu,…,…,-,…,5,1,-,…,34,10,1
Sugung-dong,Guro-gu,…,…,-,…,2,-,-,…,13,-,-
Garibong-dong,Guro-gu,…,…,-,…,1,1,-,…,35,39,3
Guro 2(i)-dong,Guro-gu,…,…,-,…,11,34,-,…,99,217,16
Gaebong 1(il)-dong,Guro-gu,…,…,-,…,8,2,-,…,65,69,4
Gasan-dong,Geumcheon-gu,325,38,-,35,11,1,-,30,116,94,-
Doksan 1(il)-dong,Geumcheon-gu,190,27,-,11,4,2,-,51,62,32,1
Doksan 2(i)-dong,Geumcheon-gu,82,15,-,6,5,-,-,2,36,18,-
Doksan 3(sam)-dong,Geumcheon-gu,288,34,-,14,10,3,-,46,88,92,1
Doksan 4(sa)-dong,Geumcheon-gu,52,5,-,4,4,1,-,8,11,18,1
Siheung 1(il)-dong,Geumcheon-gu,575,79,-,26,22,5,-,130,208,102,3
Siheung 2(i)-dong,Geumcheon-gu,41,5,-,6,3,-,-,1,17,9,-
Siheung 3(sam)-dong,Geumcheon-gu,42,7,-,5,2,-,-,1,19,8,-
Siheung 4(sa)-dong,Geumcheon-gu,55,8,-,5,5,-,-,3,23,11,-
Siheung 5(o)-dong,Geumcheon-gu,132,22,-,7,10,-,-,8,54,31,-
Yeouido-dong,Yeongdeungpo-gu,1676,434,-,98,28,52,8,454,330,270,2
Dangsan 1(il)-dong,Yeongdeungpo-gu,157,27,-,15,12,5,-,35,35,28,-
Dangsan2(i)-dong,Yeongdeungpo-gu,228,44,-,29,23,-,-,11,85,36,-
Yangpyeong 1(il)-dong,Yeongdeungpo-gu,150,25,-,5,4,3,-,60,41,10,2
Yangpyeong 2(i)-dong,Yeongdeungpo-gu,141,19,-,9,6,3,-,51,34,19,-
Singil 1(il)-dong,Yeongdeungpo-gu,512,134,-,9,7,30,12,203,87,30,-
Singil 3(sam)-dong,Yeongdeungpo-gu,82,20,-,5,3,-,-,12,34,8,-
Singil 4(sa)-dong,Yeongdeungpo-gu,44,12,-,6,4,-,-,-,20,2,-
Singil 5(o)-dong,Yeongdeungpo-gu,18,-,-,3,3,-,-,-,12,-,-
Singil 6(yuk)-dong,Yeongdeungpo-gu,102,18,-,13,5,-,-,5,46,15,-
Singil 7(chil)-dong,Yeongdeungpo-gu,37,5,-,5,4,-,-,2,19,2,-
Daerim 1(il)-dong,Yeongdeungpo-gu,1048,310,-,20,10,33,-,565,48,62,-
Daerim 2(i)-dong,Yeongdeungpo-gu,310,40,-,8,11,32,1,119,54,43,2
Daerim 3(sam)-dong,Yeongdeungpo-gu,288,33,-,12,15,33,-,58,51,86,-
Yeongdeungpobon-dong,Yeongdeungpo-gu,71,13,-,8,3,2,-,9,31,5,-
Yeongdeungpo-dong,Yeongdeungpo-gu,1512,386,-,51,31,55,2,540,260,186,1
Dorim-dong,Yeongdeungpo-gu,57,7,-,6,8,-,-,7,23,6,-
Mullae-dong,Yeongdeungpo-gu,187,28,-,19,12,4,-,26,72,26,-
Noryangjin 2(i)-dong,Dongjak-gu,163,25,-,4,12,2,11,37,50,22,-
Sangdo 1(il)-dong,Dongjak-gu,206,29,-,20,14,1,-,23,63,56,-
Sangdo 2(i)-dong,Dongjak-gu,171,27,-,17,11,-,-,8,73,35,-
Sangdo 3(sam)-dong,Dongjak-gu,110,14,-,10,11,-,-,2,42,31,-
Sangdo 4(sa)-dong,Dongjak-gu,146,24,-,7,8,2,-,30,55,19,1
Sadang 1(il)-dong,Dongjak-gu,365,48,-,24,16,2,-,115,93,67,-
Sadang 3(sam)-dong,Dongjak-gu,66,10,-,5,7,-,-,1,36,7,-
Sadang 4(sa)-dong,Dongjak-gu,96,16,-,10,8,-,-,-,45,17,-
Sadang 5(o)-dong,Dongjak-gu,24,4,-,2,-,-,-,-,10,8,-
Daebang-dong,Dongjak-gu,233,34,-,19,10,1,-,38,75,55,1
Sindaebang 1(il)-dong,Dongjak-gu,162,25,-,12,14,-,-,26,53,32,-
Sindaebang 2(i)-dong,Dongjak-gu,1404,344,-,20,10,30,-,643,195,158,4
Heukseok-dong,Dongjak-gu,1422,433,-,28,6,28,4,650,60,196,17
Noryangjin 1(il)-dong,Dongjak-gu,99,25,-,11,7,-,-,1,45,10,-
Sadang 2(i)-dong,Dongjak-gu,217,29,-,21,20,-,-,5,90,52,-
Boramae-dong,Gwanak-gu,77,10,-,9,8,-,-,5,24,21,-
Cheongnim-dong,Gwanak-gu,26,2,-,4,2,-,-,-,10,8,-
Haengun-dong,Gwanak-gu,175,47,-,17,15,1,-,30,35,29,1
Nagseongdae-dong,Gwanak-gu,175,38,-,19,8,1,-,37,44,27,1
Jungang-dong,Gwanak-gu,159,38,-,22,9,1,-,21,43,25,-
Inheon-dong,Gwanak-gu,129,22,-,16,13,-,-,7,53,18,-
Namhyeon-dong,Gwanak-gu,100,13,-,15,8,-,-,3,30,31,-
Sewon-dong,Gwanak-gu,267,58,-,16,10,1,-,110,41,30,1
Sinwon-dong,Gwanak-gu,79,11,-,4,5,-,-,20,24,15,-
Serim-dong,Gwanak-gu,67,10,-,7,4,-,-,2,33,11,-
Sinsa-dong,Gwanak-gu,77,10,-,10,5,-,-,2,37,13,-
Sillim-dong,Gwanak-gu,178,46,-,22,11,1,-,32,50,15,1
Nanhyang-dong,Gwanak-gu,39,4,-,5,3,-,-,3,15,9,-
Jowon-dong,Gwanak-gu,124,23,-,8,8,1,-,10,42,31,1
Daehak-dong,Gwanak-gu,108,22,-,13,3,-,-,13,32,25,-
Euncheon-dong,Gwanak-gu,141,26,-,8,14,1,-,32,38,21,1
Seonghyeon-dong,Gwanak-gu,75,11,-,7,6,-,-,1,36,14,-
Cheongnyong-dong,Gwanak-gu,173,35,-,23,11,1,-,42,38,22,1
Nangok-dong,Gwanak-gu,98,15,-,11,8,-,-,-,37,27,-
Samseong-dong,Gwanak-gu,56,9,-,4,9,-,-,1,25,8,-
Miseong-dong,Gwanak-gu,104,18,-,7,9,-,-,14,41,15,-
Seocho 1(il)-dong,Seocho-gu,358,95,-,42,34,-,-,48,83,56,-
Seocho 2(i)-dong,Seocho-gu,474,110,-,65,27,-,-,67,100,105,-
Seocho 3(sam)-dong,Seocho-gu,429,84,-,60,34,-,-,83,93,75,-
Seocho 4(sa)-dong,Seocho-gu,815,290,-,73,53,-,-,113,220,66,-
Jamwon-dong,Seocho-gu,311,71,-,45,28,-,-,36,82,49,-
Banpobon-dong,Seocho-gu,144,20,-,18,9,-,-,13,35,49,-
Banpo 1(il)-dong,Seocho-gu,296,50,-,30,17,-,-,55,85,59,-
Banpo 2(i)-dong,Seocho-gu,146,15,-,16,7,-,-,9,34,65,-
Banpo 3(sam)-dong,Seocho-gu,207,45,-,1,21,-,-,31,57,52,-
Banpo 4(sa)-dong,Seocho-gu,3491,815,-,26,22,82,-,1710,63,730,43
Bangbaebon-dong,Seocho-gu,139,15,-,16,15,-,-,20,28,45,-
Bangbae 1(il)-dong,Seocho-gu,281,49,-,25,21,-,-,52,75,59,-
Bangbae 2(i)-dong,Seocho-gu,151,17,-,13,19,-,-,16,42,44,-
Bangbae 3(sam)-dong,Seocho-gu,387,51,-,12,7,-,-,181,46,90,-
Bangbae 4(sa)-dong,Seocho-gu,274,54,-,29,27,-,-,35,70,59,-
Yangjae 1(il)-dong,Seocho-gu,245,49,-,23,19,-,-,34,69,51,-
Yangjae 2(i)-dong,Seocho-gu,214,20,-,25,13,-,-,20,49,87,-
Naegok-dong,Seocho-gu,222,17,-,2,2,-,-,120,55,26,-
Sinsa-dong,Gangnam-gu,3256,747,69,151,142,3,-,418,1309,405,12
Nonhyeon 1(il)-dong,Gangnam-gu,1288,284,37,68,34,16,-,175,500,169,5
Nonhyeon 2(i)-dong,Gangnam-gu,682,146,22,46,22,-,-,151,174,114,7
Samseong 1(il)-dong,Gangnam-gu,793,134,26,63,32,6,-,117,175,235,5
Samseong 2(i)-dong,Gangnam-gu,234,53,5,22,15,-,-,10,77,51,1
Daechi 1(il)-dong,Gangnam-gu,887,179,15,66,44,2,-,124,233,212,12
Daechi 4(sa)-dong,Gangnam-gu,455,78,8,26,30,-,-,113,124,73,3
Yeoksam 1(il)-dong,Gangnam-gu,2857,660,59,156,54,13,-,616,703,579,17
Yeoksam 2(i)-dong,Gangnam-gu,387,75,1,30,18,-,-,97,88,71,7
Dogok 1(il)-dong,Gangnam-gu,2265,610,40,88,33,56,-,912,215,296,15
Dogok 2(i)-dong,Gangnam-gu,106,18,1,18,10,-,-,2,36,21,-
Gaepo 1(il)-dong,Gangnam-gu,162,34,2,10,5,-,-,5,70,36,-
Gaepo 4(sa)-dong,Gangnam-gu,155,28,3,11,13,-,-,24,48,28,-
Irwonbon-dong,Gangnam-gu,4804,1335,4,45,8,133,-,2510,50,670,49
Irwon 1(il)-dong,Gangnam-gu,86,14,6,10,12,-,-,1,38,5,-
Irwon 2(i)-dong,Gangnam-gu,70,10,1,10,7,-,-,1,40,-,1
Suseo-dong,Gangnam-gu,93,16,1,8,6,1,-,19,29,13,-
Segok-dong,Gangnam-gu,60,5,2,5,3,1,-,1,18,25,-
Apgujeong -dong,Gangnam-gu,49,6,1,6,8,-,-,1,24,3,-
Cheongdam -dong,Gangnam-gu,1267,268,3,59,31,8,3,374,261,254,6
Daechi 2(i)-dong,Gangnam-gu,235,26,24,30,30,-,-,31,66,26,2
Gaepo 2(i)-dong,Gangnam-gu,81,8,2,10,15,-,-,1,39,3,3
Pungnap 1(il)-dong,Songpa-gu,84,19,-,8,5,1,1,17,22,11,-
Pungnap 2(i)-dong,Songpa-gu,6085,1561,269,15,6,111,3,3030,441,599,50
Geoyeo 1(il)-dong,Songpa-gu,76,8,-,9,7,-,1,11,29,11,-
Geoyeo 2(i)-dong,Songpa-gu,119,24,-,12,4,-,-,9,51,19,-
Macheon 1(il)-dong,Songpa-gu,69,19,-,6,8,-,-,7,26,3,-
Macheon 2(i)-dong,Songpa-gu,134,23,-,9,5,-,-,23,52,21,1
Bangi 1(il)-dong,Songpa-gu,122,18,-,21,13,-,1,10,31,28,-
Bangi 2(i)-dong,Songpa-gu,204,24,1,13,8,1,1,40,64,51,1
Oryun-dong,Songpa-gu,23,-,-,4,-,-,-,2,13,4,-
Ogeum-dong,Songpa-gu,180,26,-,16,19,2,-,55,29,31,2
Songpa 1(il)-dong,Songpa-gu,214,48,-,14,10,3,-,50,47,41,1
Songpa 2(i)-dong,Songpa-gu,113,13,-,15,11,1,-,35,22,16,-
Seokchon-dong,Songpa-gu,253,68,1,25,21,2,-,12,71,51,2
Samjeon-dong,Songpa-gu,147,13,-,15,13,1,-,13,55,34,3
Garakbon-dong,Songpa-gu,959,178,-,27,23,19,1,256,292,142,21
Garak 1(il)-dong,Songpa-gu,30,8,-,5,2,-,-,2,9,4,-
Garak 2(i)-dong,Songpa-gu,132,26,-,33,9,-,-,10,32,22,-
Munjeong 1(il)-dong,Songpa-gu,134,17,-,15,14,1,-,21,42,24,-
Munjeong 2(i)-dong,Songpa-gu,115,19,-,8,5,-,-,12,43,28,-
Jangji-dong,Songpa-gu,73,12,-,9,5,-,-,15,22,10,-
Jamsilbon-dong,Songpa-gu,346,61,4,45,44,1,-,30,94,67,-
Jamsil 4(sa)-dong,Songpa-gu,113,18,-,20,12,-,-,12,40,11,-
Jamsil 6(yuk)-dong,Songpa-gu,157,15,-,27,2,-,-,12,29,72,-
Jamsil 7(chil)-dong,Songpa-gu,26,2,-,5,-,-,-,3,12,4,-
Jamsil 2(i)-dong,Songpa-gu,97,18,-,10,9,-,-,27,19,14,-
Jamsil 3(sam)-dong,Songpa-gu,84,18,-,21,3,-,-,11,28,3,-
Gangil-dong,Gangdong-gu,47,11,-,7,2,-,-,2,15,10,-
Sangil-dong,Gangdong-gu,1190,277,-,40,72,35,-,577,14,163,12
Myeongil 1(il)-dong,Gangdong-gu,296,43,-,29,25,2,-,33,88,76,-
Myeongil 2(i)-dong,Gangdong-gu,138,23,-,21,4,-,-,10,45,35,-
Godeok 1(il)-dong,Gangdong-gu,10,2,-,2,1,-,-,-,4,1,-
Godeok 2(i)-dong,Gangdong-gu,50,12,-,3,2,-,-,3,25,5,-
Amsa 2(i)-dong,Gangdong-gu,79,23,-,9,5,-,-,3,34,5,-
Amsa 3(sam)-dong,Gangdong-gu,39,6,-,8,4,-,-,1,14,6,-
Cheonho 1(il)-dong,Gangdong-gu,100,14,-,12,12,-,-,5,32,25,-
Cheonho 3(sam)-dong,Gangdong-gu,172,34,-,14,15,1,-,16,66,26,-
Seongnae 1(il)-dong,Gangdong-gu,188,19,-,12,9,1,-,56,35,56,-
Seongnae 2(i)-dong,Gangdong-gu,285,55,-,23,14,3,-,57,75,58,-
Seongnae 3(sam)-dong,Gangdong-gu,263,55,-,27,27,-,-,25,84,45,-
Dunchon 1(il)-dong,Gangdong-gu,9,1,-,2,1,-,-,-,4,1,-
Dunchon 2(i)-dong,Gangdong-gu,1255,237,-,52,9,57,-,598,65,230,7
Amsa 1(il)-dong,Gangdong-gu,169,18,-,16,13,1,-,31,44,46,-
Cheonho 2(i)-dong,Gangdong-gu,607,99,-,31,15,5,-,159,163,135,-
Gil-dong,Gangdong-gu,1471,347,-,48,29,34,-,663,133,206,11
