Dong,의료_의료기관_Gu_Gu,의료_의료기관_Total_Number,의료_의료기관_Total_Beds,의료_의료기관_General hospitals_Number,의료_의료기관_General hospitals_Beds,의료_의료기관_Hospitals_Number,의료_의료기관_Hospitals_Beds,의료_의료기관_Clinics_Number,의료_의료기관_Clinics_Beds,의료_의료기관_Attached clinics_Number,의료_의료기관_Attached clinics_Beds,의료_의료기관_Long-term hospitals_Number,의료_의료기관_Long-term hospitals_Beds,의료_의료기관_Nursing Home _Number,의료_의료기관_Nursing Home _Beds,의료_의료기관_tuberculosis hospital_Number,의료_의료기관_tuberculosis hospital_Beds,의료_의료기관_mental hospital_Number,의료_의료기관_mental hospital_Beds,의료_의료기관_Dental hospital_Number,의료_의료기관_Dental hospital_Beds,의료_의료기관_Dental clinics_Number,의료_의료기관_Dental clinics_Beds,의료_의료기관_Oriental medicine hotpital_Number,의료_의료기관_Oriental medicine hotpital_Beds,의료_의료기관_Oriental medicine clinics_Number,의료_의료기관_Oriental medicine clinics_Beds,의료_의료기관_Midwife clinics_Number,의료_의료기관_Midwife clinics_Beds
Sajik-dong,Jongno-gu,76,11,-,-,-,-,25,11,2,-,-,-,-,-,-,-,-,-,-,-,31,-,-,-,18,-,-,-
Samcheong-dong,Jongno-gu,8,30,-,-,1,30,2,-,1,-,-,-,-,-,-,-,-,-,-,-,3,-,-,-,1,-,-,-
Buam-dong,Jongno-gu,4,-,-,-,-,-,-,-,-,-,-,-,-,-,-,-,-,-,-,-,2,-,-,-,2,-,-,-
Pyeongchang-dong,Jongno-gu,13,88,-,-,1,87,6,1,-,-,-,-,-,-,-,-,-,-,-,-,3,-,-,-,3,-,-,-
Muak-dong,Jongno-gu,7,207,1,207,-,-,3,-,-,-,-,-,-,-,-,-,-,-,-,-,2,-,-,-,1,-,-,-
Gyonam-dong,Jongno-gu,6,929,2,929,-,-,2,-,-,-,-,-,-,-,-,-,-,-,-,-,-,-,-,-,2,-,-,-
Gahoe-dong,Jongno-gu,11,-,-,-,-,-,2,-,-,-,-,-,-,-,-,-,-,-,-,-,3,-,-,-,6,-,-,-
Jongno 1·2·3·4(ilisamsa)-ga-dong,Jongno-gu,140,61,-,-,-,-,48,30,2,-,-,-,-,-,-,-,-,-,-,-,62,-,1,31,27,-,-,-
Jongno 5·6(oryuk)-ga-dong,Jongno-gu,89,3,-,-,-,-,17,3,-,-,-,-,-,-,-,-,-,-,-,-,30,-,-,-,42,-,-,-
Ihwa-dong,Jongno-gu,10,1761,1,1719,-,-,5,2,-,-,-,-,-,-,-,-,-,-,1,40,3,-,-,-,-,-,-,-
Changsin 1(il)-dong,Jongno-gu,28,48,-,-,-,-,17,48,-,-,-,-,-,-,-,-,-,-,-,-,6,-,-,-,5,-,-,-
Changsin 2(i)-dong,Jongno-gu,12,-,-,-,-,-,3,-,-,-,-,-,-,-,-,-,-,-,-,-,3,-,-,-,6,-,-,-
Changsin 3(sam)-dong,Jongno-gu,1,-,-,-,-,-,-,-,-,-,-,-,-,-,-,-,-,-,-,-,1,-,-,-,-,-,-,-
Sungin 1(il)-dong,Jongno-gu,15,30,-,-,-,-,7,30,-,-,-,-,-,-,-,-,-,-,-,-,4,-,-,-,4,-,-,-
Sungin 2(i)-dong,Jongno-gu,11,3,-,-,-,-,5,3,-,-,-,-,-,-,-,-,-,-,-,-,3,-,-,-,3,-,-,-
Cheongunhyoja-dong,Jongno-gu,12,-,-,-,-,-,5,-,-,-,-,-,-,-,-,-,-,-,-,-,4,-,-,-,3,-,-,-
Hyehwa-dong,Jongno-gu,32,17,-,-,-,-,14,17,-,-,-,-,-,-,-,-,-,-,-,-,10,-,-,-,8,-,-,-
Sogong-dong,Jung-gu,68,10,-,-,-,-,18,10,9,-,-,-,-,-,-,-,-,-,-,-,31,-,-,-,10,-,-,-
Hoehyeon-dong,Jung-gu,54,5,-,-,-,-,20,5,3,-,-,-,-,-,-,-,-,-,1,-,22,-,-,-,8,-,-,-
Myeong-dong,Jung-gu,154,11,-,-,-,-,61,11,6,-,-,-,-,-,-,-,-,-,3,-,54,-,-,-,30,-,-,-
Pil-dong,Jung-gu,24,330,1,330,-,-,5,-,-,-,-,-,-,-,-,-,-,-,-,-,14,-,-,-,4,-,-,-
Jangchung-dong,Jung-gu,7,-,-,-,-,-,4,-,-,-,-,-,-,-,-,-,-,-,-,-,2,-,-,-,1,-,-,-
Gwanghui-dong ,Jung-gu,34,522,1,522,-,-,13,-,-,-,-,-,-,-,-,-,-,-,1,-,16,-,-,-,3,-,-,-
Euljiro-dong,Jung-gu,42,354,1,351,-,-,12,3,-,-,-,-,-,-,-,-,-,-,1,-,21,-,-,-,7,-,-,-
Sindang 5(o)-dong,Jung-gu,26,-,-,-,-,-,11,-,-,-,-,-,-,-,-,-,-,-,-,-,7,-,-,-,8,-,-,-
Hwanghak-dong,Jung-gu,16,-,-,-,-,-,7,-,-,-,-,-,-,-,-,-,-,-,1,-,6,-,-,-,2,-,-,-
Jungnim-dong,Jung-gu,17,26,-,-,-,-,4,26,-,-,-,-,-,-,-,-,-,-,-,-,7,-,-,-,6,-,-,-
Sindang-dong,Jung-gu,27,19,-,-,-,-,13,19,-,-,-,-,-,-,-,-,-,-,-,-,10,-,-,-,4,-,-,-
Dasan-dong,Jung-gu,22,62,-,-,-,-,12,62,-,-,-,-,-,-,-,-,-,-,1,-,5,-,-,-,4,-,-,-
Yaksu-dong,Jung-gu,35,236,-,-,2,218,13,18,-,-,-,-,-,-,-,-,-,-,-,-,13,-,-,-,7,-,-,-
Cheonggu-dong,Jung-gu,8,23,-,-,-,-,2,23,-,-,-,-,-,-,-,-,-,-,-,-,3,-,-,-,3,-,-,-
Donghwa-dong,Jung-gu,15,22,-,-,-,-,7,22,-,-,-,-,-,-,-,-,-,-,-,-,4,-,-,-,4,-,-,-
Huam-dong,Yongsan-gu,…,-,-,-,-,-,…,-,-,-,-,-,-,-,-,-,-,-,-,-,5,-,-,-,7,-,-,-
Yongsan 2-ga-dong,Yongsan-gu,…,-,-,-,-,-,…,-,-,-,-,-,-,-,-,-,-,-,-,-,2,-,-,-,1,-,-,-
Namyeong-dong,Yongsan-gu,…,11,-,-,-,-,…,11,-,-,-,-,-,-,-,-,-,-,-,-,11,-,-,-,4,-,-,-
Wonhyoro 2(i)-dong,Yongsan-gu,…,-,-,-,-,-,…,-,-,-,-,-,-,-,-,-,-,-,-,-,2,-,-,-,1,-,-,-
Hyochang-dong,Yongsan-gu,…,-,-,-,-,-,…,-,-,-,-,-,-,-,-,-,-,-,-,-,3,-,-,-,2,-,-,-
Yongmun-dong,Yongsan-gu,…,-,-,-,-,-,…,-,-,-,-,-,-,-,-,-,-,-,-,-,5,-,-,-,6,-,-,-
Ichon 1(il)-dong,Yongsan-gu,…,80,-,-,1,80,…,-,-,-,-,-,-,-,-,-,-,-,-,-,19,-,-,-,6,-,-,-
Ichon 2(i)-dong,Yongsan-gu,…,-,-,-,-,-,…,-,-,-,-,-,-,-,-,-,-,-,-,-,-,-,-,-,-,-,-,-
Itaewon 1(il)-dong,Yongsan-gu,…,-,-,-,-,-,…,-,-,-,-,-,-,-,-,-,-,-,-,-,4,-,-,-,2,-,-,-
Itaewon 2(i)-dong,Yongsan-gu,…,-,-,-,-,-,…,-,-,-,-,-,-,-,-,-,-,-,-,-,5,-,-,-,2,-,-,-
Seobinggo-dong,Yongsan-gu,…,-,-,-,-,-,…,-,-,-,-,-,-,-,-,-,-,-,-,-,-,-,-,-,-,-,-,-
Bogwang-dong,Yongsan-gu,…,14,-,-,-,-,…,14,-,-,-,-,-,-,-,-,-,-,-,-,6,-,-,-,4,-,-,-
Cheongpa-dong,Yongsan-gu,…,150,1,130,-,-,…,20,1,-,-,-,-,-,-,-,-,-,-,-,4,-,-,-,6,-,-,-
Wonhyoro 1(il)-dong,Yongsan-gu,…,64,-,-,-,-,…,59,-,-,-,-,-,-,-,-,-,-,-,-,7,-,-,-,2,-,1,5
Hangangno-dong,Yongsan-gu,…,40,-,-,-,-,…,4,-,-,-,-,-,-,-,-,-,-,-,-,15,-,1,36,11,-,-,-
Hannam-dong,Yongsan-gu,…,706,1,706,-,-,…,-,1,-,-,-,-,-,-,-,-,-,-,-,12,-,-,-,6,-,-,-
Wangsimni 2(i)-dong,Seongdong-gu,15,-,-,-,-,-,7,-,-,-,-,-,-,-,-,-,-,-,-,-,5,-,-,-,3,-,-,-
Majang-dong,Seongdong-gu,20,46,-,-,-,-,9,46,-,-,-,-,-,-,-,-,-,-,-,-,8,-,-,-,3,-,-,-
Sageun-dong,Seongdong-gu,5,-,-,-,-,-,2,-,-,-,-,-,-,-,-,-,-,-,-,-,2,-,-,-,1,-,-,-
Haengdang 1(il)-dong,Seongdong-gu,40,960,1,805,2,125,20,30,-,-,-,-,-,-,-,-,-,-,-,-,10,-,-,-,7,-,-,-
Haengdang 2(i)-dong,Seongdong-gu,35,2,-,-,-,-,17,2,-,-,-,-,-,-,-,-,-,-,-,-,12,-,-,-,6,-,-,-
Eungbong-dong,Seongdong-gu,6,-,-,-,-,-,2,-,-,-,-,-,-,-,-,-,-,-,-,-,2,-,-,-,2,-,-,-
Geumho 1(il)-ga-dong,Seongdong-gu,17,32,-,-,-,-,10,32,-,-,-,-,-,-,-,-,-,-,-,-,4,-,-,-,3,-,-,-
Geumho 4(sa)-ga-dong,Seongdong-gu,27,33,-,-,-,-,13,33,-,-,-,-,-,-,-,-,-,-,-,-,8,-,-,-,6,-,-,-
Seongsu 1(il)-ga1(il)-dong,Seongdong-gu,12,29,-,-,-,-,5,29,-,-,-,-,-,-,-,-,-,-,-,-,4,-,-,-,3,-,-,-
Seongsu 1(il)-ga2(i)-dong,Seongdong-gu,13,1,-,-,-,-,2,1,-,-,-,-,-,-,-,-,-,-,-,-,8,-,-,-,3,-,-,-
Seongsu 2(i)-ga1(il)-dong,Seongdong-gu,28,24,-,-,-,-,15,24,-,-,-,-,-,-,-,-,-,-,-,-,9,-,-,-,4,-,-,-
Seongsu 2(i)-ga 3(sam)-dong,Seongdong-gu,28,248,-,-,1,87,11,12,-,-,1,149,-,-,-,-,-,-,-,-,9,-,-,-,6,-,-,-
Songjeong-dong,Seongdong-gu,5,72,-,-,1,72,3,-,-,-,-,-,-,-,-,-,-,-,-,-,-,-,-,-,1,-,-,-
Yongdap-dong,Seongdong-gu,30,182,-,-,-,-,15,14,-,-,1,168,-,-,-,-,-,-,1,-,8,-,-,-,5,-,-,-
WangsimniDoseon-dong,Seongdong-gu,32,107,-,-,1,96,14,11,-,-,-,-,-,-,-,-,-,-,1,-,7,-,-,-,9,-,-,-
Geumho 2.3(i.sam)-ga-dong,Seongdong-gu,31,190,-,-,1,134,14,56,-,-,-,-,-,-,-,-,-,-,-,-,7,-,-,-,9,-,-,-
Oksu-dong,Seongdong-gu,27,-,-,-,-,-,11,-,-,-,-,-,-,-,-,-,-,-,-,-,10,-,-,-,6,-,-,-
Hwayang-dong,Gwangjin-gu,49,944,1,878,1,36,27,30,-,-,-,-,-,-,-,-,-,-,1,-,13,-,-,-,6,-,-,-
Gunja-dong,Gwangjin-gu,35,64,-,-,1,42,17,22,-,-,-,-,-,-,-,-,-,-,-,-,9,-,-,-,8,-,-,-
Junggok 1(il)-dong,Gwangjin-gu,31,37,-,-,-,-,15,37,-,-,-,-,-,-,-,-,-,-,-,-,8,-,-,-,8,-,-,-
Junggok 2(i)-dong,Gwangjin-gu,48,326,-,-,-,-,28,326,-,-,-,-,-,-,-,-,-,-,-,-,10,-,-,-,10,-,-,-
Junggok 3(sam)-dong,Gwangjin-gu,30,400,-,-,-,-,16,65,-,-,-,-,-,-,-,-,1,335,-,-,6,-,-,-,7,-,-,-
Junggok 4(sa)-dong,Gwangjin-gu,33,73,-,-,-,-,14,73,-,-,-,-,-,-,-,-,-,-,-,-,11,-,-,-,8,-,-,-
Neung-dong,Gwangjin-gu,15,58,-,-,1,50,7,8,-,-,-,-,-,-,-,-,-,-,1,-,1,-,-,-,5,-,-,-
Guui 1(il)-dong,Gwangjin-gu,31,68,-,-,-,-,16,68,-,-,-,-,-,-,-,-,-,-,-,-,9,-,-,-,6,-,-,-
Guui 2(i)-dong,Gwangjin-gu,24,92,-,-,1,90,9,2,-,-,-,-,-,-,-,-,-,-,-,-,9,-,-,-,5,-,-,-
Guui 3(sam)-dong,Gwangjin-gu,52,38,-,-,-,-,29,38,-,-,-,-,-,-,-,-,-,-,-,-,13,-,-,-,10,-,-,-
Gwangjang-dong,Gwangjin-gu,32,53,-,-,-,-,12,27,-,-,-,-,-,-,-,-,-,-,-,-,14,-,-,-,6,26,-,-
Jayang 1(il)-dong,Gwangjin-gu,44,297,1,265,-,-,16,32,-,-,-,-,-,-,-,-,-,-,-,-,10,-,-,-,17,-,-,-
Jayang 2(i)-dong,Gwangjin-gu,32,41,-,-,-,-,14,41,-,-,-,-,-,-,-,-,-,-,-,-,13,-,-,-,5,-,-,-
Jayang 3(sam)-dong,Gwangjin-gu,27,35,-,-,-,-,14,35,-,-,-,-,-,-,-,-,-,-,-,-,7,-,-,-,6,-,-,-
Jayang 4(sa)-dong,Gwangjin-gu,40,117,-,-,-,-,19,29,-,-,1,88,-,-,-,-,-,-,-,-,11,-,-,-,9,-,-,-
Hoegi-dong,Dongdaemun-gu,13,1110,1,850,-,-,1,-,-,-,-,-,-,-,-,-,-,-,1,20,3,-,1,240,6,-,-,-
Hwigyeong 1(il)-dong,Dongdaemun-gu,24,1,-,-,-,-,13,1,-,-,-,-,-,-,-,-,-,-,-,-,6,-,-,-,5,-,-,-
Hwigyeong 2(i)-dong,Dongdaemun-gu,8,464,1,429,-,-,2,29,-,-,-,-,-,-,-,-,-,-,1,6,2,-,-,-,2,-,-,-
Cheongnyangni-dong,Dongdaemun-gu,56,845,1,240,-,-,30,14,-,-,1,91,-,-,-,-,1,500,-,-,16,-,-,-,7,-,-,-
Yongsin-dong,Dongdaemun-gu,63,792,1,200,3,110,21,108,-,-,2,374,-,-,-,-,-,-,1,-,17,-,-,-,18,-,-,-
Jegi-dong,Dongdaemun-gu,114,74,-,-,1,72,14,2,-,-,-,-,-,-,-,-,-,-,-,-,11,-,-,-,88,-,-,-
Jeonnong 1(il)-dong,Dongdaemun-gu,34,498,1,400,1,30,19,68,-,-,-,-,-,-,-,-,-,-,-,-,10,-,-,-,3,-,-,-
Jeonnong 2(i)-dong,Dongdaemun-gu,27,6,-,-,-,-,15,6,-,-,-,-,-,-,-,-,-,-,-,-,6,-,-,-,6,-,-,-
Dapsimni 1(il)-dong,Dongdaemun-gu,44,715,-,-,2,458,21,136,-,-,1,116,-,-,-,-,-,-,-,-,11,-,-,-,8,-,1,5
Dapsimni 2(i)-dong,Dongdaemun-gu,29,340,-,-,1,290,13,50,-,-,-,-,-,-,-,-,-,-,-,-,9,-,-,-,6,-,-,-
Jangan 1(il)-dong,Dongdaemun-gu,59,598,-,-,4,436,33,75,-,-,1,87,-,-,-,-,-,-,-,-,12,-,-,-,9,-,-,-
Jangan 2(i)-dong,Dongdaemun-gu,67,379,-,-,2,209,29,37,-,-,1,133,-,-,-,-,-,-,-,-,20,-,-,-,15,-,-,-
Imun 1(il)-dong,Dongdaemun-gu,32,63,-,-,-,-,11,63,-,-,-,-,-,-,-,-,-,-,-,-,12,-,-,-,9,-,-,-
Imun 2(i)-dong,Dongdaemun-gu,16,-,-,-,-,-,7,-,-,-,-,-,-,-,-,-,-,-,-,-,6,-,-,-,3,-,-,-
Myeonmok 2(i)-dong,Jungnang-gu,27,240,-,-,1,91,14,72,-,-,1,77,-,-,-,-,-,-,-,-,4,-,-,-,7,-,-,-
Myeonmok 4(sa)-dong,Jungnang-gu,13,-,-,-,-,-,6,-,-,-,-,-,-,-,-,-,-,-,-,-,3,-,-,-,4,-,-,-
Myeonmok 5(o)-dong,Jungnang-gu,8,53,-,-,1,53,2,-,-,-,-,-,-,-,-,-,-,-,-,-,3,-,-,-,2,-,-,-
Myeonmok 7(chil)-dong,Jungnang-gu,34,42,-,-,-,-,18,42,-,-,-,-,-,-,-,-,-,-,-,-,9,-,-,-,7,-,-,-
Sangbong 1(il)-dong,Jungnang-gu,16,44,-,-,1,40,4,4,-,-,-,-,-,-,-,-,-,-,-,-,6,-,-,-,5,-,-,-
Sangbong 2(i)-dong,Jungnang-gu,37,341,-,-,1,90,14,108,-,-,1,143,-,-,-,-,-,-,-,-,11,-,-,-,10,-,-,-
Junghwa 1(il)-dong,Jungnang-gu,25,95,-,-,1,64,11,31,-,-,-,-,-,-,-,-,-,-,-,-,7,-,-,-,6,-,-,-
Junghwa 2(i)-dong,Jungnang-gu,30,97,-,-,-,-,16,97,-,-,-,-,-,-,-,-,-,-,-,-,8,-,-,-,6,-,-,-
Muk 1(il)-dong,Jungnang-gu,34,155,-,-,2,75,12,80,-,-,-,-,-,-,-,-,-,-,-,-,12,-,-,-,8,-,-,-
Muk 2(i)-dong,Jungnang-gu,17,27,-,-,-,-,8,27,-,-,-,-,-,-,-,-,-,-,-,-,5,-,-,-,4,-,-,-
Mangu 3(sam)-dong,Jungnang-gu,10,29,-,-,-,-,3,29,-,-,-,-,-,-,-,-,-,-,-,-,3,-,-,-,4,-,-,-
Sinnae 1(il)-dong,Jungnang-gu,39,755,1,623,-,-,21,74,-,-,1,58,-,-,-,-,-,-,-,-,9,-,-,-,7,-,-,-
Sinnae 2(i)-dong,Jungnang-gu,24,134,-,-,-,-,10,-,-,-,1,134,-,-,-,-,-,-,-,-,8,-,-,-,5,-,-,-
Myeonmokbon-dong,Jungnang-gu,54,49,-,-,-,-,27,49,-,-,-,-,-,-,-,-,-,-,-,-,13,-,-,-,14,-,-,-
Myeonmok 3.8(sam.pal)-dong,Jungnang-gu,36,412,1,365,-,-,17,47,-,-,-,-,-,-,-,-,-,-,-,-,11,-,-,-,7,-,-,-
Mangubon-dong,Jungnang-gu,61,787,-,-,5,468,28,106,-,-,-,-,-,-,-,-,1,213,-,-,18,-,-,-,9,-,-,-
Donam 1(il)-dong,Seongbuk_gu,9,84,-,-,-,-,5,84,-,-,-,-,-,-,-,-,-,-,-,-,2,-,-,-,2,-,-,-
Donam 2(i)-dong,Seongbuk_gu,9,5,-,-,-,-,3,5,-,-,-,-,-,-,-,-,-,-,-,-,4,-,-,-,2,-,-,-
Anam-dong,Seongbuk_gu,14,1065,1,977,1,88,5,-,-,-,-,-,-,-,-,-,-,-,-,-,6,-,-,-,1,-,-,-
Bomun-dong,Seongbuk_gu,22,383,-,-,-,-,7,59,-,-,2,324,-,-,-,-,-,-,-,-,6,-,-,-,7,-,-,-
Jeongneung 1(il)-dong,Seongbuk_gu,25,184,-,-,-,-,15,9,-,-,1,175,-,-,-,-,-,-,-,-,4,-,-,-,5,-,-,-
Jeongneung 2(i)-dong,Seongbuk_gu,18,260,-,-,-,-,6,26,-,-,-,-,1,234,-,-,-,-,-,-,6,-,-,-,5,-,-,-
Jeongneung 3(sam)-dong,Seongbuk_gu,6,-,-,-,-,-,2,-,-,-,-,-,-,-,-,-,-,-,-,-,2,-,-,-,2,-,-,-
Jeongneung 4(sa)-dong,Seongbuk_gu,19,28,-,-,-,-,8,28,-,-,-,-,-,-,-,-,-,-,-,-,7,-,-,-,4,-,-,-
Gireum 1(il)-dong,Seongbuk_gu,49,-,-,-,-,-,20,-,-,-,-,-,-,-,-,-,-,-,-,-,20,-,-,-,9,-,-,-
Gireum 2(i)-dong,Seongbuk_gu,27,174,-,-,1,98,15,76,-,-,-,-,-,-,-,-,-,-,-,-,6,-,-,-,5,-,-,-
Wolgok 1(il)-dong,Seongbuk_gu,40,431,-,-,1,100,20,88,-,-,2,243,-,-,-,-,-,-,-,-,7,-,-,-,10,-,-,-
Wolgok 2(i)-dong,Seongbuk_gu,31,32,-,-,-,-,8,32,-,-,-,-,-,-,-,-,-,-,-,-,12,-,-,-,11,-,-,-
Jangwi 1(il)-dong,Seongbuk_gu,27,12,-,-,-,-,17,12,-,-,-,-,-,-,-,-,-,-,-,-,5,-,-,-,5,-,-,-
Jangwi 2(i)-dong,Seongbuk_gu,18,28,-,-,-,-,9,28,-,-,-,-,-,-,-,-,-,-,-,-,5,-,-,-,4,-,-,-
Jangwi 3(sam)-dong,Seongbuk_gu,15,316,-,-,1,30,9,50,-,-,1,236,-,-,-,-,-,-,-,-,2,-,-,-,2,-,-,-
Seongbuk-dong,Seongbuk_gu,29,38,-,-,-,-,16,9,-,-,-,-,-,-,-,-,-,-,-,-,8,-,-,-,5,29,-,-
Samseon-dong,Seongbuk_gu,54,27,-,-,-,-,32,27,-,-,-,-,-,-,-,-,-,-,-,-,12,-,-,-,10,-,-,-
Dongseon-dong,Seongbuk_gu,66,98,-,-,-,-,37,98,-,-,-,-,-,-,-,-,-,-,-,-,15,-,-,-,14,-,-,-
Jongam-dong,Seongbuk_gu,41,183,-,-,1,127,18,56,-,-,-,-,-,-,-,-,-,-,1,-,10,-,-,-,11,-,-,-
Seokgwan-dong,Seongbuk_gu,35,76,-,-,-,-,15,76,-,-,-,-,-,-,-,-,-,-,-,-,11,-,-,-,9,-,-,-
Beon 1(il)-dong,Gangbuk-gu,46,436,-,-,2,274,27,68,-,-,-,-,1,94,-,-,-,-,1,-,8,-,-,-,7,-,-,-
Beon 2(i)-dong,Gangbuk-gu,11,-,-,-,-,-,4,-,-,-,-,-,-,-,-,-,-,-,-,-,2,-,-,-,5,-,-,-
Beon 3(sam)-dong,Gangbuk-gu,20,5,-,-,-,-,8,5,-,-,-,-,-,-,-,-,-,-,-,-,4,-,-,-,8,-,-,-
Suyu 1(il)-dong,Gangbuk-gu,32,69,-,-,-,-,16,69,-,-,-,-,-,-,-,-,-,-,-,-,8,-,-,-,8,-,-,-
Suyu 2(i)-dong,Gangbuk-gu,23,38,-,-,-,-,11,38,-,-,-,-,-,-,-,-,-,-,-,-,6,-,-,-,6,-,-,-
Suyu 3(sam)-dong,Gangbuk-gu,57,132,-,-,1,83,30,49,-,-,-,-,-,-,-,-,-,-,-,-,18,-,-,-,8,-,-,-
Samyang-dong,Gangbuk-gu,35,81,-,-,-,-,19,81,-,-,-,-,-,-,-,-,-,-,-,-,9,-,-,-,7,-,-,-
Mia-dong,Gangbuk-gu,49,352,-,-,2,126,24,96,-,-,1,130,-,-,-,-,-,-,-,-,12,-,-,-,10,-,-,-
Songjung-dong,Gangbuk-gu,47,96,-,-,1,66,27,30,-,-,-,-,-,-,-,-,-,-,-,-,11,-,-,-,8,-,-,-
Songcheon-dong,Gangbuk-gu,43,384,-,-,2,149,17,83,-,-,1,152,-,-,-,-,-,-,-,-,16,-,-,-,7,-,-,-
Samgaksan-dong,Gangbuk-gu,26,4,-,-,-,-,14,4,-,-,-,-,-,-,-,-,-,-,-,-,8,-,-,-,4,-,-,-
Ui-dong,Gangbuk-gu,12,29,-,-,-,-,4,29,-,-,-,-,-,-,-,-,-,-,-,-,3,-,-,-,5,-,-,-
Insu-dong,Gangbuk-gu,19,621,1,214,2,348,7,10,-,-,-,-,1,49,-,-,-,-,-,-,3,-,-,-,5,-,-,-
Ssangmun 1(il)-dong,Dobong-gu,17,731,-,-,-,-,5,5,-,-,5,726,-,-,-,-,-,-,-,-,4,-,-,-,3,-,-,-
Ssangmun 2(i)-dong,Dobong-gu,33,134,-,-,1,30,17,72,-,-,1,32,-,-,-,-,-,-,1,-,7,-,-,-,6,-,-,-
Ssangmun 3(sam)-dong,Dobong-gu,19,481,1,454,-,-,5,27,1,-,-,-,-,-,-,-,-,-,-,-,7,-,-,-,5,-,-,-
Ssangmun 4(sa)-dong,Dobong-gu,11,-,-,-,-,-,5,-,-,-,-,-,-,-,-,-,-,-,-,-,4,-,-,-,2,-,-,-
Banghak 1(il)-dong,Dobong-gu,60,628,-,-,1,208,25,69,-,-,2,171,-,-,-,-,1,180,1,-,16,-,-,-,14,-,-,-
Banghak 2(i)-dong,Dobong-gu,18,98,-,-,1,98,8,-,-,-,-,-,-,-,-,-,-,-,-,-,3,-,-,-,6,-,-,-
Banghak 3(sam)-dong,Dobong-gu,17,162,-,-,-,-,9,-,-,-,-,-,1,162,-,-,-,-,-,-,4,-,-,-,3,-,-,-
Chang 1(il)-dong,Dobong-gu,27,62,-,-,-,-,15,62,-,-,-,-,-,-,-,-,-,-,-,-,8,-,-,-,4,-,-,-
Chang 2(i)-dong,Dobong-gu,15,187,-,-,1,185,7,2,-,-,-,-,-,-,-,-,-,-,-,-,5,-,-,-,2,-,-,-
Chang 3(sam)-dong,Dobong-gu,15,24,-,-,-,-,8,24,-,-,-,-,-,-,-,-,-,-,-,-,4,-,-,-,3,-,-,-
Chang 4(sa)-dong,Dobong-gu,29,-,-,-,-,-,11,-,-,-,-,-,-,-,-,-,-,-,-,-,12,-,-,-,6,-,-,-
Chang 5(o)-dong,Dobong-gu,44,378,-,-,2,166,15,12,-,-,-,-,-,-,-,-,1,200,-,-,15,-,-,-,11,-,-,-
Dobong 1(il)-dong,Dobong-gu,29,34,-,-,-,-,11,34,-,-,-,-,-,-,-,-,-,-,-,-,6,-,-,-,12,-,-,-
Dobong 2(i)-dong,Dobong-gu,12,28,-,-,-,-,6,28,-,-,-,-,-,-,-,-,-,-,-,-,3,-,-,-,3,-,-,-
Wolgye 1(il)-dong,Nowon-gu,31,186,-,-,1,173,12,13,-,-,-,-,-,-,-,-,-,-,-,-,10,-,-,-,8,-,-,-
Wolgye 2(i)-dong,Nowon-gu,16,-,-,-,-,-,7,-,-,-,-,-,-,-,-,-,-,-,-,-,6,-,-,-,3,-,-,-
Wolgye 3(sam)-dong,Nowon-gu,20,25,-,-,-,-,11,25,-,-,-,-,-,-,-,-,-,-,-,-,5,-,-,-,4,-,-,-
Gongneung 2(i)-dong,Nowon-gu,36,525,1,495,-,-,17,30,1,-,-,-,-,-,-,-,-,-,-,-,9,-,-,-,8,-,-,-
Hagye 1(il)-dong,Nowon-gu,20,641,1,602,-,-,9,-,-,-,1,39,-,-,-,-,-,-,-,-,6,-,-,-,3,-,-,-
Hagye 2(i)-dong,Nowon-gu,12,-,-,-,-,-,6,-,-,-,-,-,-,-,-,-,-,-,-,-,4,-,-,-,2,-,-,-
Junggyebon-dong,Nowon-gu,27,1,-,-,-,-,15,1,-,-,-,-,-,-,-,-,-,-,-,-,8,-,-,-,4,-,-,-
Junggye 1(il)-dong,Nowon-gu,37,27,-,-,-,-,14,27,-,-,-,-,-,-,-,-,-,-,-,-,12,-,-,-,11,-,-,-
Junggye 4(sa)-dong,Nowon-gu,32,130,-,-,-,-,15,32,-,-,1,98,-,-,-,-,-,-,-,-,8,-,-,-,8,-,-,-
Sanggye 1(il)-dong,Nowon-gu,43,97,-,-,1,40,20,57,-,-,-,-,-,-,-,-,-,-,-,-,12,-,-,-,10,-,-,-
Sanggye 2(i)-dong,Nowon-gu,57,372,-,-,2,64,25,23,-,-,1,253,-,-,-,-,-,-,1,-,12,-,1,32,15,-,-,-
Sanggye 5(o)-dong,Nowon-gu,21,36,-,-,-,-,8,36,-,-,-,-,-,-,-,-,-,-,-,-,7,-,-,-,6,-,-,-
Sanggye 8(pal)-dong,Nowon-gu,31,8,-,-,-,-,16,8,-,-,-,-,-,-,-,-,-,-,-,-,9,-,-,-,6,-,-,-
Sanggye 9(gu)-dong,Nowon-gu,24,24,-,-,-,-,14,24,-,-,-,-,-,-,-,-,-,-,-,-,8,-,-,-,2,-,-,-
Sanggye 10(sip)-dong,Nowon-gu,8,-,-,-,-,-,3,-,-,-,-,-,-,-,-,-,-,-,-,-,4,-,-,-,1,-,-,-
Sanggye 3.4(sam.sa)-dong,Nowon-gu,33,211,-,-,-,-,14,61,-,-,1,150,-,-,-,-,-,-,-,-,10,-,-,-,8,-,-,-
Sanggye 6.7(yuk.chil)-dong,Nowon-gu,138,944,1,657,1,121,75,62,-,-,-,-,1,89,-,-,-,-,1,-,25,-,-,-,34,15,-,-
Junggye 2.3(i.sam)-dong,Nowon-gu,27,2,-,-,-,-,14,2,-,-,-,-,-,-,-,-,-,-,-,-,9,-,-,-,4,-,-,-
Gongneung 1(il)-dong,Nowon-gu,65,218,-,-,2,143,33,69,-,-,-,-,-,-,-,-,-,-,-,-,17,-,-,-,13,6,-,-
Nokbeon-dong,Eunpyeong-gu,25,548,-,-,3,313,7,21,-,-,1,185,-,-,-,-,-,-,-,-,6,-,-,-,8,29,-,-
Bulgwang 1(il)-dong,Eunpyeong-gu,57,78,-,-,-,-,26,78,-,-,-,-,-,-,-,-,-,-,-,-,16,-,-,-,15,-,-,-
Galhyeon 1(il)-dong,Eunpyeong-gu,41,378,1,211,-,-,19,17,-,-,1,150,-,-,-,-,-,-,-,-,13,-,-,-,7,-,-,-
Galhyeon 2(i)-dong,Eunpyeong-gu,26,75,-,-,-,-,11,23,-,-,-,-,-,-,-,-,-,-,-,-,7,-,-,-,8,52,-,-
Gusan-dong,Eunpyeong-gu,24,313,-,-,2,141,10,-,-,-,1,172,-,-,-,-,-,-,-,-,7,-,-,-,4,-,-,-
Daejo-dong,Eunpyeong-gu,95,218,-,-,1,70,57,148,-,-,-,-,-,-,-,-,-,-,1,-,18,-,-,-,18,-,-,-
Eungam 1(il)-dong,Eunpyeong-gu,57,247,-,-,2,168,29,79,-,-,-,-,-,-,-,-,-,-,-,-,18,-,-,-,8,-,-,-
Eungam 2(i)-dong,Eunpyeong-gu,13,321,-,-,-,-,6,16,-,-,-,-,-,-,-,-,1,305,-,-,4,-,-,-,2,-,-,-
Sinsa 1(il)-dong,Eunpyeong-gu,33,80,-,-,-,-,15,57,-,-,-,-,-,-,-,-,-,-,-,-,8,-,-,-,10,23,-,-
Sinsa 2(i)-dong,Eunpyeong-gu,11,29,-,-,-,-,5,29,-,-,-,-,-,-,-,-,-,-,-,-,4,-,-,-,2,-,-,-
Jeungsan-dong,Eunpyeong-gu,22,29,-,-,-,-,10,29,-,-,-,-,-,-,-,-,-,-,-,-,6,-,-,-,6,-,-,-
Susaek-dong,Eunpyeong-gu,15,29,-,-,-,-,9,29,-,-,-,-,-,-,-,-,-,-,-,-,5,-,-,-,1,-,-,-
Jingwan-dong,Eunpyeong-gu,24,-,-,-,-,-,9,-,-,-,-,-,-,-,-,-,-,-,-,-,9,-,-,-,6,-,-,-
Bulgwang 2(i)-dong,Eunpyeong-gu,32,59,-,-,-,-,13,23,-,-,-,-,-,-,-,-,-,-,-,-,8,-,1,36,10,-,-,-
Eungam 3(sam)-dong,Eunpyeong-gu,56,342,-,-,1,62,25,36,-,-,2,244,-,-,-,-,-,-,-,-,9,-,-,-,19,-,-,-
Yeokchon-dong,Eunpyeong-gu,50,658,-,-,1,82,23,66,-,-,-,-,-,-,1,510,-,-,1,-,13,-,-,-,11,-,-,-
Cheonyeon-dong,Seodaemun-gu,15,-,-,-,-,-,3,-,-,-,-,-,-,-,-,-,-,-,-,-,8,-,-,-,4,-,-,-
Hongje 1(il)-dong,Seodaemun-gu,37,14,-,-,-,-,16,14,-,-,-,-,-,-,-,-,-,-,-,-,12,-,-,-,9,-,-,-
Hongje 3(sam)-dong,Seodaemun-gu,13,118,-,-,1,92,8,26,-,-,-,-,-,-,-,-,-,-,-,-,1,-,-,-,3,-,-,-
Hongje 2(i)-dong,Seodaemun-gu,80,2122,1,2091,-,-,40,22,-,-,-,-,-,-,-,-,-,-,1,9,27,-,-,-,11,-,-,-
Hongeun 1(il)-dong,Seodaemun-gu,37,388,-,-,1,34,15,68,-,-,1,178,-,-,-,-,-,-,-,-,11,-,1,108,8,-,-,-
Hongeun 2(i)-dong,Seodaemun-gu,44,51,-,-,-,-,25,51,-,-,-,-,-,-,-,-,-,-,-,-,9,-,-,-,10,-,-,-
Namgajwa 1(il)-dong,Seodaemun-gu,19,-,-,-,-,-,4,-,-,-,-,-,-,-,-,-,-,-,-,-,8,-,-,-,7,-,-,-
Namgajwa 2(i)-dong,Seodaemun-gu,40,63,-,-,1,60,22,3,-,-,-,-,-,-,-,-,-,-,-,-,10,-,-,-,7,-,-,-
Bukgajwa 1(il)-dong,Seodaemun-gu,15,29,-,-,-,-,6,29,-,-,-,-,-,-,-,-,-,-,-,-,5,-,-,-,4,-,-,-
Bukgajwa 2(i)-dong,Seodaemun-gu,18,249,1,200,-,-,6,49,-,-,-,-,-,-,-,-,-,-,-,-,7,-,-,-,4,-,-,-
Chunghyeon-dong,Seodaemun-gu,24,41,-,-,-,-,13,41,-,-,-,-,-,-,-,-,-,-,-,-,5,-,-,-,6,-,-,-
Bugahyeon-dong,Seodaemun-gu,26,37,-,-,-,-,13,37,-,-,-,-,-,-,-,-,-,-,-,-,7,-,-,-,6,-,-,-
Sinchon-dong,Seodaemun-gu,13,80,-,-,-,-,6,-,-,-,1,80,-,-,-,-,-,-,-,-,4,-,-,-,2,-,-,-
Yeonhui-dong,Seodaemun-gu,31,52,-,-,-,-,13,31,-,-,-,-,-,-,-,-,-,-,-,-,11,-,-,-,7,21,-,-
Yonggang-dong,Mapo-gu,9,-,-,-,-,-,3,-,-,-,-,-,-,-,-,-,-,-,-,-,2,-,-,-,4,-,-,-
Daeheung-dong,Mapo-gu,76,38,-,-,-,-,44,38,-,-,-,-,-,-,-,-,-,-,-,-,15,-,-,-,17,-,-,-
Yeomni-dong,Mapo-gu,16,3,-,-,-,-,7,3,-,-,-,-,-,-,-,-,-,-,-,-,4,-,-,-,5,-,-,-
Sinsu-dong,Mapo-gu,17,212,-,-,1,177,6,35,-,-,-,-,-,-,-,-,-,-,-,-,6,-,-,-,4,-,-,-
Seogyo-dong,Mapo-gu,144,128,-,-,-,-,79,128,-,-,-,-,-,-,-,-,-,-,1,-,40,-,-,-,24,-,-,-
Hapjeong-dong,Mapo-gu,20,51,-,-,-,-,11,-,-,-,-,-,-,-,-,-,-,-,-,-,5,-,1,51,3,-,-,-
Mangwon 1(il)-dong,Mapo-gu,40,20,-,-,-,-,16,20,-,-,-,-,-,-,-,-,-,-,-,-,9,-,-,-,15,-,-,-
Mangwon 2(i)-dong,Mapo-gu,19,8,-,-,-,-,8,8,-,-,-,-,-,-,-,-,-,-,-,-,5,-,-,-,6,-,-,-
Yeonnam-dong,Mapo-gu,10,-,-,-,-,-,3,-,-,-,-,-,-,-,-,-,-,-,-,-,4,-,-,-,3,-,-,-
Seongsan 1(il)-dong,Mapo-gu,14,-,-,-,-,-,5,-,-,-,-,-,-,-,-,-,-,-,-,-,5,-,-,-,4,-,-,-
Seongsan 2(i)-dong,Mapo-gu,33,128,-,-,-,-,16,24,-,-,1,80,-,-,-,-,-,-,-,-,11,-,-,-,5,24,-,-
Sangam-dong,Mapo-gu,38,1,-,-,-,-,18,1,-,-,-,-,-,-,-,-,-,-,-,-,11,-,-,-,9,-,-,-
Dohwa-dong,Mapo-gu,61,12,-,-,-,-,29,12,-,-,-,-,-,-,-,-,-,-,1,-,20,-,-,-,11,-,-,-
Seogang-dong,Mapo-gu,26,51,-,-,1,42,6,9,-,-,-,-,-,-,-,-,-,-,-,-,10,-,-,-,9,-,-,-
gongdeok-dong,Mapo-gu,69,48,-,-,-,-,35,48,-,-,-,-,-,-,-,-,-,-,-,-,18,-,-,-,16,-,-,-
Ahyeon-dong,Mapo-gu,43,8,-,-,-,-,19,8,-,-,-,-,-,-,-,-,-,-,-,-,12,-,-,-,12,-,-,-
Mok 1(il)-dong,Yangcheon-gu,…,286,-,-,1,155,25,30,-,-,-,-,-,-,-,-,-,-,1,-,…,-,2,101,21,-,-,-
Mok 2(i)-dong,Yangcheon-gu,…,74,-,-,1,45,10,29,-,-,-,-,-,-,-,-,-,-,-,-,…,-,-,-,7,-,-,-
Mok 3(sam)-dong,Yangcheon-gu,…,69,-,-,1,30,27,39,-,-,-,-,-,-,-,-,-,-,-,-,…,-,-,-,13,-,-,-
Mok 4(sa)-dong,Yangcheon-gu,…,1,-,-,-,-,15,1,-,-,-,-,-,-,-,-,-,-,-,-,…,-,-,-,11,-,-,-
Sinwol 1(il)-dong,Yangcheon-gu,…,58,-,-,-,-,10,58,-,-,-,-,-,-,-,-,-,-,-,-,…,-,-,-,5,-,-,-
Sinwol 2(i)-dong,Yangcheon-gu,…,32,-,-,-,-,8,32,-,-,-,-,-,-,-,-,-,-,-,-,…,-,-,-,4,-,-,-
Sinwol 3(sam)-dong,Yangcheon-gu,…,67,-,-,1,67,7,-,-,-,-,-,-,-,-,-,-,-,-,-,…,-,-,-,2,-,-,-
Sinwol 4(sa)-dong,Yangcheon-gu,…,35,-,-,-,-,6,35,-,-,-,-,-,-,-,-,-,-,-,-,…,-,-,-,3,-,-,-
Sinwol 5(o)-dong,Yangcheon-gu,…,139,-,-,1,115,5,24,-,-,-,-,-,-,-,-,-,-,-,-,…,-,-,-,3,-,-,-
Sinwol 6(yuk)-dong,Yangcheon-gu,…,229,-,-,1,99,8,31,-,-,1,99,-,-,-,-,-,-,-,-,…,-,-,-,3,-,-,-
Sinwol 7(chil)-dong,Yangcheon-gu,…,57,-,-,-,-,10,57,-,-,-,-,-,-,-,-,-,-,-,-,…,-,-,-,5,-,-,-
Sinjeong 1(il)-dong,Yangcheon-gu,…,9,-,-,-,-,13,9,-,-,-,-,-,-,-,-,-,-,1,-,…,-,-,-,9,-,-,-
Sinjeong 2(i)-dong,Yangcheon-gu,…,32,-,-,-,-,14,22,-,-,-,-,-,-,-,-,-,-,-,-,…,-,-,-,5,10,-,-
Sinjeong 3(sam)-dong,Yangcheon-gu,…,361,-,-,1,312,30,49,-,-,-,-,-,-,-,-,-,-,-,-,…,-,-,-,10,-,-,-
Sinjeong 6(yuk)-dong,Yangcheon-gu,…,-,-,-,-,-,5,-,-,-,-,-,-,-,-,-,-,-,1,-,…,-,-,-,3,-,-,-
Sinjeong 7(chil)-dong,Yangcheon-gu,…,-,-,-,-,-,12,-,-,-,-,-,-,-,-,-,-,-,-,-,…,-,-,-,10,-,-,-
Mok 5(o)-dong,Yangcheon-gu,…,860,1,857,-,-,18,3,-,-,-,-,-,-,-,-,-,-,-,-,…,-,-,-,12,-,-,-
Sinjeong 4(sa)-dong,Yangcheon-gu,…,598,1,316,-,-,35,96,-,-,2,181,-,-,-,-,-,-,2,5,…,-,-,-,18,-,-,-
Yeomchang-dong,Gangseo-gu,44,118,-,-,1,78,19,40,-,-,-,-,-,-,-,-,-,-,-,-,14,-,-,-,10,-,-,-
Deungchon 1(il)-dong,Gangseo-gu,45,257,-,-,1,88,22,42,-,-,1,127,-,-,-,-,-,-,1,-,10,-,-,-,10,-,-,-
Deungchon 2(i)-dong,Gangseo-gu,13,83,-,-,1,50,5,33,-,-,-,-,-,-,-,-,-,-,-,-,6,-,-,-,1,-,-,-
Deungchon 3(sam)-dong,Gangseo-gu,46,719,1,232,2,206,19,68,-,-,2,213,-,-,-,-,-,-,-,-,14,-,-,-,8,-,-,-
Hwagokbon-dong,Gangseo-gu,34,76,-,-,1,60,16,16,-,-,-,-,-,-,-,-,-,-,2,-,10,-,-,-,5,-,-,-
Hwagok 2(i)-dong,Gangseo-gu,14,125,-,-,-,-,4,26,-,-,-,-,-,-,-,-,-,-,-,-,4,-,2,99,4,-,-,-
Hwagok 3(sam)-dong,Gangseo-gu,40,55,-,-,-,-,20,55,-,-,-,-,-,-,-,-,-,-,-,-,11,-,-,-,9,-,-,-
Hwagok 4(sa)-dong,Gangseo-gu,32,255,-,-,-,-,14,57,-,-,1,171,-,-,-,-,-,-,-,-,7,-,-,-,9,25,1,2
Hwagok 6(yuk)-dong,Gangseo-gu,34,49,-,-,-,-,15,28,-,-,-,-,-,-,-,-,-,-,-,-,11,-,-,-,8,21,-,-
Hwagok 8(pal)-dong,Gangseo-gu,35,34,-,-,-,-,18,34,-,-,-,-,-,-,-,-,-,-,-,-,9,-,-,-,8,-,-,-
Gayang 1(il)-dong,Gangseo-gu,16,-,-,-,-,-,5,-,-,-,-,-,-,-,-,-,-,-,-,-,7,-,-,-,4,-,-,-
Gayang 2(i)-dong,Gangseo-gu,31,70,-,-,1,66,19,4,-,-,-,-,-,-,-,-,-,-,-,-,7,-,-,-,4,-,-,-
Gayang 3(sam)-dong,Gangseo-gu,11,1,-,-,-,-,6,1,-,-,-,-,-,-,-,-,-,-,-,-,2,-,-,-,3,-,-,-
Balsan 1(il)-dong,Gangseo-gu,46,282,1,106,-,-,22,17,-,-,1,159,-,-,-,-,-,-,-,-,15,-,-,-,7,-,-,-
Gonghang-dong,Gangseo-gu,25,233,1,206,-,-,11,27,2,-,-,-,-,-,-,-,-,-,-,-,7,-,-,-,4,-,-,-
Banghwa 1(il)-dong,Gangseo-gu,55,258,-,-,2,62,26,35,-,-,1,161,-,-,-,-,-,-,-,-,13,-,-,-,13,-,-,-
Banghwa 2(i)-dong,Gangseo-gu,25,126,-,-,1,99,13,27,-,-,-,-,-,-,-,-,-,-,-,-,3,-,-,-,8,-,-,-
Banghwa 3(sam)-dong,Gangseo-gu,14,1,-,-,-,-,6,1,-,-,-,-,-,-,-,-,-,-,-,-,4,-,-,-,4,-,-,-
Hwagok 1(il)-dong,Gangseo-gu,67,485,-,-,3,326,36,159,-,-,-,-,-,-,-,-,-,-,-,-,16,-,-,-,12,-,-,-
Ujangsan-dong,Gangseo-gu,46,468,-,-,3,207,16,24,-,-,1,237,-,-,-,-,-,-,-,-,12,-,-,-,14,-,-,-
Sindorim-dong,Guro-gu,43,…,-,-,-,-,22,…,-,-,-,-,-,-,-,-,-,-,-,-,14,-,-,-,7,…,-,-
Guro 1(il)-dong,Guro-gu,19,…,-,-,-,-,8,…,-,-,-,-,-,-,-,-,-,-,-,-,7,-,-,-,4,…,-,-
Guro 3(sam)-dong,Guro-gu,52,…,-,-,1,141,19,…,-,-,-,-,-,-,-,-,-,-,-,-,18,-,-,-,14,…,-,-
Guro 4(sa)-dong,Guro-gu,58,…,-,-,-,-,27,…,-,-,-,-,-,-,-,-,-,-,-,-,17,-,-,-,13,…,1,2
Guro 5(o)-dong,Guro-gu,51,…,-,-,2,70,27,…,-,-,1,223,-,-,-,-,-,-,1,-,11,-,-,-,9,…,-,-
Gocheok 1(il)-dong,Guro-gu,31,…,1,212,-,-,12,…,-,-,-,-,-,-,-,-,-,-,-,-,10,-,1,68,7,…,-,-
Gocheok 2(i)-dong,Guro-gu,35,…,-,-,-,-,19,…,-,-,-,-,-,-,-,-,-,-,-,-,8,-,-,-,8,…,-,-
Gaebong 2(i)-dong,Guro-gu,42,…,-,-,-,-,18,…,-,-,1,53,-,-,-,-,-,-,-,-,15,-,-,-,8,…,-,-
Gaebong 3(sam)-dong,Guro-gu,23,…,-,-,-,-,13,…,-,-,-,-,-,-,-,-,-,-,-,-,7,-,-,-,3,…,-,-
Oryu 1(il)-dong,Guro-gu,45,…,-,-,1,95,22,…,-,-,-,-,-,-,-,-,-,-,-,-,12,-,-,-,10,…,-,-
Oryu 2(i)-dong,Guro-gu,25,…,-,-,1,43,9,…,2,1,-,-,-,-,-,-,-,-,-,-,8,-,-,-,5,…,-,-
Sugung-dong,Guro-gu,10,…,-,-,-,-,5,…,-,-,-,-,-,-,-,-,-,-,-,-,3,-,-,-,2,…,-,-
Garibong-dong,Guro-gu,11,…,-,-,-,-,5,…,-,-,2,400,-,-,-,-,-,-,-,-,3,-,-,-,1,…,-,-
Guro 2(i)-dong,Guro-gu,47,…,1,897,1,65,20,…,-,-,-,-,-,-,-,-,-,-,-,-,14,-,-,-,11,…,-,-
Gaebong 1(il)-dong,Guro-gu,32,…,-,-,1,63,13,…,-,-,-,-,1,437,-,-,-,-,-,-,9,-,-,-,8,…,-,-
Gasan-dong,Geumcheon-gu,56,273,-,-,1,234,18,39,-,-,-,-,-,-,-,-,-,-,-,-,29,-,-,-,8,-,-,-
Doksan 1(il)-dong,Geumcheon-gu,32,217,-,-,1,63,16,70,-,-,1,84,-,-,-,-,-,-,-,-,10,-,-,-,4,-,-,-
Doksan 2(i)-dong,Geumcheon-gu,24,29,-,-,-,-,13,29,-,-,-,-,-,-,-,-,-,-,-,-,6,-,-,-,5,-,-,-
Doksan 3(sam)-dong,Geumcheon-gu,38,552,-,-,-,-,16,93,-,-,3,412,-,-,-,-,-,-,-,-,12,-,1,47,6,-,-,-
Doksan 4(sa)-dong,Geumcheon-gu,11,57,-,-,1,57,2,-,-,-,-,-,-,-,-,-,-,-,-,-,4,-,-,-,4,-,-,-
Siheung 1(il)-dong,Geumcheon-gu,81,687,1,189,1,30,36,156,-,-,2,312,-,-,-,-,-,-,-,-,23,-,-,-,18,-,-,-
Siheung 2(i)-dong,Geumcheon-gu,13,1,-,-,-,-,5,1,-,-,-,-,-,-,-,-,-,-,-,-,5,-,-,-,3,-,-,-
Siheung 3(sam)-dong,Geumcheon-gu,8,-,-,-,-,-,4,-,-,-,-,-,-,-,-,-,-,-,-,-,2,-,-,-,2,-,-,-
Siheung 4(sa)-dong,Geumcheon-gu,14,-,-,-,-,-,7,-,-,-,-,-,-,-,-,-,-,-,-,-,2,-,-,-,5,-,-,-
Siheung 5(o)-dong,Geumcheon-gu,29,13,-,-,-,-,14,13,-,-,-,-,-,-,-,-,-,-,-,-,6,-,-,-,9,-,-,-
Yeouido-dong,Yeongdeungpo-gu,143,538,1,520,-,-,54,18,9,-,-,-,-,-,-,-,-,-,2,-,56,-,-,-,21,-,-,-
Dangsan 1(il)-dong,Yeongdeungpo-gu,33,140,-,-,1,122,10,18,-,-,-,-,-,-,-,-,-,-,-,-,12,-,-,-,10,-,-,-
Dangsan2(i)-dong,Yeongdeungpo-gu,70,29,-,-,-,-,32,29,-,-,-,-,-,-,-,-,-,-,-,-,21,-,-,-,17,-,-,-
Yangpyeong 1(il)-dong,Yeongdeungpo-gu,22,268,-,-,2,122,10,46,-,-,1,100,-,-,-,-,-,-,-,-,5,-,-,-,4,-,-,-
Yangpyeong 2(i)-dong,Yeongdeungpo-gu,20,310,-,-,-,-,7,80,-,-,1,230,-,-,-,-,-,-,-,-,8,-,-,-,4,-,-,-
Singil 1(il)-dong,Yeongdeungpo-gu,27,389,1,350,-,-,11,39,-,-,-,-,-,-,-,-,-,-,-,-,8,-,-,-,7,-,-,-
Singil 3(sam)-dong,Yeongdeungpo-gu,23,263,-,-,1,181,14,82,-,-,-,-,-,-,-,-,-,-,-,-,5,-,-,-,3,-,-,-
Singil 4(sa)-dong,Yeongdeungpo-gu,18,-,-,-,-,-,9,-,-,-,-,-,-,-,-,-,-,-,-,-,6,-,-,-,3,-,-,-
Singil 5(o)-dong,Yeongdeungpo-gu,6,-,-,-,-,-,-,-,-,-,-,-,-,-,-,-,-,-,-,-,3,-,-,-,3,-,-,-
Singil 6(yuk)-dong,Yeongdeungpo-gu,31,29,-,-,-,-,15,29,-,-,-,-,-,-,-,-,-,-,-,-,11,-,-,-,5,-,-,-
Singil 7(chil)-dong,Yeongdeungpo-gu,12,10,-,-,-,-,4,10,-,-,-,-,-,-,-,-,-,-,-,-,5,-,-,-,3,-,-,-
Daerim 1(il)-dong,Yeongdeungpo-gu,22,877,2,877,-,-,6,-,-,-,-,-,-,-,-,-,-,-,-,-,5,-,-,-,9,-,-,-
Daerim 2(i)-dong,Yeongdeungpo-gu,27,476,1,235,1,137,10,46,-,-,-,-,-,-,-,-,-,-,-,-,7,-,1,58,7,-,-,-
Daerim 3(sam)-dong,Yeongdeungpo-gu,32,506,-,-,2,261,12,51,-,-,1,194,-,-,-,-,-,-,-,-,9,-,-,-,8,-,-,-
Yeongdeungpobon-dong,Yeongdeungpo-gu,16,130,-,-,1,130,7,-,-,-,-,-,-,-,-,-,-,-,-,-,6,-,-,-,2,-,-,-
Yeongdeungpo-dong,Yeongdeungpo-gu,113,1213,2,311,2,166,55,94,-,-,4,612,-,-,-,-,-,-,-,-,29,-,1,30,20,-,-,-
Dorim-dong,Yeongdeungpo-gu,16,8,-,-,-,-,5,8,-,-,-,-,-,-,-,-,-,-,-,-,3,-,-,-,8,-,-,-
Mullae-dong,Yeongdeungpo-gu,47,149,-,-,-,-,21,34,-,-,1,115,-,-,-,-,-,-,-,-,16,-,-,-,9,-,-,-
Noryangjin 2(i)-dong,Dongjak-gu,17,62,-,-,1,56,6,6,-,-,-,-,-,-,-,-,-,-,-,-,3,-,-,-,7,-,-,-
Sangdo 1(il)-dong,Dongjak-gu,41,102,-,-,1,82,12,20,-,-,-,-,-,-,-,-,-,-,-,-,17,-,-,-,11,-,-,-
Sangdo 2(i)-dong,Dongjak-gu,52,38,-,-,-,-,25,38,-,-,-,-,-,-,-,-,-,-,-,-,15,-,-,-,12,-,-,-
Sangdo 3(sam)-dong,Dongjak-gu,31,34,-,-,-,-,14,34,-,-,-,-,-,-,-,-,-,-,-,-,8,-,-,-,9,-,-,-
Sangdo 4(sa)-dong,Dongjak-gu,24,366,-,-,1,166,9,-,-,-,1,177,-,-,-,-,-,-,-,-,7,-,-,-,6,23,-,-
Sadang 1(il)-dong,Dongjak-gu,62,165,-,-,2,105,26,60,-,-,-,-,-,-,-,-,-,-,1,-,20,-,-,-,13,-,-,-
Sadang 3(sam)-dong,Dongjak-gu,21,7,-,-,-,-,10,7,-,-,-,-,-,-,-,-,-,-,-,-,4,-,-,-,7,-,-,-
Sadang 4(sa)-dong,Dongjak-gu,30,-,-,-,-,-,13,-,-,-,-,-,-,-,-,-,-,-,-,-,9,-,-,-,8,-,-,-
Sadang 5(o)-dong,Dongjak-gu,6,-,-,-,-,-,4,-,-,-,-,-,-,-,-,-,-,-,-,-,2,-,-,-,-,-,-,-
Daebang-dong,Dongjak-gu,50,245,-,-,-,-,25,70,-,-,1,155,-,-,-,-,-,-,-,-,15,-,-,-,9,20,-,-
Sindaebang 1(il)-dong,Dongjak-gu,39,117,-,-,-,-,21,58,-,-,-,-,-,-,-,-,-,-,-,-,10,-,1,59,7,-,-,-
Sindaebang 2(i)-dong,Dongjak-gu,33,813,1,786,-,-,15,27,-,-,-,-,-,-,-,-,-,-,-,-,9,-,-,-,8,-,-,-
Heukseok-dong,Dongjak-gu,40,896,1,870,-,-,21,26,-,-,-,-,-,-,-,-,-,-,-,-,12,-,-,-,6,-,-,-
Noryangjin 1(il)-dong,Dongjak-gu,32,-,-,-,-,-,15,-,-,-,-,-,-,-,-,-,-,-,-,-,10,-,-,-,7,-,-,-
Sadang 2(i)-dong,Dongjak-gu,58,26,-,-,-,-,23,26,-,-,-,-,-,-,-,-,-,-,-,-,19,-,-,-,16,-,-,-
Boramae-dong,Gwanak-gu,27,30,-,-,-,-,10,30,-,-,-,-,-,-,-,-,-,-,-,-,9,-,-,-,8,-,-,-
Cheongnim-dong,Gwanak-gu,9,-,-,-,-,-,2,-,-,-,-,-,-,-,-,-,-,-,-,-,5,-,-,-,2,-,-,-
Haengun-dong,Gwanak-gu,55,228,1,180,-,-,28,48,-,-,-,-,-,-,-,-,-,-,-,-,13,-,-,-,13,-,-,-
Nagseongdae-dong,Gwanak-gu,39,112,-,-,1,78,18,34,-,-,-,-,-,-,-,-,-,-,-,-,14,-,-,-,6,-,-,-
Jungang-dong,Gwanak-gu,57,126,-,-,1,54,28,72,-,-,-,-,-,-,-,-,-,-,-,-,19,-,-,-,9,-,-,-
Inheon-dong,Gwanak-gu,46,26,-,-,-,-,22,26,-,-,-,-,-,-,-,-,-,-,-,-,12,-,-,-,12,-,-,-
Namhyeon-dong,Gwanak-gu,27,10,-,-,-,-,12,10,-,-,-,-,-,-,-,-,-,-,-,-,8,-,-,-,7,-,-,-
Sewon-dong,Gwanak-gu,32,309,1,278,-,-,12,31,-,-,-,-,-,-,-,-,-,-,-,-,10,-,-,-,9,-,-,-
Sinwon-dong,Gwanak-gu,18,29,-,-,-,-,9,29,-,-,-,-,-,-,-,-,-,-,-,-,4,-,-,-,5,-,-,-
Serim-dong,Gwanak-gu,18,30,-,-,-,-,9,30,-,-,-,-,-,-,-,-,-,-,-,-,6,-,-,-,3,-,-,-
Sinsa-dong,Gwanak-gu,22,27,-,-,-,-,9,1,-,-,-,-,-,-,-,-,-,-,-,-,8,-,-,-,5,26,-,-
Sillim-dong,Gwanak-gu,56,134,-,-,1,107,30,27,-,-,-,-,-,-,-,-,-,-,-,-,16,-,-,-,9,-,-,-
Nanhyang-dong,Gwanak-gu,12,-,-,-,-,-,4,-,-,-,-,-,-,-,-,-,-,-,-,-,5,-,-,-,3,-,-,-
Jowon-dong,Gwanak-gu,30,191,-,-,1,79,15,112,-,-,-,-,-,-,-,-,-,-,-,-,7,-,-,-,7,-,-,-
Daehak-dong,Gwanak-gu,30,16,-,-,-,-,14,16,2,-,-,-,-,-,-,-,-,-,-,-,11,-,-,-,3,-,-,-
Euncheon-dong,Gwanak-gu,33,391,-,-,-,-,14,99,-,-,1,266,-,-,-,-,-,-,-,-,7,-,-,-,11,26,-,-
Seonghyeon-dong,Gwanak-gu,23,28,-,-,-,-,9,28,-,-,-,-,-,-,-,-,-,-,-,-,8,-,-,-,6,-,-,-
Cheongnyong-dong,Gwanak-gu,50,256,-,-,1,35,20,54,-,-,1,167,-,-,-,-,-,-,-,-,16,-,-,-,12,-,-,-
Nangok-dong,Gwanak-gu,28,53,-,-,-,-,14,53,-,-,-,-,-,-,-,-,-,-,-,-,7,-,-,-,7,-,-,-
Samseong-dong,Gwanak-gu,16,35,-,-,-,-,6,35,-,-,-,-,-,-,-,-,-,-,-,-,4,-,-,-,6,-,-,-
Miseong-dong,Gwanak-gu,31,135,-,-,1,35,17,75,-,-,-,-,-,-,-,-,-,-,-,-,6,-,-,-,7,25,-,-
Seocho 1(il)-dong,Seocho-gu,93,151,-,-,1,68,38,48,-,-,-,-,-,-,-,-,-,-,-,-,24,5,1,30,29,-,-,-
Seocho 2(i)-dong,Seocho-gu,116,11,-,-,-,-,53,11,1,-,-,-,-,-,-,-,-,-,1,-,32,-,-,-,29,-,-,-
Seocho 3(sam)-dong,Seocho-gu,95,265,-,-,1,80,37,120,-,-,1,64,-,-,-,-,-,-,1,1,29,-,-,-,26,-,-,-
Seocho 4(sa)-dong,Seocho-gu,220,105,-,-,-,-,127,95,-,-,-,-,-,-,-,-,-,-,2,5,51,5,-,-,40,-,-,-
Jamwon-dong,Seocho-gu,137,63,-,-,-,-,73,13,-,-,-,-,-,-,-,-,-,-,-,-,33,-,1,50,30,-,-,-
Banpobon-dong,Seocho-gu,23,-,-,-,-,-,12,-,-,-,-,-,-,-,-,-,-,-,-,-,7,-,-,-,4,-,-,-
Banpo 1(il)-dong,Seocho-gu,72,81,-,-,1,59,41,22,-,-,-,-,-,-,-,-,-,-,1,-,18,-,-,-,11,-,-,-
Banpo 2(i)-dong,Seocho-gu,25,-,-,-,-,-,10,-,-,-,-,-,-,-,-,-,-,-,-,-,11,-,-,-,4,-,-,-
Banpo 3(sam)-dong,Seocho-gu,11,-,-,-,-,-,7,-,-,-,-,-,-,-,-,-,-,-,-,-,1,-,-,-,3,-,-,-
Banpo 4(sa)-dong,Seocho-gu,62,1452,1,1335,-,-,23,19,-,-,1,98,-,-,-,-,-,-,-,-,20,-,-,-,17,-,-,-
Bangbaebon-dong,Seocho-gu,26,64,-,-,-,-,10,14,-,-,-,-,-,-,-,-,-,-,1,-,8,-,1,50,6,-,-,-
Bangbae 1(il)-dong,Seocho-gu,62,166,-,-,1,88,29,78,-,-,-,-,-,-,-,-,-,-,-,-,17,-,-,-,15,-,-,-
Bangbae 2(i)-dong,Seocho-gu,28,-,-,-,-,-,8,-,-,-,-,-,-,-,-,-,-,-,-,-,9,-,-,-,11,-,-,-
Bangbae 3(sam)-dong,Seocho-gu,21,271,-,-,2,271,7,-,-,-,-,-,-,-,-,-,-,-,-,-,9,-,-,-,3,-,-,-
Bangbae 4(sa)-dong,Seocho-gu,79,94,-,-,-,-,41,56,-,-,-,-,-,-,-,-,-,-,1,-,20,-,1,38,16,-,-,-
Yangjae 1(il)-dong,Seocho-gu,61,60,-,-,1,36,29,24,-,-,-,-,-,-,-,-,-,-,1,-,17,-,-,-,13,-,-,-
Yangjae 2(i)-dong,Seocho-gu,35,54,-,-,-,-,12,54,-,-,-,-,-,-,-,-,-,-,-,-,18,-,-,-,5,-,-,-
Naegok-dong,Seocho-gu,6,295,-,-,1,295,1,-,-,-,-,-,-,-,-,-,-,-,-,-,2,-,-,-,2,-,-,-
Sinsa-dong,Gangnam-gu,649,604,-,…,7,244,451,…,-,-,-,-,-,-,-,-,-,-,4,-,114,2,1,99,72,-,-,-
Nonhyeon 1(il)-dong,Gangnam-gu,195,446,-,…,4,201,129,…,-,-,-,-,-,-,-,-,-,-,2,19,34,4,-,-,26,17,-,-
Nonhyeon 2(i)-dong,Gangnam-gu,162,446,-,…,5,300,91,…,-,-,-,-,-,-,-,-,-,-,1,-,42,-,-,-,23,10,-,-
Samseong 1(il)-dong,Gangnam-gu,84,210,-,…,2,81,41,…,-,-,-,-,-,-,-,-,-,-,2,2,28,-,2,97,9,-,-,-
Samseong 2(i)-dong,Gangnam-gu,75,44,-,…,-,-,38,…,-,-,-,-,-,-,-,-,-,-,1,-,22,-,-,-,14,-,-,-
Daechi 1(il)-dong,Gangnam-gu,87,49,-,…,1,30,38,…,-,-,-,-,-,-,-,-,-,-,1,-,26,-,-,-,21,-,-,-
Daechi 4(sa)-dong,Gangnam-gu,99,213,1,…,1,50,46,…,-,-,-,-,-,-,-,-,-,-,-,-,28,-,1,45,22,-,-,-
Yeoksam 1(il)-dong,Gangnam-gu,356,586,1,…,3,138,203,…,-,-,-,-,-,-,-,-,-,-,4,-,96,9,-,-,49,-,-,-
Yeoksam 2(i)-dong,Gangnam-gu,82,173,-,…,2,121,39,…,-,-,-,-,-,-,-,-,-,-,-,-,27,-,-,-,14,-,-,-
Dogok 1(il)-dong,Gangnam-gu,87,1329,1,…,4,294,45,…,-,-,-,-,-,-,-,-,-,-,-,-,17,-,2,120,18,-,-,-
Dogok 2(i)-dong,Gangnam-gu,37,25,-,…,-,-,15,…,-,-,-,-,-,-,-,-,-,-,-,-,16,-,-,-,6,-,-,-
Gaepo 1(il)-dong,Gangnam-gu,4,-,-,…,-,-,2,…,-,-,-,-,-,-,-,-,-,-,-,-,1,-,-,-,1,-,-,-
Gaepo 4(sa)-dong,Gangnam-gu,37,165,-,…,-,-,17,…,-,-,-,-,1,131,-,-,-,-,-,-,10,-,-,-,9,-,-,-
Irwonbon-dong,Gangnam-gu,16,1983,1,…,-,-,3,…,-,-,-,-,-,-,-,-,-,-,-,-,7,-,-,-,5,-,-,-
Irwon 1(il)-dong,Gangnam-gu,30,13,-,…,-,-,14,…,-,-,-,-,-,-,-,-,-,-,-,-,8,-,-,-,8,-,-,-
Irwon 2(i)-dong,Gangnam-gu,21,-,-,…,-,-,10,…,-,-,-,-,-,-,-,-,-,-,-,-,7,-,-,-,4,-,-,-
Suseo-dong,Gangnam-gu,26,114,-,…,-,-,16,…,-,-,1,113,-,-,-,-,-,-,-,-,6,-,-,-,3,-,-,-
Segok-dong,Gangnam-gu,7,-,-,…,-,-,4,…,-,-,-,-,-,-,-,-,-,-,-,-,2,-,-,-,1,-,-,-
Apgujeong -dong,Gangnam-gu,14,-,-,…,-,-,5,…,-,-,-,-,-,-,-,-,-,-,-,-,5,-,-,-,4,-,-,-
Cheongdam -dong,Gangnam-gu,225,551,-,…,4,415,151,…,-,-,-,-,-,-,-,-,-,-,2,-,40,4,1,30,27,-,-,-
Daechi 2(i)-dong,Gangnam-gu,84,201,-,…,1,50,30,…,-,-,-,-,-,-,-,-,-,-,2,-,28,-,1,70,22,-,-,-
Gaepo 2(i)-dong,Gangnam-gu,30,5,-,…,-,-,11,…,-,-,-,-,-,-,-,-,-,-,-,-,9,-,-,-,10,2,-,-
Pungnap 1(il)-dong,Songpa-gu,20,64,-,-,1,64,5,-,-,-,-,-,-,-,-,-,-,-,-,-,8,-,-,-,6,-,-,-
Pungnap 2(i)-dong,Songpa-gu,27,2739,1,2700,-,-,12,39,-,-,-,-,-,-,-,-,-,-,-,-,6,-,-,-,8,-,-,-
Geoyeo 1(il)-dong,Songpa-gu,21,115,-,-,-,-,5,5,-,-,1,110,-,-,-,-,-,-,-,-,8,-,-,-,7,-,-,-
Geoyeo 2(i)-dong,Songpa-gu,37,28,-,-,-,-,26,28,-,-,-,-,-,-,-,-,-,-,-,-,6,-,-,-,5,-,-,-
Macheon 1(il)-dong,Songpa-gu,28,27,-,-,-,-,13,27,-,-,-,-,-,-,-,-,-,-,-,-,5,-,-,-,10,-,-,-
Macheon 2(i)-dong,Songpa-gu,26,250,-,-,1,104,14,41,-,-,1,105,-,-,-,-,-,-,-,-,5,-,-,-,5,-,-,-
Bangi 1(il)-dong,Songpa-gu,61,21,-,-,-,-,18,21,2,-,-,-,-,-,-,-,-,-,-,-,21,-,-,-,20,-,-,-
Bangi 2(i)-dong,Songpa-gu,46,298,-,-,2,138,25,63,-,-,1,97,-,-,-,-,-,-,-,-,13,-,-,-,4,-,1,-
Oryun-dong,Songpa-gu,3,-,-,-,-,-,-,-,-,-,-,-,-,-,-,-,-,-,-,-,3,-,-,-,-,-,-,-
Ogeum-dong,Songpa-gu,37,358,-,-,-,-,9,-,-,-,1,106,1,218,-,-,-,-,-,-,15,-,1,30,10,4,-,-
Songpa 1(il)-dong,Songpa-gu,50,378,-,-,1,114,22,129,-,-,1,135,-,-,-,-,-,-,-,-,13,-,-,-,13,-,-,-
Songpa 2(i)-dong,Songpa-gu,26,58,-,-,-,-,14,58,-,-,-,-,-,-,-,-,-,-,-,-,9,-,-,-,3,-,-,-
Seokchon-dong,Songpa-gu,66,316,-,-,2,237,29,79,-,-,-,-,-,-,-,-,-,-,-,-,18,-,-,-,17,-,-,-
Samjeon-dong,Songpa-gu,45,82,-,-,1,60,21,22,-,-,-,-,-,-,-,-,-,-,-,-,13,-,-,-,10,-,-,-
Garakbon-dong,Songpa-gu,72,1206,1,500,4,389,21,33,-,-,1,284,-,-,-,-,-,-,-,-,25,-,-,-,20,-,-,-
Garak 1(il)-dong,Songpa-gu,5,-,-,-,-,-,1,-,-,-,-,-,-,-,-,-,-,-,-,-,2,-,-,-,2,-,-,-
Garak 2(i)-dong,Songpa-gu,42,48,-,-,-,-,23,20,1,28,-,-,-,-,-,-,-,-,-,-,16,-,-,-,2,-,-,-
Munjeong 1(il)-dong,Songpa-gu,45,97,-,-,-,-,18,97,-,-,-,-,-,-,-,-,-,-,-,-,13,-,-,-,14,-,-,-
Munjeong 2(i)-dong,Songpa-gu,28,11,-,-,-,-,16,11,-,-,-,-,-,-,-,-,-,-,1,-,6,-,-,-,5,-,-,-
Jangji-dong,Songpa-gu,22,6,-,-,-,-,12,6,-,-,-,-,-,-,-,-,-,-,-,-,5,-,-,-,5,-,-,-
Jamsilbon-dong,Songpa-gu,130,135,-,-,1,46,61,89,-,-,-,-,-,-,-,-,-,-,-,-,40,-,-,-,28,-,-,-
Jamsil 4(sa)-dong,Songpa-gu,49,-,-,-,-,-,18,-,-,-,-,-,-,-,-,-,-,-,-,-,19,-,-,-,12,-,-,-
Jamsil 6(yuk)-dong,Songpa-gu,26,3,-,-,-,-,15,3,-,-,-,-,-,-,-,-,-,-,1,-,8,-,-,-,2,-,-,-
Jamsil 7(chil)-dong,Songpa-gu,6,-,-,-,-,-,2,-,-,-,-,-,-,-,-,-,-,-,-,-,4,-,-,-,-,-,-,-
Jamsil 2(i)-dong,Songpa-gu,35,16,-,-,-,-,18,16,-,-,-,-,-,-,-,-,-,-,-,-,8,-,-,-,9,-,-,-
Jamsil 3(sam)-dong,Songpa-gu,29,17,-,-,-,-,18,17,-,-,-,-,-,-,-,-,-,-,1,-,7,-,-,-,3,-,-,-
Gangil-dong,Gangdong-gu,18,24,-,-,-,-,10,24,-,-,-,-,-,-,-,-,-,-,-,-,6,-,-,-,2,-,-,-
Sangil-dong,Gangdong-gu,19,761,1,637,-,-,7,22,1,-,-,-,-,-,-,-,-,-,1,10,5,-,1,92,3,-,-,-
Myeongil 1(il)-dong,Gangdong-gu,76,224,-,-,2,165,33,59,-,-,-,-,-,-,-,-,-,-,-,-,21,-,-,-,20,-,-,-
Myeongil 2(i)-dong,Gangdong-gu,40,28,-,-,-,-,22,28,-,-,-,-,-,-,-,-,-,-,-,-,14,-,-,-,4,-,-,-
Godeok 1(il)-dong,Gangdong-gu,4,-,-,-,-,-,1,-,-,-,-,-,-,-,-,-,-,-,-,-,2,-,-,-,1,-,-,-
Godeok 2(i)-dong,Gangdong-gu,16,4,-,-,-,-,11,4,-,-,-,-,-,-,-,-,-,-,-,-,3,-,-,-,2,-,-,-
Amsa 2(i)-dong,Gangdong-gu,32,3,-,-,-,-,19,3,-,-,-,-,-,-,-,-,-,-,-,-,8,-,-,-,5,-,-,-
Amsa 3(sam)-dong,Gangdong-gu,14,1,-,-,-,-,6,1,-,-,-,-,-,-,-,-,-,-,-,-,4,-,-,-,4,-,-,-
Cheonho 1(il)-dong,Gangdong-gu,29,51,-,-,-,-,13,51,-,-,-,-,-,-,-,-,-,-,-,-,6,-,-,-,10,-,-,-
Cheonho 3(sam)-dong,Gangdong-gu,41,132,-,-,1,74,16,58,-,-,-,-,-,-,-,-,-,-,-,-,10,-,-,-,14,-,-,-
Seongnae 1(il)-dong,Gangdong-gu,26,221,-,-,1,119,8,55,-,-,-,-,-,-,-,-,-,-,-,-,12,-,1,47,4,-,-,-
Seongnae 2(i)-dong,Gangdong-gu,58,195,-,-,3,149,27,46,-,-,-,-,-,-,-,-,-,-,-,-,16,-,-,-,12,-,-,-
Seongnae 3(sam)-dong,Gangdong-gu,85,155,-,-,-,-,39,155,-,-,-,-,-,-,-,-,-,-,-,-,22,-,-,-,24,-,-,-
Dunchon 1(il)-dong,Gangdong-gu,4,-,-,-,-,-,1,-,-,-,-,-,-,-,-,-,-,-,-,-,2,-,-,-,1,-,-,-
Dunchon 2(i)-dong,Gangdong-gu,25,1010,1,961,-,-,7,49,-,-,-,-,-,-,-,-,-,-,-,-,10,-,-,-,7,-,-,-
Amsa 1(il)-dong,Gangdong-gu,35,221,-,-,-,-,12,58,-,-,1,163,-,-,-,-,-,-,-,-,10,-,-,-,12,-,-,-
Cheonho 2(i)-dong,Gangdong-gu,102,1016,-,-,2,214,59,190,-,-,2,362,1,250,-,-,-,-,1,-,23,-,-,-,14,-,-,-
Gil-dong,Gangdong-gu,98,1653,1,547,3,209,43,178,-,-,3,663,-,-,-,-,-,-,-,-,26,-,1,37,21,19,-,-
