Dong,화재_화재현황_Autonomous Gu_Autonomous Gu,화재_화재현황_No. of fire Incidents_Total,화재_화재현황_No. of fire Incidents_Accident,화재_화재현황_No. of fire Incidents_Arson,화재_화재현황_No. of fire Incidents_Others,화재_화재현황_Burnt_No. of  buildings,화재_화재현황_Burnt_No. of house-holds,화재_화재현황_Burnt_Area Burnt,화재_화재현황_Value of damages_Total,화재_화재현황_Value of damages_Immovable property,화재_화재현황_Value of damages_Movable property,화재_화재현황_Reduction amount of property damaged_Reduction amount of property damaged,화재_화재현황_Casualties_Total,화재_화재현황_Casualties_Death,화재_화재현황_Casualties_Injury,화재_화재현황_No. of victims_No. of victims,화재_화재현황_No. of therescued_No. of therescued
Sajik-dong,Jongno-gu,16.0,14.0,-,2,-,-,17,20952,3114,17838,62809,-,-,-,-,-
Samcheong-dong,Jongno-gu,7.0,7.0,-,-,1,-,-,3275,1012,2263,213265,-,-,-,-,-
Buam-dong,Jongno-gu,6.0,6.0,-,-,-,-,-,3962,785,3177,1420,1,-,1,-,3
Pyeongchang-dong,Jongno-gu,12.0,11.0,-,1,-,-,53,40149,34255,5894,529092,-,-,-,-,-
Muak-dong,Jongno-gu,4.0,4.0,-,-,-,-,-,945,-,945,3465,-,-,-,-,-
Gyonam-dong,Jongno-gu,10.0,8.0,2,-,1,-,-,933,22,911,180,-,-,-,-,-
Gahoe-dong,Jongno-gu,5.0,5.0,-,-,-,-,22,11953,5326,6627,52638,-,-,-,-,-
Jongno 1·2·3·4(ilisamsa)-ga-dong,Jongno-gu,78.0,68.0,6,4,4,-,1326,567314,247934,319380,10441021,-,-,-,-,-
Jongno 5·6(oryuk)-ga-dong,Jongno-gu,19.0,19.0,-,-,1,-,5,4696,307,4389,1294415,-,-,-,-,-
Ihwa-dong,Jongno-gu,18.0,15.0,2,1,-,-,-,10160,2478,7682,76454,-,-,-,-,-
Changsin 1(il)-dong,Jongno-gu,12.0,8.0,1,3,1,-,120,93803,14093,79710,241919,-,-,-,-,-
Changsin 2(i)-dong,Jongno-gu,11.0,8.0,-,3,-,-,130,203175,15122,188053,520953,-,-,-,-,-
Changsin 3(sam)-dong,Jongno-gu,2.0,2.0,-,-,-,-,-,95,-,95,45,-,-,-,-,-
Sungin 1(il)-dong,Jongno-gu,7.0,3.0,-,4,-,-,22,15010,5255,9755,5491196,-,-,-,-,-
Sungin 2(i)-dong,Jongno-gu,15.0,14.0,-,1,-,-,55,20209,10502,9707,852186,2,1,1,-,-
Cheongunhyoja-dong,Jongno-gu,11.0,8.0,3,-,-,-,297,146065,29095,116970,268987,-,-,-,-,-
Hyehwa-dong,Jongno-gu,21.0,16.0,2,3,-,-,44,23063,12041,11022,312726,-,-,-,-,-
Sogong-dong,Jung-gu,10.0,8.0,1,1,3,-,35,96395,74364,22031,-,-,-,-,-,-
Hoehyeon-dong,Jung-gu,14.0,11.0,1,2,1,-,46,29233,12158,17075,-,2,2,-,-,-
Myeong-dong,Jung-gu,24.0,16.0,3,5,1,-,43,125028,24558,100470,-,-,-,-,-,-
Pil-dong,Jung-gu,18.0,15.0,-,3,2,-,38,628931,9974,618957,73135,-,-,-,-,-
Jangchung-dong,Jung-gu,4.0,3.0,1,-,-,-,-,14581,-,14581,-,1,1,-,-,-
Gwanghui-dong ,Jung-gu,18.0,16.0,-,2,1,-,45,42441,6139,36302,98530,-,-,-,-,-
Euljiro-dong,Jung-gu,26.0,19.0,1,6,9,-,636,324350,78667,245683,-,1,-,1,-,-
Sindang 5(o)-dong,Jung-gu,10.0,9.0,-,1,1,-,10,6007,1531,4476,-,-,-,-,-,-
Hwanghak-dong,Jung-gu,12.0,10.0,1,1,3,-,108,67367,18101,49266,141215,3,-,3,-,6
Jungnim-dong,Jung-gu,5.0,4.0,1,-,-,-,10,8258,2745,5513,-,2,2,-,-,-
Sindang-dong,Jung-gu,16.0,15.0,-,1,5,-,533,206859,64858,142001,-,2,-,2,-,-
Dasan-dong,Jung-gu,8.0,7.0,-,1,-,3,102,129191,25321,103870,-,-,-,-,7,-
Yaksu-dong,Jung-gu,11.0,9.0,-,2,-,-,20,27466,16731,10735,-,1,-,1,-,5
Cheonggu-dong,Jung-gu,6.0,2.0,1,3,-,-,-,4611,79,4532,-,-,-,-,-,-
Donghwa-dong,Jung-gu,8.0,8.0,-,-,-,-,30,111489,21338,90151,-,-,-,-,-,-
Huam-dong,Yongsan-gu,8.0,6.0,1,1,3,-,45,18299,12210,6089,130453,-,-,-,-,-
Yongsan 2-ga-dong,Yongsan-gu,10.0,10.0,-,-,1,-,40,26784,17000,9784,3739735,1,-,1,-,9
Namyeong-dong,Yongsan-gu,12.0,9.0,2,1,2,-,29,17542,7518,10024,347241,1,-,1,-,1
Wonhyoro 2(i)-dong,Yongsan-gu,2.0,2.0,-,-,-,-,-,85,15,70,35,-,-,-,-,-
Hyochang-dong,Yongsan-gu,6.0,5.0,-,1,-,-,-,949,-,949,128363,-,-,-,-,-
Yongmun-dong,Yongsan-gu,5.0,4.0,-,1,-,-,10,4243,1595,2648,193804,-,-,-,-,-
Ichon 1(il)-dong,Yongsan-gu,5.0,5.0,-,-,-,-,40,95840,15593,80247,1327377,1,1,-,-,-
Ichon 2(i)-dong,Yongsan-gu,11.0,11.0,-,-,3,-,70,49498,11810,37688,20512465,-,-,-,-,-
Itaewon 1(il)-dong,Yongsan-gu,13.0,8.0,1,4,-,-,267,255444,38912,216532,1526831,-,-,-,-,-
Itaewon 2(i)-dong,Yongsan-gu,3.0,3.0,-,-,-,-,-,773,-,773,148,-,-,-,-,-
Seobinggo-dong,Yongsan-gu,12.0,9.0,2,1,-,-,5,19761,1599,18162,25604,1,-,1,-,1
Bogwang-dong,Yongsan-gu,15.0,11.0,2,2,1,-,48,29607,13558,16049,90395,-,-,-,-,-
Cheongpa-dong,Yongsan-gu,13.0,10.0,1,2,-,-,-,3286,238,3048,273800,-,-,-,-,-
Wonhyoro 1(il)-dong,Yongsan-gu,10.0,10.0,-,-,-,-,-,2157,418,1739,104218140,-,-,-,-,-
Hangangno-dong,Yongsan-gu,15.0,11.0,2,2,-,-,3,3585,2067,1518,890,-,-,-,-,-
Hannam-dong,Yongsan-gu,30.0,22.0,1,7,2,-,44,88162,9179,78983,3293946,-,-,-,-,-
Wangsimni 2(i)-dong,Seongdong-gu,7.0,6.0,1,-,-,-,13,72454,10197,62257,2321,-,-,-,-,-
Majang-dong,Seongdong-gu,24.0,24.0,-,-,4,1,160,107126,34735,72391,1507465,-,-,-,3,2
Sageun-dong,Seongdong-gu,9.0,8.0,1,-,-,-,1,2228,131,2097,-,-,-,-,-,-
Haengdang 1(il)-dong,Seongdong-gu,14.0,11.0,-,3,1,-,806,227454,210523,16931,814344876,4,-,4,-,2
Haengdang 2(i)-dong,Seongdong-gu,5.0,5.0,-,-,-,-,-,601,78,523,566967,-,-,-,-,-
Eungbong-dong,Seongdong-gu,2.0,2.0,-,-,-,-,2,1290,529,761,-,-,-,-,-,-
Geumho 1(il)-ga-dong,Seongdong-gu,5.0,4.0,1,-,-,-,7,589,411,178,32191,-,-,-,-,-
Geumho 4(sa)-ga-dong,Seongdong-gu,2.0,1.0,-,1,-,-,-,11752,-,11752,9378,-,-,-,-,-
Seongsu 1(il)-ga1(il)-dong,Seongdong-gu,9.0,9.0,-,-,2,-,44,50559,11025,39534,813702,-,-,-,-,-
Seongsu 1(il)-ga2(i)-dong,Seongdong-gu,13.0,10.0,1,2,1,-,77,219273,14770,204503,351621,2,-,2,-,-
Seongsu 2(i)-ga1(il)-dong,Seongdong-gu,11.0,11.0,-,-,1,-,1,2325,692,1633,331666,-,-,-,-,-
Seongsu 2(i)-ga 3(sam)-dong,Seongdong-gu,29.0,25.0,1,3,6,-,988,926453,88491,837962,1324846,1,-,1,-,-
Songjeong-dong,Seongdong-gu,12.0,10.0,-,2,-,-,75,91398,7426,83972,59136,1,-,1,-,-
Yongdap-dong,Seongdong-gu,13.0,12.0,1,-,-,-,38,31150,12560,18590,1255949,-,-,-,-,-
WangsimniDoseon-dong,Seongdong-gu,13.0,12.0,1,-,3,-,9,8793,1969,6824,372493,-,-,-,-,-
Geumho 2.3(i.sam)-ga-dong,Seongdong-gu,8.0,8.0,-,-,2,-,56,58327,12898,45429,1486647,-,-,-,-,-
Oksu-dong,Seongdong-gu,9.0,7.0,1,1,1,-,50,93404,14063,79341,441045,-,-,-,-,-
Hwayang-dong,Gwangjin-gu,37.0,35.0,-,2,4,-,107,229201,160775,68426,3836714,6,-,6,-,8
Gunja-dong,Gwangjin-gu,12.0,9.0,-,3,2,-,13,16859,8534,8325,1020746,1,-,1,-,-
Junggok 1(il)-dong,Gwangjin-gu,12.0,11.0,-,1,1,-,10,11613,6904,4709,143990,-,-,-,-,-
Junggok 2(i)-dong,Gwangjin-gu,12.0,12.0,-,-,-,-,3,1105,581,524,257665,-,-,-,-,-
Junggok 3(sam)-dong,Gwangjin-gu,9.0,7.0,1,1,-,-,25,19971,13526,6445,231845,2,-,2,-,-
Junggok 4(sa)-dong,Gwangjin-gu,10.0,9.0,1,-,1,-,-,2432,158,2274,20,-,-,-,-,-
Neung-dong,Gwangjin-gu,6.0,6.0,-,-,-,-,10,4051,2486,1565,271799,-,-,-,-,-
Guui 1(il)-dong,Gwangjin-gu,18.0,16.0,1,1,1,-,15,46283,20882,25401,721403,1,-,1,-,-
Guui 2(i)-dong,Gwangjin-gu,7.0,5.0,2,-,1,-,34,32511,10529,21982,515529,-,-,-,-,-
Guui 3(sam)-dong,Gwangjin-gu,11.0,10.0,-,1,1,-,275,95093,75585,19508,14953182,-,-,-,-,-
Gwangjang-dong,Gwangjin-gu,14.0,12.0,-,2,-,-,18,16476,5210,11266,401243,-,-,-,-,-
Jayang 1(il)-dong,Gwangjin-gu,16.0,14.0,2,-,3,1,14,14179,4722,9457,137176,-,-,-,1,2
Jayang 2(i)-dong,Gwangjin-gu,14.0,14.0,-,-,1,-,6,9410,6175,3235,172804,-,-,-,-,-
Jayang 3(sam)-dong,Gwangjin-gu,9.0,9.0,-,-,-,-,-,2872,595,2277,1095894,-,-,-,-,-
Jayang 4(sa)-dong,Gwangjin-gu,27.0,27.0,-,-,-,-,49,34908,13290,21618,830823,1,-,1,-,-
Hoegi-dong,Dongdaemun-gu,10.0,8.0,-,2,3,-,35,17897,8304,9593,1534191,-,-,-,-,-
Hwigyeong 1(il)-dong,Dongdaemun-gu,7.0,6.0,1,-,2,-,81,10450,7182,3268,82661,-,-,-,-,-
Hwigyeong 2(i)-dong,Dongdaemun-gu,9.0,8.0,-,1,-,-,9,4105,1150,2955,533044,-,-,-,-,-
Cheongnyangni-dong,Dongdaemun-gu,12.0,8.0,-,4,4,-,137,129337,107239,22098,3264888,-,-,-,-,-
Yongsin-dong,Dongdaemun-gu,30.0,28.0,-,2,5,-,33,20823,9250,11573,705366,1,-,1,-,-
Jegi-dong,Dongdaemun-gu,29.0,24.0,-,5,6,-,72,44508,18222,26286,446702,3,-,3,-,1
Jeonnong 1(il)-dong,Dongdaemun-gu,20.0,18.0,-,2,3,-,15,8498,3368,5130,44802,-,-,-,-,-
Jeonnong 2(i)-dong,Dongdaemun-gu,12.0,12.0,-,-,2,-,47,11028,2198,8830,337832,-,-,-,-,-
Dapsimni 1(il)-dong,Dongdaemun-gu,9.0,8.0,-,1,-,-,2,10280,682,9598,16497,-,-,-,-,-
Dapsimni 2(i)-dong,Dongdaemun-gu,6.0,4.0,-,2,2,-,23,31957,10243,21714,130768,-,-,-,-,-
Jangan 1(il)-dong,Dongdaemun-gu,19.0,16.0,-,3,1,-,27,72654,10354,62300,405026,-,-,-,-,-
Jangan 2(i)-dong,Dongdaemun-gu,28.0,25.0,2,1,2,-,32,21875,8519,13356,534184,-,-,-,-,-
Imun 1(il)-dong,Dongdaemun-gu,7.0,6.0,1,-,1,-,8,3217,1922,1295,113566,-,-,-,-,1
Imun 2(i)-dong,Dongdaemun-gu,8.0,8.0,-,-,1,-,3,1701,754,947,30838,-,-,-,-,-
Myeonmok 2(i)-dong,Jungnang-gu,11.0,10.0,1,-,4,-,11,88799,15874,72925,1042280,4,1,3,-,11
Myeonmok 4(sa)-dong,Jungnang-gu,4.0,2.0,1,1,6,-,71,31605,15140,16465,100102,-,-,-,-,-
Myeonmok 5(o)-dong,Jungnang-gu,2.0,2.0,-,-,1,-,-,619,36,583,581900,-,-,-,-,-
Myeonmok 7(chil)-dong,Jungnang-gu,6.0,5.0,-,1,4,-,8,8199,1991,6208,463204,-,-,-,-,-
Sangbong 1(il)-dong,Jungnang-gu,7.0,7.0,-,-,2,-,10,7832,4627,3205,802856,-,-,-,-,-
Sangbong 2(i)-dong,Jungnang-gu,16.0,12.0,1,3,9,-,305,103513,50682,52831,1006678,-,-,-,-,-
Junghwa 1(il)-dong,Jungnang-gu,6.0,5.0,1,-,3,-,11,3436,1621,1815,352248,-,-,-,-,-
Junghwa 2(i)-dong,Jungnang-gu,17.0,6.0,8,3,5,-,25,40984,7868,33116,397174,-,-,-,-,-
Muk 1(il)-dong,Jungnang-gu,8.0,5.0,-,3,5,-,8,8765,4363,4402,2298226,4,1,3,-,-
Muk 2(i)-dong,Jungnang-gu,9.0,8.0,-,1,4,-,2,3231,945,2286,46591,-,-,-,-,-
Mangu 3(sam)-dong,Jungnang-gu,9.0,7.0,1,1,4,1,64,64719,14103,50616,2052063,2,1,1,4,1
Sinnae 1(il)-dong,Jungnang-gu,12.0,11.0,1,-,5,-,86,13926,3747,10179,2983729,-,-,-,-,-
Sinnae 2(i)-dong,Jungnang-gu,4.0,4.0,-,-,-,-,-,1797,247,1550,4408615,-,-,-,-,-
Myeonmokbon-dong,Jungnang-gu,14.0,11.0,1,2,10,-,221,60393,32116,28277,1160500,1,-,1,-,2
Myeonmok 3.8(sam.pal)-dong,Jungnang-gu,20.0,16.0,2,2,9,-,57,51772,20406,31366,505149,-,-,-,-,-
Mangubon-dong,Jungnang-gu,13.0,11.0,1,1,5,-,23,33933,14874,19059,766402,-,-,-,-,-
Donam 1(il)-dong,Seongbuk-gu,4.0,4.0,-,-,-,-,1,857,535,322,165423,-,-,-,-,-
Donam 2(i)-dong,Seongbuk-gu,7.0,7.0,-,-,-,-,-,694,125,569,-,-,-,-,-,-
Anam-dong,Seongbuk-gu,12.0,10.0,1,1,-,-,89,36737,15812,20925,553386,-,-,-,-,-
Bomun-dong,Seongbuk-gu,9.0,8.0,-,1,-,-,56,51174,26438,24736,2072058,-,-,-,-,-
Jeongneung 1(il)-dong,Seongbuk-gu,5.0,5.0,-,-,-,-,4,2589,898,1691,114229,-,-,-,-,-
Jeongneung 2(i)-dong,Seongbuk-gu,7.0,6.0,-,1,-,-,21,39778,5816,33962,34063,-,-,-,-,-
Jeongneung 3(sam)-dong,Seongbuk-gu,4.0,3.0,-,1,-,-,83,29923,12078,17845,473836,1,-,1,-,-
Jeongneung 4(sa)-dong,Seongbuk-gu,12.0,10.0,-,2,-,-,67,45631,25971,19660,761293,-,-,-,-,-
Gireum 1(il)-dong,Seongbuk-gu,7.0,6.0,-,1,-,-,14,6726,4087,2639,2299417,-,-,-,-,-
Gireum 2(i)-dong,Seongbuk-gu,13.0,11.0,1,1,-,-,28,16683,7519,9164,618713,-,-,-,-,-
Wolgok 1(il)-dong,Seongbuk-gu,10.0,8.0,1,1,-,-,81,59976,9931,50045,118117,-,-,-,-,-
Wolgok 2(i)-dong,Seongbuk-gu,11.0,11.0,-,-,-,-,-,10976,3744,7232,130669,-,-,-,-,-
Jangwi 1(il)-dong,Seongbuk-gu,13.0,13.0,-,-,1,-,20,8342,3651,4691,331944,-,-,-,-,1
Jangwi 2(i)-dong,Seongbuk-gu,9.0,8.0,-,1,-,-,38,30310,12089,18221,212950,-,-,-,-,-
Jangwi 3(sam)-dong,Seongbuk-gu,12.0,11.0,1,-,-,-,66,33601,15073,18528,206334,1,-,1,-,-
Seongbuk-dong,Seongbuk-gu,10.0,10.0,-,-,-,-,5,3605,1601,2004,207331,-,-,-,-,-
Samseon-dong,Seongbuk-gu,10.0,10.0,-,-,-,-,18,14035,5916,8119,302168,-,-,-,-,-
Dongseon-dong,Seongbuk-gu,17.0,16.0,-,1,-,-,31,17321,11206,6115,8889,-,-,-,-,-
Jongam-dong,Seongbuk-gu,19.0,18.0,-,1,-,-,81,55336,25195,30141,3240121,1,-,1,-,17
Seokgwan-dong,Seongbuk-gu,13.0,13.0,-,-,-,-,7,3216,1439,1777,203226,-,-,-,-,1
Beon 1(il)-dong,Gangbuk-gu,25.0,24.0,1,-,13,-,33,29154,12816,16338,4119545,1,-,1,-,-
Beon 2(i)-dong,Gangbuk-gu,12.0,10.0,2,-,3,-,-,16437,244,16193,362062,-,-,-,-,-
Beon 3(sam)-dong,Gangbuk-gu,7.0,7.0,-,-,3,-,-,1327,283,1044,947527,-,-,-,-,-
Suyu 1(il)-dong,Gangbuk-gu,18.0,18.0,-,-,9,-,-,2308,1040,1268,2147271,-,-,-,-,-
Suyu 2(i)-dong,Gangbuk-gu,14.0,13.0,-,1,5,-,10,5153,1183,3970,941534,1,-,1,-,-
Suyu 3(sam)-dong,Gangbuk-gu,26.0,24.0,2,-,14,-,32,25860,8881,16979,2104040,-,-,-,-,1
Samyang-dong,Gangbuk-gu,19.0,18.0,1,-,8,-,16,6359,2204,4155,910108,-,-,-,-,-
Mia-dong,Gangbuk-gu,18.0,16.0,-,2,8,-,12,10484,4866,5618,599852,-,-,-,-,-
Songjung-dong,Gangbuk-gu,25.0,22.0,1,2,6,-,106,47653,23743,23910,1225861,-,-,-,-,11
Songcheon-dong,Gangbuk-gu,27.0,23.0,1,3,17,5,258,167742,74777,92965,1171462,2,1,1,15,-
Samgaksan-dong,Gangbuk-gu,9.0,9.0,-,-,4,-,-,2516,1036,1480,1043248,-,-,-,-,-
Ui-dong,Gangbuk-gu,14.0,12.0,1,1,2,-,792,44846,24170,20676,924896,-,-,-,-,-
Insu-dong,Gangbuk-gu,15.0,15.0,-,-,7,-,1188,259037,230217,28820,5368191,-,-,-,-,-
Ssangmun 1(il)-dong,Dobong-gu,13.0,12.0,1,-,-,-,-,2173,309,1864,244410,-,-,-,-,-
Ssangmun 2(i)-dong,Dobong-gu,19.0,16.0,2,1,-,-,15,6504,2724,3780,64191,1,1,-,-,-
Ssangmun 3(sam)-dong,Dobong-gu,9.0,6.0,2,1,-,-,-,4759,4378,381,97079,-,-,-,-,2
Ssangmun 4(sa)-dong,Dobong-gu,4.0,4.0,-,-,-,-,-,1121,728,393,312400,-,-,-,-,-
Banghak 1(il)-dong,Dobong-gu,18.0,17.0,-,1,-,-,-,21747,6139,15608,486377,-,-,-,-,-
Banghak 2(i)-dong,Dobong-gu,21.0,18.0,1,2,1,-,11,55192,4580,50612,-,-,-,-,-,-
Banghak 3(sam)-dong,Dobong-gu,18.0,16.0,2,-,-,-,33,7996,4533,3463,2679,-,-,-,-,-
Chang 1(il)-dong,Dobong-gu,14.0,13.0,-,1,-,-,6,2237,326,1911,-,-,-,-,-,-
Chang 2(i)-dong,Dobong-gu,15.0,14.0,-,1,-,-,42,27649,10629,17020,274353,-,-,-,-,-
Chang 3(sam)-dong,Dobong-gu,15.0,12.0,2,1,-,-,-,682,-,682,6,-,-,-,-,-
Chang 4(sa)-dong,Dobong-gu,13.0,13.0,-,-,-,-,2,3598,1556,2042,2291,-,-,-,-,-
Chang 5(o)-dong,Dobong-gu,13.0,9.0,-,4,-,-,30,49612,9879,39733,587133,-,-,-,-,-
Dobong 1(il)-dong,Dobong-gu,25.0,21.0,-,4,-,-,314,31274,16138,15136,89037,1,-,1,-,-
Dobong 2(i)-dong,Dobong-gu,21.0,19.0,1,1,-,-,45,32470,22829,9641,122747,-,-,-,-,-
Wolgye 1(il)-dong,Nowon-gu,14.0,12.0,1,1,3,-,1515,17257,12047,5210,1207781,-,-,-,-,-
Wolgye 2(i)-dong,Nowon-gu,9.0,7.0,2,-,-,-,15,20201,-,20201,8250,-,-,-,-,-
Wolgye 3(sam)-dong,Nowon-gu,10.0,10.0,-,-,1,1,3,4693,2965,1728,1134736,-,-,-,2,-
Gongneung 2(i)-dong,Nowon-gu,13.0,13.0,-,-,2,-,12,15765,9045,6720,1279341,-,-,-,-,-
Hagye 1(il)-dong,Nowon-gu,14.0,14.0,-,-,1,-,3,2735,685,2050,402811,-,-,-,-,-
Hagye 2(i)-dong,Nowon-gu,9.0,8.0,1,-,4,2,70,38389,20935,17454,3217328,-,-,-,4,-
Junggyebon-dong,Nowon-gu,18.0,16.0,-,2,4,-,100,63926,42039,21887,168380,-,-,-,-,-
Junggye 1(il)-dong,Nowon-gu,8.0,7.0,1,-,4,-,5,8172,7250,922,673639,-,-,-,-,-
Junggye 4(sa)-dong,Nowon-gu,10.0,10.0,-,-,2,-,-,2289,1744,545,458834,2,-,2,1,1
Sanggye 1(il)-dong,Nowon-gu,24.0,23.0,1,-,5,-,35,43445,27576,15869,2047184,-,-,-,-,-
Sanggye 2(i)-dong,Nowon-gu,17.0,15.0,2,-,3,-,8,13142,9885,3257,1299402,-,-,-,-,-
Sanggye 5(o)-dong,Nowon-gu,15.0,12.0,2,1,-,-,10,5319,291,5028,2402,-,-,-,-,-
Sanggye 8(pal)-dong,Nowon-gu,8.0,7.0,1,-,1,-,-,788,202,586,394276,-,-,-,-,-
Sanggye 9(gu)-dong,Nowon-gu,1.0,1.0,-,-,-,-,-,-,-,-,-,-,-,-,-,-
Sanggye 10(sip)-dong,Nowon-gu,7.0,7.0,-,-,1,-,-,2885,486,2399,419714,1,-,1,-,-
Sanggye 3.4(sam.sa)-dong,Nowon-gu,30.0,25.0,2,3,5,3,251,77848,32414,45434,1008313,-,-,-,7,-
Sanggye 6.7(yuk.chil)-dong,Nowon-gu,12.0,12.0,-,-,-,-,-,915,29,886,1716,-,-,-,-,-
Junggye 2.3(i.sam)-dong,Nowon-gu,17.0,16.0,1,-,1,-,-,7259,2644,4615,1942450,-,-,-,-,4
Gongneung 1(il)-dong,Nowon-gu,24.0,24.0,-,-,2,1,924,30969,24156,6813,13744193,2,-,2,2,1
Nokbeon-dong,Eunpyeong-gu,19.0,16.0,-,3,5,-,178,62519,21986,40533,379024,2,-,2,-,2
Bulgwang 1(il)-dong,Eunpyeong-gu,8.0,7.0,1,-,1,-,21,28025,2165,25860,2376,-,-,-,-,-
Galhyeon 1(il)-dong,Eunpyeong-gu,15.0,14.0,1,-,2,-,79,31851,10394,21457,171295,1,-,1,-,3
Galhyeon 2(i)-dong,Eunpyeong-gu,17.0,10.0,1,6,5,-,47,14437,9651,4786,642541,-,-,-,-,-
Gusan-dong,Eunpyeong-gu,11.0,10.0,-,1,1,-,37,2296,573,1723,201228,-,-,-,-,-
Daejo-dong,Eunpyeong-gu,22.0,16.0,3,3,3,-,33,18602,6622,11980,178462,-,-,-,-,2
Eungam 1(il)-dong,Eunpyeong-gu,17.0,13.0,1,3,5,-,65,42341,10389,31952,99928,2,-,2,-,-
Eungam 2(i)-dong,Eunpyeong-gu,7.0,7.0,-,-,1,-,2,1094,260,834,-,1,-,1,-,5
Sinsa 1(il)-dong,Eunpyeong-gu,14.0,12.0,-,2,-,-,18,8092,2701,5391,63521,1,-,1,-,-
Sinsa 2(i)-dong,Eunpyeong-gu,2.0,2.0,-,-,1,-,72,916,423,493,1794,-,-,-,-,-
Jeungsan-dong,Eunpyeong-gu,10.0,8.0,1,1,2,-,12,2554,1003,1551,392863,-,-,-,-,-
Susaek-dong,Eunpyeong-gu,12.0,9.0,-,3,5,-,230,92925,45671,47254,256131,1,-,1,-,-
Jingwan-dong,Eunpyeong-gu,13.0,11.0,1,1,1,-,215,7032,3548,3484,521273,1,-,1,-,-
Bulgwang 2(i)-dong,Eunpyeong-gu,7.0,4.0,1,2,1,-,2,7053,634,6419,-,1,-,1,-,-
Eungam 3(sam)-dong,Eunpyeong-gu,21.0,17.0,1,3,5,-,87,36734,9948,26786,327582,1,-,1,-,-
Yeokchon-dong,Eunpyeong-gu,16.0,14.0,1,1,2,-,18,32217,4837,27380,266291,1,-,1,-,21
Cheonyeon-dong,Seodaemun-gu,10.0,8.0,2,-,1,-,22,8641,332,8309,18312,-,-,-,-,-
Hongje 1(il)-dong,Seodaemun-gu,15.0,15.0,-,-,-,-,16,4018,1748,2270,117333,-,-,-,-,-
Hongje 3(sam)-dong,Seodaemun-gu,16.0,15.0,1,-,4,-,116,135693,47011,88682,7407,-,-,-,-,-
Hongje 2(i)-dong,Seodaemun-gu,6.0,5.0,-,1,-,-,-,3897,1018,2879,1524,1,1,-,-,-
Hongeun 1(il)-dong,Seodaemun-gu,17.0,16.0,-,1,2,-,85,29693,10708,18985,53139,-,-,-,-,-
Hongeun 2(i)-dong,Seodaemun-gu,17.0,17.0,-,-,1,-,-,7347,619,6728,2333796,-,-,-,-,-
Namgajwa 1(il)-dong,Seodaemun-gu,9.0,8.0,-,1,1,-,62,35175,16238,18937,56672,-,-,-,-,-
Namgajwa 2(i)-dong,Seodaemun-gu,19.0,16.0,3,-,4,-,44,62992,20875,42117,301861,-,-,-,-,-
Bukgajwa 1(il)-dong,Seodaemun-gu,4.0,4.0,-,-,-,-,-,107,-,107,13,-,-,-,-,-
Bukgajwa 2(i)-dong,Seodaemun-gu,21.0,14.0,5,2,2,-,69,42165,26582,15583,322023,2,-,2,-,3
Chunghyeon-dong,Seodaemun-gu,23.0,19.0,3,1,3,-,48,47073,10021,37052,264338,1,1,-,-,-
Bugahyeon-dong,Seodaemun-gu,8.0,8.0,-,-,1,-,30,12830,6987,5843,64570,-,-,-,-,-
Sinchon-dong,Seodaemun-gu,35.0,34.0,-,1,1,-,62,45581,16160,29421,640634,3,-,3,-,2
Yeonhui-dong,Seodaemun-gu,21.0,20.0,-,1,-,-,47,51513,25771,25742,1596542,1,1,-,-,-
Yonggang-dong,Mapo-gu,9.0,7.0,1,1,1,-,5,6217,2640,3577,2579618,-,-,-,-,-
Daeheung-dong,Mapo-gu,18.0,17.0,1,-,3,-,2,35035,2115,32920,12306,4,-,4,-,-
Yeomni-dong,Mapo-gu,6.0,6.0,-,-,3,-,57,17267,5341,11926,687111,-,-,-,-,1
Sinsu-dong,Mapo-gu,6.0,6.0,-,-,2,-,26,19947,15175,4772,303045,-,-,-,-,-
Seogyo-dong,Mapo-gu,59.0,54.0,2,3,17,-,99,61491,27931,33560,1086604,-,-,-,-,6
Hapjeong-dong,Mapo-gu,13.0,10.0,-,3,2,-,61,21598,10090,11508,1001425,-,-,-,-,1
Mangwon 1(il)-dong,Mapo-gu,10.0,8.0,1,1,1,-,25,13177,8317,4860,9288,1,-,1,-,-
Mangwon 2(i)-dong,Mapo-gu,8.0,7.0,-,1,4,-,17,11111,5352,5759,155141,-,-,-,-,-
Yeonnam-dong,Mapo-gu,8.0,8.0,-,-,2,-,-,2788,184,2604,1389,2,-,2,-,-
Seongsan 1(il)-dong,Mapo-gu,13.0,11.0,-,2,2,-,30,17591,6859,10732,89849,2,-,2,-,1
Seongsan 2(i)-dong,Mapo-gu,17.0,14.0,1,2,4,-,119,37049,25321,11728,58310053,-,-,-,-,-
Sangam-dong,Mapo-gu,15.0,12.0,1,2,4,-,9,16274,5925,10349,126845,-,-,-,-,-
Dohwa-dong,Mapo-gu,5.0,4.0,-,1,1,-,40,24086,14677,9409,99986,5,-,5,-,-
Seogang-dong,Mapo-gu,13.0,11.0,1,1,2,-,15,19982,5071,14911,245330,-,-,-,-,6
gongdeok-dong,Mapo-gu,22.0,18.0,1,3,8,-,58,31003,10074,20929,763973,1,1,-,-,-
Ahyeon-dong,Mapo-gu,4.0,3.0,-,1,1,-,4,2509,213,2296,20299,-,-,-,-,-
Mok 1(il)-dong,Yangcheon-gu,16.0,14.0,-,2,-,-,-,4854,271,4583,28086,-,-,-,-,-
Mok 2(i)-dong,Yangcheon-gu,18.0,17.0,1,-,1,-,65,41356,19839,21517,66411,5,-,5,-,-
Mok 3(sam)-dong,Yangcheon-gu,20.0,19.0,-,1,-,-,1,8266,2664,5602,823859,1,-,1,-,-
Mok 4(sa)-dong,Yangcheon-gu,21.0,20.0,-,1,-,-,133,55852,31893,23959,1130892,-,-,-,-,-
Sinwol 1(il)-dong,Yangcheon-gu,19.0,18.0,-,1,-,-,242,215110,19565,195545,3093862,1,-,1,-,-
Sinwol 2(i)-dong,Yangcheon-gu,10.0,9.0,-,1,2,-,10,4694,2449,2245,1163709,-,-,-,-,-
Sinwol 3(sam)-dong,Yangcheon-gu,11.0,10.0,-,1,-,-,10,6897,2734,4163,101109,1,-,1,-,-
Sinwol 4(sa)-dong,Yangcheon-gu,7.0,5.0,1,1,-,-,2,2742,1054,1688,69382,-,-,-,-,-
Sinwol 5(o)-dong,Yangcheon-gu,7.0,7.0,-,-,1,-,2,672,222,450,-,-,-,-,-,-
Sinwol 6(yuk)-dong,Yangcheon-gu,7.0,6.0,-,1,-,-,-,860,-,860,44,-,-,-,-,-
Sinwol 7(chil)-dong,Yangcheon-gu,14.0,13.0,-,1,-,-,10,7192,3984,3208,-,-,-,-,-,-
Sinjeong 1(il)-dong,Yangcheon-gu,7.0,6.0,-,1,1,-,95,41109,18075,23034,927747,6,-,6,-,-
Sinjeong 2(i)-dong,Yangcheon-gu,9.0,8.0,1,-,-,-,23,19822,8750,11072,20725,1,-,1,-,-
Sinjeong 3(sam)-dong,Yangcheon-gu,17.0,16.0,-,1,-,-,-,6917,583,6334,935,1,1,-,-,-
Sinjeong 6(yuk)-dong,Yangcheon-gu,7.0,6.0,-,1,-,-,17,14720,8716,6004,1718915,4,-,4,-,-
Sinjeong 7(chil)-dong,Yangcheon-gu,6.0,5.0,-,1,-,-,5,5401,2059,3342,359832,1,-,1,-,4
Mok 5(o)-dong,Yangcheon-gu,9.0,9.0,-,-,-,-,-,2185,415,1770,38,1,-,1,-,1
Sinjeong 4(sa)-dong,Yangcheon-gu,28.0,24.0,-,4,3,-,113,59600,19059,40541,213315,3,1,2,-,-
Yeomchang-dong,Gangseo-gu,8.0,7.0,-,1,2,-,356,8389,4938,3451,13998343,-,-,-,-,-
Deungchon 1(il)-dong,Gangseo-gu,13.0,12.0,-,1,5,-,19,34630,20986,13644,801111,-,-,-,-,-
Deungchon 2(i)-dong,Gangseo-gu,8.0,7.0,-,1,2,-,113,78752,55465,23287,333389,1,-,1,-,-
Deungchon 3(sam)-dong,Gangseo-gu,11.0,11.0,-,-,1,-,2,3362,1758,1604,2244680,-,-,-,-,-
Hwagokbon-dong,Gangseo-gu,13.0,13.0,-,-,5,-,39,39836,17805,22031,551102,-,-,-,-,-
Hwagok 2(i)-dong,Gangseo-gu,8.0,7.0,1,-,2,1,46,17073,9816,7257,574244,-,-,-,4,-
Hwagok 3(sam)-dong,Gangseo-gu,8.0,7.0,1,-,2,-,70,30581,20360,10221,1203583,1,-,1,-,18
Hwagok 4(sa)-dong,Gangseo-gu,9.0,9.0,-,-,-,-,100,2220,396,1824,140,-,-,-,-,-
Hwagok 6(yuk)-dong,Gangseo-gu,14.0,12.0,1,1,3,1,39,35639,22393,13246,1369370,3,-,3,4,3
Hwagok 8(pal)-dong,Gangseo-gu,10.0,10.0,-,-,3,-,22,25237,14323,10914,374823,-,-,-,-,-
Gayang 1(il)-dong,Gangseo-gu,15.0,15.0,-,-,1,-,15,45470,3142,42328,572286,-,-,-,-,-
Gayang 2(i)-dong,Gangseo-gu,5.0,5.0,-,-,1,-,-,616,192,424,2223,-,-,-,-,-
Gayang 3(sam)-dong,Gangseo-gu,3.0,2.0,1,-,-,-,1,739,105,634,253355,-,-,-,-,-
Balsan 1(il)-dong,Gangseo-gu,10.0,8.0,1,1,2,-,964,1360350,314043,1046307,2967762,1,-,1,-,1
Gonghang-dong,Gangseo-gu,15.0,13.0,-,2,5,-,155,38677,21886,16791,438629,2,1,1,-,2
Banghwa 1(il)-dong,Gangseo-gu,12.0,10.0,1,1,1,-,49,25772,6426,19346,1356456,-,-,-,-,-
Banghwa 2(i)-dong,Gangseo-gu,28.0,24.0,3,1,3,-,57,53679,21498,32181,36961033,-,-,-,-,-
Banghwa 3(sam)-dong,Gangseo-gu,10.0,9.0,1,-,2,1,13,7618,4886,2732,828471,1,-,1,3,1
Hwagok 1(il)-dong,Gangseo-gu,22.0,21.0,-,1,5,1,101,41899,30865,11034,838069,3,1,2,1,1
Ujangsan-dong,Gangseo-gu,20.0,19.0,1,-,3,-,12,13471,6195,7276,1201413,-,-,-,-,-
Sindorim-dong,Guro-gu,10.0,9.0,1,-,3,-,1512,4555,2304,2251,7650961,-,-,-,-,-
Guro 1(il)-dong,Guro-gu,6.0,5.0,-,1,3,-,33,48686,12259,36427,2643096,-,-,-,-,-
Guro 3(sam)-dong,Guro-gu,28.0,28.0,-,-,13,1,316,215023,164259,50764,30812693,4,2,2,1,36
Guro 4(sa)-dong,Guro-gu,13.0,11.0,2,-,9,-,5,2401,760,1641,72272,-,-,-,-,-
Guro 5(o)-dong,Guro-gu,18.0,17.0,-,1,6,-,6,5928,2610,3318,2492874,-,-,-,-,-
Gocheok 1(il)-dong,Guro-gu,15.0,12.0,2,1,6,1,71,43356,15340,28016,1929417,1,-,1,4,10
Gocheok 2(i)-dong,Guro-gu,13.0,12.0,-,1,5,-,27,13471,9189,4282,1132155,-,-,-,-,-
Gaebong 2(i)-dong,Guro-gu,15.0,14.0,1,-,3,1,43,25296,14790,10506,931737,-,-,-,3,1
Gaebong 3(sam)-dong,Guro-gu,12.0,12.0,-,-,4,1,45,33437,15637,17800,519753,-,-,-,4,-
Oryu 1(il)-dong,Guro-gu,7.0,6.0,1,-,2,-,1,807,384,423,1078577,-,-,-,-,1
Oryu 2(i)-dong,Guro-gu,17.0,13.0,1,3,7,1,788,167855,8757,159098,1199542,1,1,-,2,-
Sugung-dong,Guro-gu,22.0,20.0,-,2,7,-,27,28756,14042,14714,2742900,-,-,-,-,19
Garibong-dong,Guro-gu,13.0,11.0,2,-,5,2,96,48618,29961,18657,1669375,6,-,6,3,10
Guro 2(i)-dong,Guro-gu,30.0,28.0,-,2,7,1,2148,24587,12034,12553,3713176,2,2,-,2,3
Gaebong 1(il)-dong,Guro-gu,19.0,17.0,-,2,4,-,-,9454,3607,5847,918320,-,-,-,-,-
Gasan-dong,Geumcheon-gu,27.0,22.0,3,2,6,1,21,32852,5931,26921,17252129,1,-,1,1,-
Doksan 1(il)-dong,Geumcheon-gu,25.0,19.0,1,5,9,1,284,320594,85996,234598,15831671,2,-,2,4,18
Doksan 2(i)-dong,Geumcheon-gu,10.0,10.0,-,-,3,3,28,23126,13243,9883,730319,1,-,1,7,1
Doksan 3(sam)-dong,Geumcheon-gu,13.0,11.0,-,2,5,-,36,50579,21370,29209,981202,2,2,-,-,1
Doksan 4(sa)-dong,Geumcheon-gu,12.0,11.0,-,1,4,-,20,9957,4394,5563,707445,-,-,-,-,1
Siheung 1(il)-dong,Geumcheon-gu,24.0,21.0,1,2,7,-,205,5017,1454,3563,2019364,3,-,3,-,1
Siheung 2(i)-dong,Geumcheon-gu,8.0,7.0,-,1,1,-,-,4220,286,3934,20502,-,-,-,-,-
Siheung 3(sam)-dong,Geumcheon-gu,6.0,5.0,-,1,3,-,-,889,606,283,780829,-,-,-,-,-
Siheung 4(sa)-dong,Geumcheon-gu,12.0,11.0,1,-,4,-,28,20340,11718,8622,403841,1,-,1,-,-
Siheung 5(o)-dong,Geumcheon-gu,7.0,7.0,-,-,2,-,-,1082,192,890,85641,-,-,-,-,-
Yeouido-dong,Yeongdeungpo-gu,24.0,20.0,-,4,4,-,14,28886,2123,26763,19998316,1,-,1,-,1
Dangsan 1(il)-dong,Yeongdeungpo-gu,11.0,9.0,1,1,6,-,66,28327,9138,19189,2441764,4,-,4,-,-
Dangsan2(i)-dong,Yeongdeungpo-gu,12.0,10.0,1,1,3,-,2,9748,4936,4812,123418,-,-,-,-,-
Yangpyeong 1(il)-dong,Yeongdeungpo-gu,8.0,6.0,-,2,2,-,36,25838,7837,18001,53565,-,-,-,-,-
Yangpyeong 2(i)-dong,Yeongdeungpo-gu,6.0,6.0,-,-,-,-,1,1221,46,1175,1210,-,-,-,-,-
Singil 1(il)-dong,Yeongdeungpo-gu,10.0,8.0,2,-,5,-,-,3223,992,2231,817537,-,-,-,-,-
Singil 3(sam)-dong,Yeongdeungpo-gu,6.0,4.0,2,-,5,-,108,65347,49620,15727,472526,1,-,1,-,1
Singil 4(sa)-dong,Yeongdeungpo-gu,9.0,7.0,-,2,4,-,120,103669,66808,36861,29584,-,-,-,-,-
Singil 5(o)-dong,Yeongdeungpo-gu,3.0,3.0,-,-,2,-,1,940,315,625,293389,-,-,-,-,1
Singil 6(yuk)-dong,Yeongdeungpo-gu,20.0,16.0,1,3,11,-,60,60904,35683,25221,1299664,-,-,-,-,4
Singil 7(chil)-dong,Yeongdeungpo-gu,3.0,3.0,-,-,2,-,50,27679,14108,13571,108399,1,-,1,2,-
Daerim 1(il)-dong,Yeongdeungpo-gu,6.0,4.0,1,1,2,-,-,2419,376,2043,7124,-,-,-,-,-
Daerim 2(i)-dong,Yeongdeungpo-gu,5.0,4.0,1,-,4,-,-,2989,569,2420,489788,-,-,-,-,-
Daerim 3(sam)-dong,Yeongdeungpo-gu,13.0,11.0,2,-,10,-,82,167961,17202,150759,1576054,1,-,1,-,1
Yeongdeungpobon-dong,Yeongdeungpo-gu,11.0,10.0,1,-,7,-,10,1646,401,1245,339032,-,-,-,-,-
Yeongdeungpo-dong,Yeongdeungpo-gu,37.0,23.0,9,5,21,-,309,130459,77647,52812,4040391,3,1,2,-,1
Dorim-dong,Yeongdeungpo-gu,11.0,9.0,2,-,7,-,11,19667,11532,8135,1291239,-,-,-,-,-
Mullae-dong,Yeongdeungpo-gu,24.0,20.0,-,4,12,-,884,2569773,183493,2386280,18053789,2,1,1,-,1
Noryangjin 2(i)-dong,Dongjak-gu,5.0,5.0,-,-,1,-,-,403,129,274,49041,-,-,-,-,-
Sangdo 1(il)-dong,Dongjak-gu,15.0,12.0,-,3,5,-,32,17818,8787,9031,276568,-,-,-,-,-
Sangdo 2(i)-dong,Dongjak-gu,12.0,11.0,-,1,5,-,22,13227,7174,6053,309270,-,-,-,-,-
Sangdo 3(sam)-dong,Dongjak-gu,7.0,7.0,-,-,-,-,-,243,92,151,16281,-,-,-,-,-
Sangdo 4(sa)-dong,Dongjak-gu,11.0,11.0,-,-,5,1,12,10444,4909,5535,123442,-,-,-,4,-
Sadang 1(il)-dong,Dongjak-gu,13.0,13.0,-,-,1,-,-,1730,71,1659,43518,-,-,-,-,-
Sadang 3(sam)-dong,Dongjak-gu,5.0,5.0,-,-,-,-,-,33,-,33,-,-,-,-,-,-
Sadang 4(sa)-dong,Dongjak-gu,4.0,4.0,-,-,1,-,1,360,133,227,55597,-,-,-,-,-
Sadang 5(o)-dong,Dongjak-gu,5.0,5.0,-,-,2,-,4,523,284,239,15685,-,-,-,-,-
Daebang-dong,Dongjak-gu,20.0,19.0,1,-,2,1,23,20102,5694,14408,278017,-,-,-,1,-
Sindaebang 1(il)-dong,Dongjak-gu,7.0,7.0,-,-,2,-,13,6854,4203,2651,87781,-,-,-,-,-
Sindaebang 2(i)-dong,Dongjak-gu,3.0,3.0,-,-,-,-,-,133,-,133,-,-,-,-,-,-
Heukseok-dong,Dongjak-gu,16.0,14.0,1,1,2,-,10,47207,1843,45364,135777,-,-,-,-,-
Noryangjin 1(il)-dong,Dongjak-gu,19.0,18.0,-,1,6,-,36,16123,3720,12403,1748994,-,-,-,-,-
Sadang 2(i)-dong,Dongjak-gu,17.0,16.0,1,-,4,1,36,36398,17339,19059,1705242,2,-,2,3,4
Boramae-dong,Gwanak-gu,19.0,19.0,-,-,3,-,41,28250,13712,14538,402058,-,-,-,-,-
Cheongnim-dong,Gwanak-gu,5.0,5.0,-,-,-,-,-,710,-,710,38140,-,-,-,-,1
Haengun-dong,Gwanak-gu,10.0,9.0,-,1,1,-,15,19270,9897,9373,310892,1,-,1,-,2
Nagseongdae-dong,Gwanak-gu,16.0,15.0,-,1,1,-,6,9850,3238,6612,599760,1,-,1,-,-
Jungang-dong,Gwanak-gu,12.0,11.0,-,1,1,-,3,4329,667,3662,236790,-,-,-,-,-
Inheon-dong,Gwanak-gu,12.0,12.0,-,-,-,-,-,1374,671,703,-,-,-,-,-,-
Namhyeon-dong,Gwanak-gu,14.0,13.0,1,-,4,-,15,36778,2412,34366,266332,-,-,-,-,1
Sewon-dong,Gwanak-gu,20.0,19.0,1,-,2,-,14,15079,9940,5139,3107298,-,-,-,-,1
Sinwon-dong,Gwanak-gu,10.0,9.0,1,-,-,-,-,1111,-,1111,12513,-,-,-,-,-
Serim-dong,Gwanak-gu,16.0,15.0,1,-,3,-,105,71128,35176,35952,606171,1,-,1,-,2
Sinsa-dong,Gwanak-gu,16.0,15.0,1,-,-,-,-,2118,405,1713,-,1,-,1,-,-
Sillim-dong,Gwanak-gu,18.0,18.0,-,-,1,-,5,18724,3019,15705,1006271,-,-,-,-,1
Nanhyang-dong,Gwanak-gu,4.0,3.0,1,-,-,-,-,1050,499,551,-,-,-,-,-,1
Jowon-dong,Gwanak-gu,16.0,14.0,1,1,2,-,107,36802,24535,12267,264284,-,-,-,-,1
Daehak-dong,Gwanak-gu,14.0,12.0,1,1,3,-,35,58164,33426,24738,2363832,2,-,2,-,9
Euncheon-dong,Gwanak-gu,12.0,9.0,2,1,1,-,5,8767,2145,6622,25155,-,-,-,-,-
Seonghyeon-dong,Gwanak-gu,11.0,10.0,-,1,4,-,30,17576,10638,6938,954620,1,-,1,-,-
Cheongnyong-dong,Gwanak-gu,19.0,16.0,1,2,3,-,176,57501,32613,24888,1617481,1,-,1,-,1
Nangok-dong,Gwanak-gu,21.0,20.0,1,-,3,-,87,22878,12335,10543,324265,-,-,-,-,2
Samseong-dong,Gwanak-gu,15.0,13.0,2,-,2,-,106,6829,4209,2620,328068,-,-,-,-,4
Miseong-dong,Gwanak-gu,19.0,17.0,2,-,3,-,10,19428,8808,10620,350596,-,-,-,-,-
Seocho 1(il)-dong,Seocho-gu,6.0,6.0,-,-,1,-,5,4913,3673,1240,255235,-,-,-,-,-
Seocho 2(i)-dong,Seocho-gu,18.0,13.0,-,5,6,-,57,38229,21162,17067,2721383,-,-,-,-,4
Seocho 3(sam)-dong,Seocho-gu,21.0,20.0,-,1,3,-,19,24537,12347,12190,2384385,-,-,-,-,-
Seocho 4(sa)-dong,Seocho-gu,17.0,15.0,1,1,3,-,49,41668,13481,28187,986830,-,-,-,-,-
Jamwon-dong,Seocho-gu,15.0,13.0,1,1,4,-,55,33753,11314,22439,345514,2,-,2,-,-
Banpobon-dong,Seocho-gu,5.0,4.0,1,-,-,-,-,1501,332,1169,195804,-,-,-,-,-
Banpo 1(il)-dong,Seocho-gu,16.0,15.0,1,-,2,-,82,54043,33773,20270,3164231,-,-,-,-,-
Banpo 2(i)-dong,Seocho-gu,2.0,2.0,-,-,1,-,15,7786,6356,1430,9110,-,-,-,-,-
Banpo 3(sam)-dong,Seocho-gu,4.0,4.0,-,-,-,-,-,1447,431,1016,1909338,-,-,-,-,-
Banpo 4(sa)-dong,Seocho-gu,10.0,10.0,-,-,-,-,495,4344,1985,2359,482655,2,-,2,-,-
Bangbaebon-dong,Seocho-gu,7.0,5.0,-,2,3,1,75,55217,34350,20867,694960,1,-,1,1,1
Bangbae 1(il)-dong,Seocho-gu,9.0,8.0,-,1,2,-,18,26711,11064,15647,1183481,-,-,-,-,-
Bangbae 2(i)-dong,Seocho-gu,10.0,10.0,-,-,3,-,32,24926,9777,15149,644283,-,-,-,-,-
Bangbae 3(sam)-dong,Seocho-gu,10.0,8.0,-,2,4,1,44,25047,14374,10673,727361,-,-,-,1,-
Bangbae 4(sa)-dong,Seocho-gu,5.0,5.0,-,-,-,-,-,1057,349,708,62941,-,-,-,-,-
Yangjae 1(il)-dong,Seocho-gu,25.0,24.0,1,-,6,-,112,64140,36765,27375,3617697,-,-,-,-,-
Yangjae 2(i)-dong,Seocho-gu,23.0,23.0,-,-,2,-,64,82898,65556,17342,4069382,-,-,-,-,-
Naegok-dong,Seocho-gu,13.0,7.0,1,5,11,5,4049,428475,178899,249576,499444,-,-,-,14,-
Sinsa-dong,Gangnam-gu,29.0,29.0,-,-,2,-,45,66444,13575,52869,492205,1,-,1,-,-
Nonhyeon 1(il)-dong,Gangnam-gu,42.0,39.0,1,2,6,-,94,63788,22523,41265,2539344,2,-,2,-,1
Nonhyeon 2(i)-dong,Gangnam-gu,33.0,28.0,1,4,7,-,66,61186,24397,36789,1327164,4,-,4,-,5
Samseong 1(il)-dong,Gangnam-gu,10.0,9.0,-,1,-,-,10,39031,1613,37418,2092753,-,-,-,-,-
Samseong 2(i)-dong,Gangnam-gu,16.0,14.0,1,1,3,-,638,1222244,322585,899659,1295167,2,-,2,-,2
Daechi 1(il)-dong,Gangnam-gu,7.0,6.0,-,1,1,-,2,5233,1724,3509,363442,-,-,-,-,-
Daechi 4(sa)-dong,Gangnam-gu,21.0,21.0,-,-,2,-,20,11692,6838,4854,1036886,-,-,-,-,1
Yeoksam 1(il)-dong,Gangnam-gu,56.0,51.0,2,3,2,-,62,153741,60042,93699,3513405,-,-,-,-,-
Yeoksam 2(i)-dong,Gangnam-gu,16.0,15.0,-,1,2,-,40,42916,23828,19088,1266640,1,-,1,-,-
Dogok 1(il)-dong,Gangnam-gu,12.0,10.0,1,1,1,-,51,55284,35898,19386,411835,-,-,-,-,-
Dogok 2(i)-dong,Gangnam-gu,8.0,6.0,-,2,2,-,155,38196,31681,6515,10805807,-,-,-,-,2
Gaepo 1(il)-dong,Gangnam-gu,15.0,15.0,-,-,2,-,54,29816,11105,18711,308705,1,-,1,-,-
Gaepo 4(sa)-dong,Gangnam-gu,20.0,18.0,-,2,-,-,26,17215,6990,10225,583440,3,-,3,-,-
Irwonbon-dong,Gangnam-gu,6.0,5.0,-,1,-,-,-,2832,-,2832,2000,-,-,-,-,-
Irwon 1(il)-dong,Gangnam-gu,9.0,9.0,-,-,2,-,60,39219,20006,19213,84136,2,-,2,-,-
Irwon 2(i)-dong,Gangnam-gu,5.0,5.0,-,-,-,-,10,3759,1712,2047,369790,-,-,-,-,-
Suseo-dong,Gangnam-gu,9.0,6.0,3,-,1,-,37,15412,8668,6744,625687,-,-,-,-,-
Segok-dong,Gangnam-gu,13.0,12.0,-,1,2,-,70,20459,3312,17147,82733,-,-,-,-,-
Apgujeong -dong,Gangnam-gu,32.0,31.0,1,-,5,-,114,130144,49008,81136,1282816,-,-,-,-,-
Cheongdam -dong,Gangnam-gu,29.0,29.0,-,-,4,-,137,191351,57081,134270,2241201,3,-,3,-,2
Daechi 2(i)-dong,Gangnam-gu,20.0,19.0,-,1,3,-,42,31556,15387,16169,1911261,1,-,1,-,-
Gaepo 2(i)-dong,Gangnam-gu,13.0,12.0,-,1,2,-,167,20417,9021,11396,470073,1,-,1,-,-
Pungnap 1(il)-dong,Songpa-gu,8.0,5.0,2,1,1,-,17,7854,3771,4083,122866,-,-,-,-,-
Pungnap 2(i)-dong,Songpa-gu,18.0,17.0,-,1,1,-,20,37674,7503,30171,121017,1,-,1,-,-
Geoyeo 1(il)-dong,Songpa-gu,9.0,9.0,-,-,-,-,7,5143,1346,3797,736400,-,-,-,-,-
Geoyeo 2(i)-dong,Songpa-gu,12.0,10.0,2,-,1,-,20,5805,4284,1521,63408,-,-,-,-,-
Macheon 1(il)-dong,Songpa-gu,8.0,5.0,1,2,2,-,42,27355,20371,6984,175336,-,-,-,-,1
Macheon 2(i)-dong,Songpa-gu,13.0,12.0,1,-,-,-,1510,1978,83,1895,184800,-,-,-,-,-
Bangi 1(il)-dong,Songpa-gu,4.0,4.0,-,-,2,-,3,5381,2974,2407,409199,-,-,-,-,-
Bangi 2(i)-dong,Songpa-gu,22.0,20.0,1,1,1,-,41,48339,27903,20436,3591090,3,1,2,-,3
Oryun-dong,Songpa-gu,6.0,5.0,-,1,-,-,425,20854,12448,8406,238255,-,-,-,-,-
Ogeum-dong,Songpa-gu,17.0,15.0,2,-,1,-,15,14391,7017,7374,582935,1,-,1,-,-
Songpa 1(il)-dong,Songpa-gu,14.0,12.0,-,2,1,-,26,53261,24908,28353,1907093,-,-,-,-,-
Songpa 2(i)-dong,Songpa-gu,4.0,3.0,-,1,-,-,5,1996,634,1362,55739,-,-,-,-,-
Seokchon-dong,Songpa-gu,27.0,25.0,-,2,1,-,81,58506,21149,37357,546172,4,-,4,-,-
Samjeon-dong,Songpa-gu,11.0,9.0,1,1,1,-,20,12020,2145,9875,1980,-,-,-,-,-
Garakbon-dong,Songpa-gu,19.0,16.0,-,3,1,-,103,9451,4337,5114,211446,1,-,1,-,-
Garak 1(il)-dong,Songpa-gu,12.0,9.0,-,3,-,-,71,86654,19221,67433,2779562,1,-,1,-,-
Garak 2(i)-dong,Songpa-gu,15.0,13.0,2,-,4,-,136,146957,66551,80406,718113,1,-,1,-,4
Munjeong 1(il)-dong,Songpa-gu,11.0,11.0,-,-,1,-,16,7734,3026,4708,103654,-,-,-,-,-
Munjeong 2(i)-dong,Songpa-gu,12.0,11.0,1,-,-,-,-,71444,115,71329,49821,-,-,-,-,-
Jangji-dong,Songpa-gu,15.0,13.0,1,1,1,-,22,8697,3737,4960,224112,-,-,-,-,-
Jamsilbon-dong,Songpa-gu,25.0,22.0,3,-,-,-,48,32899,14061,18838,830555,3,-,3,-,23
Jamsil 4(sa)-dong,Songpa-gu,3.0,2.0,-,1,-,-,-,476,163,313,-,-,-,-,-,-
Jamsil 6(yuk)-dong,Songpa-gu,5.0,4.0,-,1,-,-,13,19233,2469,16764,1194281,-,-,-,-,6
Jamsil 7(chil)-dong,Songpa-gu,1.0,1.0,-,-,-,-,-,301,136,165,-,-,-,-,-,-
Jamsil 2(i)-dong,Songpa-gu,7.0,6.0,1,-,1,-,-,12907,892,12015,212826,-,-,-,-,-
Jamsil 3(sam)-dong,Songpa-gu,6.0,6.0,-,-,2,-,3,1576,524,1052,-,-,-,-,-,-
Gangil-dong,Gangdong-gu,11.0,9.0,1,1,4,1,17,35718,8214,27504,1213114,-,-,-,3,-
Sangil-dong,Gangdong-gu,8.0,8.0,-,-,-,-,-,6517,245,6272,68398,-,-,-,-,-
Myeongil 1(il)-dong,Gangdong-gu,16.0,15.0,-,1,3,-,22,27581,15074,12507,230473,-,-,-,3,2
Myeongil 2(i)-dong,Gangdong-gu,4.0,3.0,-,1,3,1,33,30556,18021,12535,3148233,1,-,1,2,-
Godeok 1(il)-dong,Gangdong-gu,6.0,5.0,1,-,6,3,3,28281,10424,17857,422689,-,-,-,10,7
Godeok 2(i)-dong,Gangdong-gu,3.0,2.0,1,-,3,-,26,8069,2050,6019,42463,-,-,-,-,-
Amsa 2(i)-dong,Gangdong-gu,6.0,6.0,-,-,-,-,-,16682,1047,15635,141677,-,-,-,-,-
Amsa 3(sam)-dong,Gangdong-gu,5.0,5.0,-,-,1,-,303,11243,4924,6319,1041121,-,-,-,-,-
Cheonho 1(il)-dong,Gangdong-gu,10.0,8.0,1,1,4,-,20,40216,8929,31287,655184,-,-,-,-,8
Cheonho 3(sam)-dong,Gangdong-gu,20.0,20.0,-,-,3,-,3,5387,1160,4227,289649,-,-,-,-,-
Seongnae 1(il)-dong,Gangdong-gu,12.0,12.0,-,-,1,-,-,2077,746,1331,371568,-,-,-,-,-
Seongnae 2(i)-dong,Gangdong-gu,15.0,15.0,-,-,3,-,1,2545,715,1830,133228,-,-,-,-,1
Seongnae 3(sam)-dong,Gangdong-gu,17.0,14.0,-,3,5,1,19,43958,17158,26800,853444,-,-,-,3,2
Dunchon 2(i)-dong,Gangdong-gu,20.0,19.0,-,1,5,1,33,16538,7285,9253,1107143,2,-,2,1,-
Amsa 1(il)-dong,Gangdong-gu,16.0,15.0,1,-,5,1,68,25320,11537,13783,529102,2,1,1,2,-
Cheonho 2(i)-dong,Gangdong-gu,29.0,26.0,2,1,10,3,49,42745,19312,23433,2347255,-,-,-,10,6
Gil-dong,Gangdong-gu,27.0,26.0,1,-,9,2,90,47218,24038,23180,3941533,1,-,1,4,-
