Dong,세금_지방세징수_2012_Gu_Gu_Gu,세금_지방세징수_2012_total_total_total,세금_지방세징수_2012_total_Metropolitan City taxes_Metropolitan City taxes,세금_지방세징수_2012_total_Gu taxes_Gu taxes,세금_지방세징수_2012_General tax_Metropolitan City taxes_Acquisition tax,세금_지방세징수_2012_General tax_Metropolitan City taxes_Leisure tax,세금_지방세징수_2012_General tax_Metropolitan City taxes_Local Inhabitant tax,세금_지방세징수_2012_General tax_Metropolitan City taxes_Auto mobile tax,세금_지방세징수_2012_General tax_Metropolitan City taxes_Tobacco Consumption tax,세금_지방세징수_2012_General tax_Metropolitan City taxes_Property tax,세금_지방세징수_2012_General tax_Metropolitan City taxes_Local Consumption tax,세금_지방세징수_2012_General tax_Metropolitan City taxes_Local Income tax,세금_지방세징수_2012_General tax_Gu taxes_Registration license tax,세금_지방세징수_2012_General tax_Gu taxes_Local Inhabitant tax,세금_지방세징수_2012_General tax_Gu taxes_Property tax,세금_지방세징수_2012_General tax_Gu taxes_Aggregate Land tax,세금_지방세징수_2012_General tax_Gu taxes_Local Income tax,세금_지방세징수_2012_Objective taxes_Metropolitan City taxes_Regional Resource Facility tax,세금_지방세징수_2012_Objective taxes_Metropolitan City taxes_Local Education tax,세금_지방세징수_2012_Objective taxes_Metropolitan City taxes_City Planning tax,세금_지방세징수_2012_Objective taxes_Metropolitan City taxes_Group Facilities tax,세금_지방세징수_2012_Objective taxes_Gu taxes_Business Office tax,세금_지방세징수_2012_Revenue from previous year_Metropolitan City taxes_Metropolitan City taxes,세금_지방세징수_2012_Revenue from previous year_Gu taxes_Gu taxes
Sajik-dong,Jongno-gu,84998,70579.0,14419,13129.0,-,270,1387.0,-,11872,-,36875,2259,2,12048,-,-2,1169,5301.0,-,-,-4,576.0,116
Samcheong-dong,Jongno-gu,13835,11108.0,2727,1508.0,-,53,186.0,-,2255,-,5826,428,1,2289,-,-,222,1007.0,-,-,-1,51.0,10
Buam-dong,Jongno-gu,13909,11784.0,2125,2647.0,-,51,651.0,-,1592,-,5817,478,-,1615,-,-,157,711.0,-,-,-,158.0,32
Pyeongchang-dong,Jongno-gu,32937,27353.0,5584,8935.0,-,91,1604.0,-,4576,-,9312,872,1,4644,-2,-,451,2043.0,-,-,-,341.0,69
Muak-dong,Jongno-gu,9127,7536.0,1591,1305.0,-,30,493.0,-,1194,-,3762,360,-,1212,-,-,118,533.0,-,-,-1,101.0,20
Gyonam-dong,Jongno-gu,13268,10784.0,2484,1747.0,-,52,325.0,-,1791,-,5801,649,-,1817,-,-,176,800.0,-,-,-1,92.0,19
Gahoe-dong,Jongno-gu,18751,16544.0,2207,3864.0,-,90,309.0,-,1791,-,9415,370,-,1817,-,-,176,800.0,-,-,-,99.0,20
Jongno 1·2·3·4(ilisamsa)-ga-dong,Jongno-gu,193980,164524.0,29456,36483.0,-,869,1420.0,-,24936,-,85898,3880,5,25309,-,-3,2454,11131.0,-,-,-6,1333.0,271
Jongno 5·6(oryuk)-ga-dong,Jongno-gu,78292,72977.0,5315,10949.0,-,427,583.0,-,4311,-,54265,925,2,4375,-1,-2,424,1925.0,-,-,-3,93.0,19
Ihwa-dong,Jongno-gu,20860,18667.0,2193,3662.0,-,113,357.0,-,1791,-,11664,355,1,1817,-,-1,176,800.0,-,-,-,104.0,21
Changsin 1(il)-dong,Jongno-gu,20469,17231.0,3238,1292.0,-,145,219.0,-,1857,-,12622,1338,1,1885,-,-1,183,829.0,-,-,-2,84.0,17
Changsin 2(i)-dong,Jongno-gu,10068,9199.0,869,809.0,-,55,276.0,-,597,-,7065,250,-,606,-1,-,59,267.0,-,-,-,71.0,14
Changsin 3(sam)-dong,Jongno-gu,7243,6510.0,733,799.0,-,34,356.0,-,464,-,4552,251,-,471,-,-,46,207.0,-,-,-,52.0,11
Sungin 1(il)-dong,Jongno-gu,8532,7353.0,1179,750.0,-,48,279.0,-,730,-,5092,428,1,740,-,-,72,326.0,-,-,-1,56.0,11
Sungin 2(i)-dong,Jongno-gu,26603,24144.0,2459,3815.0,4909,118,389.0,-,2056,-,11661,357,1,2087,-,-1,202,918.0,-,-,-,76.0,15
Cheongunhyoja-dong,Jongno-gu,19314,16833.0,2481,3598.0,-,86,732.0,-,2056,-,9032,351,1,2087,-,-,202,918.0,-,-,-,209.0,42
Hyehwa-dong,Jongno-gu,24340,21341.0,2999,3824.0,-,145,731.0,-,2454,-,12689,479,2,2490,-,-2,242,1096.0,-,-,-3,160.0,33
Sogong-dong,Jung-gu,357167,327602.0,29565,13502.0,-,422,1807.0,-,21770,-,278836,9186,2,20320,-,-,2598,8171.0,-,-,-2,496.0,59
Hoehyeon-dong,Jung-gu,261845,250643.0,11203,19495.0,-,520,2427.0,-,10452,-,209012,2038,2,9066,-,-,1648,6856.0,-,-,-,233.0,98
Myeong-dong,Jung-gu,390815,362587.0,28228,87202.0,312,606,1655.0,-,23508,-,232072,6153,3,21994,-,-3,2916,14047.0,-,-,-,268.0,82
Pil-dong,Jung-gu,40138,34876.0,5262,2943.0,-,269,737.0,-,3562,-,25080,2052,-,3153,-,-,445,1678.0,-,-,-,161.0,57
Jangchung-dong,Jung-gu,34599,32370.0,2229,2968.0,-,129,613.0,-,2305,-,25160,258,-,1955,-,-,245,852.0,-,-,-,98.0,16
Gwanghui-dong ,Jung-gu,59406,52646.0,6759,8151.0,2553,515,724.0,-,7108,-,29502,616,1,6047,-,-,1193,2594.0,-,-,-,306.0,95
Euljiro-dong,Jung-gu,40362,34374.0,5988,4741.0,-,568,628.0,-,6196,-,19575,543,-,5391,-,-,453,2052.0,-,-,-,161.0,54
Sindang-dong,Jung-gu,26962,23464.0,3498,9768.0,-,493,606.0,-,2977,-,6874,1011,-,2398,-,-,596,1886.0,-,-,-,263.0,89
Dasan-dong,Jung-gu,9017,7786.0,1231,2323.0,-,152,804.0,-,1534,-,1860,101,-,1108,-,-,206,700.0,-,-,-,207.0,23
Yaksu-dong,Jung-gu,12361,10343.0,2018,2985.0,-,132,967.0,-,2604,-,2135,110,-,1877,-,-,198,1108.0,-,-,-,214.0,31
Cheonggu-dong,Jung-gu,8097,6753.0,1343,2122.0,-,120,823.0,-,1747,-,874,92,-,1226,-,-,148,767.0,-,-,-,151.0,25
Sindang 5(o)-dong,Jung-gu,5094,4246.0,847,1206.0,-,116,597.0,-,998,-,905,85,-,741,-,-,90,238.0,-,-,-,97.0,21
Donghwa-dong,Jung-gu,10103,8995.0,1108,3801.0,-,115,1717.0,-,1421,-,956,126,-,967,-,-,161,702.0,-,-,-,123.0,14
Hwanghak-dong,Jung-gu,19523,16953.0,2569,9690.0,-,147,843.0,-,2804,-,1056,339,-,2169,-,-,455,1733.0,-,-,-,225.0,61
Jungnim-dong,Jung-gu,12728,11051.0,1678,2767.0,-,145,901.0,-,1871,-,3988,206,1,1443,-,-,415,824.0,-,-,-,139.0,28
Huam-dong,Yongsan-gu,10490,8603.0,1887,2919.0,-,57,716.0,-,1862,-,1921,408,1,1459,-,-,107,819.0,-,-,-,202.0,19
Yongsan 2-ga-dong,Yongsan-gu,4080,3423.0,657,1037.0,-,76,421.0,-,643,-,736,233,-,414,-,4,38,316.0,-,-,-,156.0,6
Namyeong-dong,Yongsan-gu,22426,17100.0,5326,2306.0,-,85,342.0,-,4896,-,7536,365,-,4908,-,15,366,1399.0,-,-,-,170.0,38
Wonhyoro 2(i)-dong,Yongsan-gu,14166,11184.0,2982,2273.0,-,159,1039.0,-,2907,-,3343,416,3,2542,-,-,217,1065.0,-,-,-,181.0,21
Hyochang-dong,Yongsan-gu,6007,4893.0,1114,1335.0,-,75,585.0,-,1027,-,1210,349,-,758,-,-,83,476.0,-,-,-,102.0,7
Yongmun-dong,Yongsan-gu,6810,5479.0,1331,1724.0,-,72,676.0,-,1433,-,769,226,3,1094,-,1,95,598.0,-,-,-,112.0,7
Ichon 1(il)-dong,Yongsan-gu,52464,41224.0,11240,9567.0,-,-50,2544.0,-,11217,-,13325,1012,-,10134,-,-,300,3921.0,-,-,-,400.0,94
Ichon 2(i)-dong,Yongsan-gu,7971,5867.0,2104,1164.0,-,62,658.0,-,2245,-,851,197,-,1890,-,-,52,705.0,-,-,-,130.0,17
Itaewon 1(il)-dong,Yongsan-gu,29752,25428.0,4324,5900.0,-,-114,590.0,-,3847,-,13332,671,-,3626,-,-,205,1492.0,-,-,-,176.0,27
Itaewon 2(i)-dong,Yongsan-gu,14892,13334.0,1558,2705.0,-,80,488.0,-,1724,-,7420,186,-,1361,-,-,91,698.0,-,-,-,128.0,11
Seobinggo-dong,Yongsan-gu,21413,17535.0,3878,4421.0,-,105,1061.0,-,3772,-,6526,358,-,3498,-,-,130,1364.0,-,-,-,156.0,22
Bogwang-dong,Yongsan-gu,7586,5828.0,1758,1709.0,-,104,549.0,-,1942,-,606,289,1,1446,-,-,57,642.0,-,-,-,219.0,22
Cheongpa-dong,Yongsan-gu,12701,10349.0,2352,3046.0,-,161,802.0,-,2370,-,2622,364,1,1968,-,-,184,941.0,-,-,-,223.0,19
Wonhyoro 1(il)-dong,Yongsan-gu,22731,16843.0,5888,3352.0,-,208,947.0,-,5768,-,4231,438,1,5417,-,-,349,1770.0,-,-,-,218.0,32
Hangangno-dong,Yongsan-gu,130240,107141.0,23099,27133.0,7469,485,1655.0,-,21426,-,35941,1713,1,21306,-,-,1764,10843.0,-,-,-,425.0,79
Hannam-dong,Yongsan-gu,95424,83024.0,12400,27519.0,-,105,1745.0,-,11068,-,36256,1668,-,10605,-,-,703,5043.0,-,-,-,585.0,127
Wangsimni 2(i)-dong,Seongdong-gu,8048,6211.0,1837,1830.0,-,49,746.0,-,1751,-,892,62,-,1760,-,-,134,654.0,-,-,0,155.0,15
Majang-dong,Seongdong-gu,18921,14353.0,4568,4264.0,-,174,1297.0,-,3420,-,3291,708,-,3834,0,-,292,1372.0,-,-,-,243.0,26
Sageun-dong,Seongdong-gu,7103,5635.0,1468,2075.0,-,76,354.0,-,1251,-,1036,110,-,1347,-,-,117,625.0,-,-,-,101.0,11
Haengdang 1(il)-dong,Seongdong-gu,14553,11351.0,3202,2365.0,-,111,822.0,-,2286,-,4327,698,-,2493,-,-,326,958.0,-,-,-,156.0,11
Haengdang 2(i)-dong,Seongdong-gu,12903,9873.0,3030,2742.0,-,50,1615.0,-,2938,-,942,99,-,2907,-,-,213,1163.0,-,-,-,210.0,24
Eungbong-dong,Seongdong-gu,8556,6511.0,2045,1856.0,-,36,1023.0,-,1803,-,777,274,-,1755,-,-,88,747.0,-,-,-,181.0,16
Geumho 1(il)-ga-dong,Seongdong-gu,7339,5600.0,1739,1786.0,-,30,800.0,-,1525,-,564,243,-,1481,-,-,130,621.0,-,-,-,144.0,15
Geumho 4(sa)-ga-dong,Seongdong-gu,13453,10584.0,2869,4868.0,-,35,919.0,-,2216,-,1132,502,-,2350,-,-,132,1115.0,-,-,-,167.0,17
Seongsu 1(il)-ga1(il)-dong,Seongdong-gu,28722,21217.0,7505,7975.0,-,97,963.0,-,4967,-,4488,1206,-,6277,-,-,312,2223.0,-,-,-,192.0,22
Seongsu 1(il)-ga2(i)-dong,Seongdong-gu,19222,12900.0,6322,2981.0,-,130,1026.0,-,4363,-,2339,808,-,5487,-,-,297,1561.0,-,-,-,203.0,27
Seongsu 2(i)-ga1(il)-dong,Seongdong-gu,22535,16696.0,5839,4074.0,-,168,1133.0,-,3768,-,5239,1517,1,4302,-,-,472,1616.0,-,-,-,226.0,19
Seongsu 2(i)-ga 3(sam)-dong,Seongdong-gu,49447,40983.0,8464,10549.0,-,466,1422.0,-,6587,-,17880,608,-,7786,-,-,1052,2684.0,-,-,-,343.0,70
Songjeong-dong,Seongdong-gu,5003,3943.0,1060,1500.0,-,47,454.0,-,870,-,492,137,-,917,-,-,63,408.0,-,-,-,109.0,6
Yongdap-dong,Seongdong-gu,13990,10881.0,3109,1884.0,-,170,634.0,-,2192,-,4600,489,1,2593,-,-,443,770.0,-,-,-,188.0,26
WangsimniDoseon-dong,Seongdong-gu,15226,10978.0,4248,3319.0,-,101,605.0,-,3506,-,1797,328,-,3895,-,-,291,1148.0,-,-,-,211.0,25
Geumho 2.3(i.sam)-ga-dong,Seongdong-gu,17159,13997.0,3162,8000.0,-,57,906.0,-,2558,-,765,630,-,2508,-,2,150,1329.0,-,-,-,232.0,22
Oksu-dong,Seongdong-gu,23487,18527.0,4960,8048.0,-,64,1434.0,-,3949,-,2683,780,-,4132,-,-,191,1810.0,-,-,-,348.0,48
Hwayang-dong,Gwangjin-gu,24166,16707.0,7459,4987.0,-,151,652.0,-,5973,-,2594,553,-1,6888,-,-,402,1752.0,-,-,-,194.0,19
Gunja-dong,Gwangjin-gu,14266,10951.0,3315,3810.0,-,100,829.0,-,2547,-,2224,369,-,2934,0,-,243,1013.0,-,-,-,185.0,12
Junggok 1(il)-dong,Gwangjin-gu,10864,7679.0,3185,2288.0,-,84,643.0,-,2198,-,1309,645,-,2534,-,-,153,858.0,-,-,-,145.0,6
Junggok 2(i)-dong,Gwangjin-gu,9916,7713.0,2203,2866.0,-,79,854.0,-,1784,-,963,143,-,2054,0,-,202,790.0,-,-,-,174.0,6
Junggok 3(sam)-dong,Gwangjin-gu,6391,4918.0,1472,1683.0,-,63,629.0,-,1175,-,560,116,-,1353,-,-,130,525.0,-,-,-,154.0,4
Junggok 4(sa)-dong,Gwangjin-gu,11387,9326.0,2061,3937.0,-,101,1249.0,-,1640,-,1018,158,-,1888,-,-,177,962.0,-,-,-,241.0,15
Neung-dong,Gwangjin-gu,8036,6294.0,1742,2315.0,-,75,535.0,-,1332,-,1219,202,-,1535,-,-,126,589.0,-,-,-,102.0,5
Guui 1(il)-dong,Gwangjin-gu,12821,9233.0,3588,3192.0,-,107,869.0,-,2000,-,1577,1278,-,2304,-,-,226,1081.0,-,-,-,181.0,6
Guui 2(i)-dong,Gwangjin-gu,13056,10545.0,2511,4247.0,-,86,1114.0,-,1969,-,1782,172,-,2268,0,-,186,991.0,-,-,-,169.0,71
Guui 3(sam)-dong,Gwangjin-gu,31855,24688.0,7167,7568.0,-,192,2108.0,-,5385,-,5598,687,-,6202,-,-,707,2302.0,-,-,-1,828.0,278
Gwangjang-dong,Gwangjin-gu,66671,56195.0,10475,24789.0,-,170,2874.0,-,7967,-,15028,1254,-,9182,0,-,576,4436.0,-,-,-,357.0,39
Jayang 1(il)-dong,Gwangjin-gu,12460,9030.0,3431,2704.0,-,100,887.0,-,2039,-,1887,1071,-,2349,-,-,197,993.0,-,-,-,223.0,10
Jayang 2(i)-dong,Gwangjin-gu,15034,11615.0,3420,3360.0,-,101,1496.0,-,2686,-,2226,283,-,3094,-,-,242,1169.0,-,-,-3,334.0,46
Jayang 3(sam)-dong,Gwangjin-gu,29423,22390.0,7033,5501.0,-,185,2172.0,-,5822,-,4581,299,-,6712,0,1,813,3076.0,-,-,-,241.0,21
Jayang 4(sa)-dong,Gwangjin-gu,11655,8468.0,3187,2327.0,-,97,916.0,-,2616,-,1228,165,-,3015,-,-,174,907.0,-,-,-,203.0,8
Hoegi-dong,Dongdaemun-gu,8460,6823.0,1638,1654.0,-,65,459.0,-,1293,-,2597,213,0,1418,-,-,130,510.0,-,-,-,115.0,7
Hwigyeong 1(il)-dong,Dongdaemun-gu,8410,6465.0,1945,2526.0,-,70,564.0,-,1386,-,969,376,0,1553,-,8,158,652.0,-,-,-,141.0,7
Hwigyeong 2(i)-dong,Dongdaemun-gu,13838,11598.0,2240,3604.0,-,78,1280.0,-,2107,-,3164,161,-,2075,-,-,210,972.0,-,-,-,182.0,4
Cheongnyangni-dong,Dongdaemun-gu,15172,11715.0,3457,2935.0,-,118,972.0,-,2833,-,3298,292,0,3122,-,-,220,1045.0,-,-,-,295.0,43
Yongsin-dong,Dongdaemun-gu,61124,50790.0,10333,8410.0,12285,301,1622.0,-,7421,-,11658,1133,4,9140,-,0,998,7562.0,-,-,-,532.0,56
Jegi-dong,Dongdaemun-gu,22126,15661.0,6465,4792.0,-,205,1190.0,-,4783,-,2191,617,1,5778,-,2,372,1719.0,-,-,-,408.0,67
Jeonnong 1(il)-dong,Dongdaemun-gu,19320,14518.0,4803,2816.0,-,157,758.0,-,3559,-,5391,507,-,4274,-,-,385,1193.0,-,-,-,260.0,22
Jeonnong 2(i)-dong,Dongdaemun-gu,11429,8960.0,2469,3019.0,-,58,1076.0,-,2099,-,1378,285,3,2168,-,3,185,978.0,-,-,-,167.0,11
Dapsimni 1(il)-dong,Dongdaemun-gu,18802,14020.0,4781,5642.0,-,137,930.0,-,3372,-,1857,787,1,3948,-,27,332,1411.0,-,-,-,340.0,19
Dapsimni 2(i)-dong,Dongdaemun-gu,15308,11985.0,3323,4017.0,-,129,1589.0,-,2964,-,1452,179,3,3116,-,-,275,1269.0,-,-,-,289.0,25
Jangan 1(il)-dong,Dongdaemun-gu,49629,41319.0,8310,10145.0,9904,257,2024.0,-,5632,-,5486,1565,9,6703,-,-,813,6608.0,-,-,-,450.0,32
Jangan 2(i)-dong,Dongdaemun-gu,23530,17536.0,5995,5288.0,199,200,1786.0,-,4659,-,2491,283,7,5669,-,-,583,1938.0,-,-,-,391.0,36
Imun 1(il)-dong,Dongdaemun-gu,12829,10216.0,2614,4030.0,-,78,1106.0,-,2206,-,1330,326,1,2271,-,-,228,1016.0,-,-,-,222.0,15
Imun 2(i)-dong,Dongdaemun-gu,8519,6325.0,2194,2378.0,-,36,1032.0,-,1160,-,620,64,-,2129,-,-,187,795.0,-,-,-,118.0,1
Myeonmok 2(i)-dong,Jungnang-gu,11036,7666.0,3369,2862.0,-,87,942.0,-,1807,-,609,642,-,2712,-,-,164,883.0,-,-,-,313.0,15
Myeonmok 4(sa)-dong,Jungnang-gu,8381,6385.0,1997,2892.0,-,55,766.0,-,1217,-,481,245,-,1735,-,-,87,676.0,-,-,-,212.0,17
Myeonmok 5(o)-dong,Jungnang-gu,4589,3196.0,1393,970.0,-,49,490.0,-,851,-,271,97,-,1291,-,-,76,357.0,-,-,-,133.0,5
Myeonmok 7(chil)-dong,Jungnang-gu,10036,7379.0,2657,2664.0,-,68,1028.0,-,1695,-,744,135,-,2504,-,-,167,777.0,-,-,-,235.0,18
Sangbong 1(il)-dong,Jungnang-gu,16645,13031.0,3614,2472.0,2540,72,1175.0,-,1980,-,1174,580,-,3022,-,-,154,3282.0,-,-,-,182.0,12
Sangbong 2(i)-dong,Jungnang-gu,23558,17911.0,5647,2566.0,6646,126,702.0,-,2940,-,2238,203,-,5429,-,-,348,2107.0,-,-,-,238.0,15
Junghwa 1(il)-dong,Jungnang-gu,7682,5686.0,1996,2026.0,-,59,862.0,-,1179,-,637,345,-,1641,-,-,120,637.0,-,-,-,167.0,10
Junghwa 2(i)-dong,Jungnang-gu,10672,7546.0,3126,2567.0,-,96,835.0,-,1966,-,814,124,-,2979,-,-,177,759.0,-,-,-,333.0,23
Muk 1(il)-dong,Jungnang-gu,20512,15034.0,5478,5882.0,-,108,1854.0,-,3201,-,1705,626,-,4807,-,-,347,1632.0,-,-,-,306.0,45
Muk 2(i)-dong,Jungnang-gu,9114,7000.0,2114,3097.0,-,64,776.0,-,1347,-,701,153,-,1954,-,-,136,713.0,-,-,-,167.0,7
Mangu 3(sam)-dong,Jungnang-gu,6048,4513.0,1535,1845.0,-,54,578.0,-,882,-,403,311,0,1219,0,0,84,488.0,-,-,0,180.0,5
Sinnae 1(il)-dong,Jungnang-gu,14777,10800.0,3977,3194.0,-,126,1644.0,-,2259,-,1853,645,-,3312,-,-,296,1161.0,-,-,-,267.0,20
Sinnae 2(i)-dong,Jungnang-gu,9818,7465.0,2353,2328.0,-,85,1203.0,-,1612,-,1064,116,-,2226,-,-,200,772.0,-,-,-,202.0,11
Myeonmokbon-dong,Jungnang-gu,14056,10545.0,3511,4714.0,-,98,1033.0,-,2094,-,801,384,-,3111,-,-,187,1317.0,-,-,-,301.0,15
Myeonmok 3.8(sam.pal)-dong,Jungnang-gu,10960,8069.0,2891,2672.0,-,95,1044.0,-,1793,-,1239,203,-,2674,-,-,181,811.0,-,-,-,234.0,14
Mangubon-dong,Jungnang-gu,32613,26851.0,5763,8796.0,6574,150,1300.0,-,3218,-,1801,457,-,5280,-,-,388,4282.0,-,-,-,341.0,27
Donam 1(il)-dong,Seongbuk-gu,7929,5853.0,2075,1850.0,-,46,856.0,-,1391,-,718,665,-,1399,-,-,119,754.0,-,-,-,119.0,11
Donam 2(i)-dong,Seongbuk-gu,13351,10548.0,2802,3259.0,-,16,1627.0,-,2548,-,1438,135,-,2640,-,-,198,1217.0,-,-,-,246.0,27
Anam-dong,Seongbuk-gu,14341,11772.0,2569,2836.0,-,118,629.0,-,1905,-,4970,364,-,2168,-,-,262,841.0,-,-,-,212.0,37
Bomun-dong,Seongbuk-gu,10020,7885.0,2135,2904.0,-,87,534.0,-,1655,-,1604,252,-,1866,-,-,181,751.0,-,-,-,170.0,17
Jeongneung 1(il)-dong,Seongbuk-gu,9763,7111.0,2651,2144.0,-,62,1064.0,-,1651,-,898,981,-,1651,-,-,158,931.0,-,-,-,204.0,19
Jeongneung 2(i)-dong,Seongbuk-gu,9209,7267.0,1942,2508.0,-,78,1101.0,-,1694,-,608,111,-,1806,-,-,178,846.0,-,-,-,254.0,25
Jeongneung 3(sam)-dong,Seongbuk-gu,6097,4849.0,1247,1484.0,-,55,611.0,-,1017,-,955,83,-,1149,-,-,69,503.0,-,-,-,157.0,15
Jeongneung 4(sa)-dong,Seongbuk-gu,11568,9370.0,2198,3277.0,-,81,1506.0,-,2020,-,937,127,1,2048,-,-,195,1072.0,-,-,-,283.0,22
Gireum 1(il)-dong,Seongbuk-gu,21705,16272.0,5433,4945.0,-,121,2277.0,-,4581,-,1497,652,-,4728,-,-,399,2206.0,-,-,-,246.0,53
Gireum 2(i)-dong,Seongbuk-gu,26001,21636.0,4365,8578.0,4653,126,803.0,-,3387,-,1614,119,-,4226,-,-,469,1834.0,-,-,-,173.0,20
Wolgok 1(il)-dong,Seongbuk-gu,14977,11855.0,3122,3279.0,-,108,1404.0,-,2692,-,2413,240,-,2864,-,-,272,1478.0,-,-,-,210.0,18
Wolgok 2(i)-dong,Seongbuk-gu,15038,12269.0,2769,4165.0,-,157,1021.0,-,2337,-,2898,133,-,2617,-,-,355,1134.0,-,-,-,203.0,19
Jangwi 1(il)-dong,Seongbuk-gu,6637,4848.0,1789,1190.0,-,64,847.0,-,1303,-,452,465,-,1311,-,-,77,625.0,-,-,-,290.0,13
Jangwi 2(i)-dong,Seongbuk-gu,7634,5703.0,1931,1528.0,-,84,773.0,-,1659,-,662,90,-,1827,-,-,115,659.0,-,-,-,223.0,14
Jangwi 3(sam)-dong,Seongbuk-gu,7013,5248.0,1765,1539.0,-,71,744.0,-,1516,-,471,97,-,1659,-,-,119,622.0,-,-,-,167.0,9
Seongbuk-dong,Seongbuk-gu,42653,36120.0,6533,15753.0,-,-194,1053.0,-,4243,-,12737,716,-,5764,-,-,221,2025.0,-,-,-,281.0,53
Samseon-dong,Seongbuk-gu,21617,17930.0,3687,9346.0,-,135,1063.0,-,2797,-,2323,571,-,3098,-,-,294,1703.0,-,-,-,269.0,18
Dongseon-dong,Seongbuk-gu,14924,11248.0,3676,4345.0,-,139,604.0,-,2621,-,1832,404,-,3249,0,10,354,1198.0,-,-,-,156.0,13
Jongam-dong,Seongbuk-gu,21033,16112.0,4921,5369.0,-,152,2051.0,-,4021,-,1807,683,-,4209,-,-,442,1912.0,-,-,-,358.0,29
Seokgwan-dong,Seongbuk-gu,14815,11223.0,3591,3406.0,-,146,1483.0,-,2896,-,1385,476,-,3065,-,-,255,1289.0,-,-,-,363.0,50
Beon 1(il)-dong,Gangbuk-gu,33325,26225.0,5290,5443.0,8148,125,670.0,-,2621,-,2253,510,-,4625,-,-,247,4909.0,-,-,-,195.0,17
Beon 2(i)-dong,Gangbuk-gu,4886,3516.0,1162,995.0,-,52,615.0,-,678,-,581,58,-,1196,-,-,81,349.0,-,-,-,169.0,12
Beon 3(sam)-dong,Gangbuk-gu,6412,4674.0,1529,1785.0,-,52,793.0,-,931,-,397,55,-,1642,-,-,113,491.0,-,-,-,172.0,17
Suyu 1(il)-dong,Gangbuk-gu,12072,8056.0,5235,3248.0,-,83,678.0,-,1542,-,1369,1067,-,2720,-,-,163,887.0,-,-,-,232.0,24
Suyu 2(i)-dong,Gangbuk-gu,10634,7860.0,2621,3422.0,-,68,935.0,-,1497,-,840,147,-,2641,-,-,184,780.0,-,-,-,186.0,13
Suyu 3(sam)-dong,Gangbuk-gu,13786,10009.0,3873,4594.0,-,121,687.0,-,2283,-,1055,179,-,4028,-,-,239,988.0,-,-,-,243.0,21
Samyang-dong,Gangbuk-gu,11304,8104.0,2797,3422.0,-,52,1029.0,-,1752,-,700,73,-,3092,-,-,199,834.0,-,-,-,374.0,40
Mia-dong,Gangbuk-gu,15117,10182.0,6634,4586.0,-,111,717.0,-,2047,-,1457,1303,-,3611,-,-,203,1133.0,-,-,-,206.0,14
Songjung-dong,Gangbuk-gu,15872,11266.0,5046,3625.0,-,141,1061.0,-,3123,-,1387,126,-,5510,-,-,317,1159.0,-,-,-,311.0,27
Songcheon-dong,Gangbuk-gu,13814,9836.0,4246,3672.0,-,105,955.0,-,2641,-,981,122,-,4659,-,-,261,1035.0,-,-,-,285.0,27
Samgaksan-dong,Gangbuk-gu,16449,12091.0,4090,4713.0,-,60,1966.0,-,2525,-,655,127,-,4454,-,-,335,1358.0,-,-,-,314.0,43
Ui-dong,Gangbuk-gu,12103,8738.0,3243,4048.0,-,62,861.0,-,1766,-,1197,226,-,3117,-,-,162,861.0,-,-,-,289.0,31
Insu-dong,Gangbuk-gu,12711,9365.0,2794,4108.0,-,95,1128.0,-,1586,-,1372,160,-,2798,-,-,181,879.0,-,-,-,335.0,31
Ssangmun 1(il)-dong,Dobong-gu,7319,6226.0,1093,2366.0,-,73,851.0,-,1131,-,704,646,-,431,-,-,112,754.0,-,-,-,235.0,16
Ssangmun 2(i)-dong,Dobong-gu,6418,5733.0,686,1835.0,-,67,783.0,-,1340,-,671,138,-,528,-,-,186,627.0,-,-,-,223.0,20
Ssangmun 3(sam)-dong,Dobong-gu,5444,4868.0,575,1521.0,-,57,655.0,-,1197,-,641,83,-,483,-,-,116,539.0,-,-,-,142.0,10
Ssangmun 4(sa)-dong,Dobong-gu,5786,5225.0,562,1667.0,-,43,1037.0,-,1196,-,373,94,-,451,-,-,103,655.0,-,-,-,150.0,16
Banghak 1(il)-dong,Dobong-gu,10582,8769.0,1813,2558.0,-,106,1287.0,-,2224,-,1105,888,-,912,-,-,199,1117.0,-,-,-,173.0,13
Banghak 2(i)-dong,Dobong-gu,11178,10140.0,1038,4022.0,-,96,1342.0,-,2022,-,1035,214,-,792,-,-,268,1122.0,-,-,-,232.0,32
Banghak 3(sam)-dong,Dobong-gu,3430,3105.0,325,976.0,-,42,537.0,-,697,-,306,74,-,243,-,-,67,355.0,-,-,-,125.0,8
Chang 1(il)-dong,Dobong-gu,17776,16108.0,1668,3235.0,-,103,1774.0,-,3603,-,1739,150,-,1490,-,-,375,5085.0,-,-,-,194.0,28
Chang 2(i)-dong,Dobong-gu,13422,11777.0,1645,2980.0,-,111,1621.0,-,3430,-,1713,167,-,1452,-,-,379,1340.0,-,-,-,203.0,26
Chang 3(sam)-dong,Dobong-gu,53735,17425.0,36310,6955.0,-,124,1610.0,-,3432,-,3099,1046,-,35192,-,-,481,1468.0,-,-,-,255.0,72
Chang 4(sa)-dong,Dobong-gu,14676,14064.0,612,2659.0,8555,60,710.0,-,881,-,337,279,-,318,-,-,96,508.0,-,-,-,258.0,15
Chang 5(o)-dong,Dobong-gu,11184,10186.0,997,4300.0,-,72,1682.0,-,1828,-,867,279,-,697,-,-,164,1028.0,-,-,-,245.0,22
Dobong 1(il)-dong,Dobong-gu,8013,6733.0,1280,2002.0,-,101,867.0,-,1677,-,921,545,-,719,-,-,129,786.0,-,-,-,250.0,16
Dobong 2(i)-dong,Dobong-gu,11644,10481.0,1163,3976.0,-,84,1494.0,-,2429,-,836,165,-,977,-,-,234,1176.0,-,-,-,253.0,21
Wolgye 1(il)-dong,Nowon-gu,12511,9499.0,3012,3594.0,-,78,1127.0,-,1919,-,1293,773,-,2222,-,-,203,1057.0,-,-,-,228.0,17
Wolgye 2(i)-dong,Nowon-gu,8438,6520.0,1918,1857.0,-,96,1286.0,-,1544,-,725,118,-,1788,-,-,145,713.0,-,-,-,154.0,12
Wolgye 3(sam)-dong,Nowon-gu,13857,10313.0,3544,2722.0,-,115,1826.0,-,2958,-,1031,100,-,3425,-,-,238,1171.0,-,-,-,252.0,19
Gongneung 2(i)-dong,Nowon-gu,21357,17006.0,4351,4778.0,-,147,2634.0,-,3443,-,3445,334,-,3987,-,-,366,1804.0,-,-,-,389.0,30
Hagye 1(il)-dong,Nowon-gu,14308,10728.0,3580,2705.0,-,90,1643.0,-,2551,-,2043,607,-,2953,-,-,226,1209.0,-,-,-,261.0,20
Hagye 2(i)-dong,Nowon-gu,8584,6501.0,2083,1782.0,-,76,1373.0,-,1729,-,580,69,-,2002,-,-,80,725.0,-,-,-,156.0,12
Junggyebon-dong,Nowon-gu,16525,12708.0,3817,2705.0,-,88,1868.0,-,3148,-,2939,149,-,3645,-,-,263,1396.0,-,-,-,301.0,23
Junggye 1(il)-dong,Nowon-gu,15671,11265.0,4406,3069.0,-,86,1815.0,-,2806,-,1597,1135,-,3249,-,-,283,1324.0,-,-,-,285.0,22
Junggye 4(sa)-dong,Nowon-gu,9256,7323.0,1933,2591.0,-,69,1066.0,-,1569,-,893,104,-,1816,-,-,184,782.0,-,-,-,169.0,13
Sanggye 1(il)-dong,Nowon-gu,22639,16640.0,5999,5849.0,-,138,2375.0,-,3597,-,1939,1802,-,4165,-,-,417,1913.0,-,-,-,412.0,32
Sanggye 2(i)-dong,Nowon-gu,17593,13397.0,4196,3849.0,-,73,1147.0,-,3426,-,2641,212,-1,3967,-,-,453,1487.0,-,-,-6,321.0,24
Sanggye 5(o)-dong,Nowon-gu,7135,5712.0,1423,2072.0,-,79,914.0,-,1123,-,651,112,-,1301,-,-,140,603.0,-,-,-,130.0,10
Sanggye 8(pal)-dong,Nowon-gu,5883,4798.0,1085,1579.0,-,89,1232.0,-,869,-,344,71,-,1006,-,-,81,497.0,-,-,-,107.0,8
Sanggye 9(gu)-dong,Nowon-gu,6772,5389.0,1383,1943.0,-,81,1104.0,-,1130,-,348,65,-,1309,-,-,88,572.0,-,-,-,123.0,9
Sanggye 10(sip)-dong,Nowon-gu,7532,5870.0,1662,1786.0,-,70,996.0,-,1235,-,928,221,-,1430,-,1,82,636.0,-,-,-,137.0,10
Sanggye 3.4(sam.sa)-dong,Nowon-gu,11252,8411.0,2841,1870.0,-,130,1596.0,-,2310,-,1130,151,-,2674,-,-,219,951.0,-,-,-,205.0,16
Sanggye 6.7(yuk.chil)-dong,Nowon-gu,23534,18481.0,5053,5398.0,-,129,1732.0,-,4181,-,4202,179,-,4841,-,-,422,1988.0,-,-,-,429.0,33
Junggye 2.3(i.sam)-dong,Nowon-gu,12260,9734.0,2526,3229.0,-,124,1677.0,-,2055,-,1031,130,-,2380,-1,-,359,1036.0,-,-,-,223.0,17
Gongneung 1(il)-dong,Nowon-gu,20633,15695.0,4938,7546.0,-,130,975.0,-,3303,-,1255,1084,-,3825,-,-,367,1743.0,-,-,-,376.0,29
Nokbeon-dong,Eunpyeong-gu,17216,13077.0,4139,4736.0,-,125,1269.0,-,2892,-,2187,410,1,3713,-,-,254,1315.0,-,-,-,299.0,14
Bulgwang 1(il)-dong,Eunpyeong-gu,26262,19010.0,7252,6203.0,-,133,1935.0,-,5066,-,2894,827,-,6401,-1,-,402,2083.0,-,-,-,294.0,26
Galhyeon 1(il)-dong,Eunpyeong-gu,11516,8270.0,3246,2842.0,-,96,952.0,-,1975,-,1006,620,-,2610,-,-,193,968.0,-,-,-,238.0,16
Galhyeon 2(i)-dong,Eunpyeong-gu,12807,10150.0,2657,4436.0,-,87,1168.0,-,2011,-,925,174,-,2473,-,-,212,1075.0,-,-,-,236.0,11
Gusan-dong,Eunpyeong-gu,12340,9923.0,2418,3655.0,-,83,1473.0,-,1751,-,1478,419,-,1981,-,-,191,1031.0,-,-,-,262.0,17
Daejo-dong,Eunpyeong-gu,20633,15928.0,4705,7480.0,-,152,1078.0,-,3034,-,1908,522,-,4169,-1,-,420,1598.0,-,-,-,258.0,15
Eungam 1(il)-dong,Eunpyeong-gu,16728,12260.0,4468,4733.0,-,113,1286.0,-,2568,-,1495,1118,-,3326,-,4,383,1408.0,-,-,-,274.0,20
Eungam 2(i)-dong,Eunpyeong-gu,18974,16719.0,2254,11730.0,-,55,933.0,-,1822,-,440,239,-,2002,-,-,174,1373.0,-,-,-,192.0,13
Sinsa 1(il)-dong,Eunpyeong-gu,12691,10306.0,2385,4968.0,-,77,1242.0,-,1642,-,867,496,-,1880,-1,-,186,1115.0,-,-,-,208.0,10
Sinsa 2(i)-dong,Eunpyeong-gu,6527,5146.0,1380,1741.0,-,52,965.0,-,1136,-,367,80,-,1287,-,-,97,588.0,-,-,-,200.0,13
Jeungsan-dong,Eunpyeong-gu,9662,6857.0,2805,1954.0,-,64,1037.0,-,1870,-,799,289,1,2501,-,-,144,805.0,-,-,-,185.0,15
Susaek-dong,Eunpyeong-gu,10573,7866.0,2707,2921.0,-,68,916.0,-,1893,-,902,228,-,2460,-1,9,135,869.0,-,-,-,162.0,12
Jingwan-dong,Eunpyeong-gu,30526,22466.0,8060,7793.0,-,107,2906.0,-,5866,-,2384,639,-,7400,-2,-,693,2479.0,-,-,-,238.0,23
Bulgwang 2(i)-dong,Eunpyeong-gu,10012,7625.0,2387,2590.0,-,84,1000.0,-,1797,-,885,182,-,2191,-,-,170,816.0,-,-,-,283.0,14
Eungam 3(sam)-dong,Eunpyeong-gu,11014,8447.0,2567,3383.0,-,85,884.0,-,1833,-,959,179,-,2374,-,-,190,877.0,-,-,-,235.0,14
Yeokchon-dong,Eunpyeong-gu,20087,16127.0,3960,7332.0,-,141,1940.0,-,2794,-,1420,709,-,3223,-,-,349,1727.0,-,-,-,424.0,28
Cheonyeon-dong,Seodaemun-gu,10509,7445.0,3064,2210.0,-,61,1045.0,-,2216,-,770,188,-,2861,-,-,139,870.0,-,-,-,134.0,15
Hongje 1(il)-dong,Seodaemun-gu,11104,7784.0,3320,1182.0,-,93,1243.0,-,2230,-,1666,537,-,2771,-,-,163,1014.0,-,-,-,193.0,12
Hongje 3(sam)-dong,Seodaemun-gu,7250,5068.0,2182,1088.0,-,73,794.0,-,1587,-,636,142,-,2025,-,-,102,636.0,-,-,-,152.0,15
Hongje 2(i)-dong,Seodaemun-gu,7426,5302.0,2124,1336.0,-,35,866.0,-,1570,-,625,160,-,1958,-,-,92,685.0,-,-,-,93.0,6
Hongeun 1(il)-dong,Seodaemun-gu,10576,7928.0,2648,2514.0,-,63,1131.0,-,1591,-,1309,704,-,1887,-,-,115,897.0,-,-,-,308.0,57
Hongeun 2(i)-dong,Seodaemun-gu,14355,11168.0,3187,3846.0,-,117,1408.0,-,2368,-,1697,162,1,3004,-,-,298,1119.0,-,-,-,315.0,20
Namgajwa 1(il)-dong,Seodaemun-gu,8121,5232.0,2889,1729.0,-,22,292.0,-,1805,-,705,434,-,2439,-,-,54,543.0,-,-,-,82.0,16
Namgajwa 2(i)-dong,Seodaemun-gu,13151,10252.0,2899,4827.0,-,82,1221.0,-,2242,-,511,192,-,2694,-,-,180,954.0,-,-,-,235.0,13
Bukgajwa 1(il)-dong,Seodaemun-gu,18025,15518.0,2507,11376.0,-,32,524.0,-,1409,-,974,728,-,1766,-,-,61,1035.0,-,-,-,107.0,13
Bukgajwa 2(i)-dong,Seodaemun-gu,10309,7266.0,3043,1171.0,-,45,1459.0,-,2099,-,920,463,2,2563,-,-,190,1118.0,-,-,-,264.0,15
Chunghyeon-dong,Seodaemun-gu,37644,31187.0,6457,10345.0,-,209,986.0,-,3870,-,12833,736,1,5676,-,2,764,1881.0,-,-,-,299.0,42
Bugahyeon-dong,Seodaemun-gu,9009,6137.0,2872,1822.0,-,30,386.0,-,1646,-,1265,668,-,2191,-,-,64,654.0,-,-,-,270.0,13
Sinchon-dong,Seodaemun-gu,40954,28634.0,12320,6450.0,-,267,757.0,-,7327,-,10040,483,2,11734,-,-,933,2584.0,-,-,-,276.0,101
Yeonhui-dong,Seodaemun-gu,31520,24924.0,6595,8599.0,-,160,2127.0,-,4258,-,6721,835,2,5650,-,-,399,2179.0,-,-,-,481.0,108
Yonggang-dong,Mapo-gu,30596,24901.0,5695,7951.0,-,196,1645.0,-,5093,-,6820,664,1,4988,-,-,690,2221.0,-,-,-,285.0,42
Daeheung-dong,Mapo-gu,13521,10144.0,3377,2308.0,-,128,453.0,-,2948,-,2845,335,1,3005,-,-,326,940.0,-,-,-,196.0,36
Yeomni-dong,Mapo-gu,8834,7142.0,1692,1777.0,-,67,618.0,-,1648,-,2120,255,-,1426,-,-,136,633.0,-,-,-,143.0,11
Sinsu-dong,Mapo-gu,13692,10359.0,3333,2798.0,-,94,1283.0,-,2874,-,1655,567,1,2740,-,-,225,1183.0,-,-,-,247.0,25
Seogyo-dong,Mapo-gu,85660,70912.0,14748,32814.0,-,570,1895.0,-,11405,-,15586,2748,4,11911,-,6,1571,6493.0,-,-,-1,578.0,80
Hapjeong-dong,Mapo-gu,23771,20089.0,3682,9744.0,-,130,989.0,-,2786,-,4099,992,-,2674,-,-,240,1876.0,-,-,-,225.0,16
Mangwon 1(il)-dong,Mapo-gu,8825,7014.0,1811,2125.0,-,83,951.0,-,1630,-,1084,489,-,1311,-,-,151,776.0,-,-,-,214.0,11
Mangwon 2(i)-dong,Mapo-gu,7955,6508.0,1447,1889.0,-,72,962.0,-,1547,-,984,149,-,1285,-,-,161,691.0,-,-,-,202.0,13
Yeonnam-dong,Mapo-gu,11377,9512.0,1865,4012.0,-,79,919.0,-,1660,-,1544,473,-,1381,-,-,158,920.0,-,-,-,220.0,11
Seongsan 1(il)-dong,Mapo-gu,14011,11506.0,2505,4082.0,-,138,1085.0,-,1875,-,2716,863,-,1630,-,-,245,1119.0,-,-,-,246.0,12
Seongsan 2(i)-dong,Mapo-gu,17606,14026.0,3580,3859.0,-,155,2058.0,-,3866,-,1864,184,-,3365,-,-,297,1582.0,-,-,-,345.0,31
Sangam-dong,Mapo-gu,82069,73107.0,8962,32049.0,-,352,2110.0,-,7480,-,22891,1507,-,7410,-,1,1684,6161.0,-,-,-3,380.0,47
Dohwa-dong,Mapo-gu,29611,23776.0,5835,3765.0,-,186,1623.0,-,4737,-,10917,1220,-,4567,-,-,421,1837.0,-,-,-1,290.0,49
Seogang-dong,Mapo-gu,25359,20569.0,4790,5761.0,-,139,1553.0,-,4788,-,5699,279,-,4478,-,-,425,1849.0,-,-,-,355.0,33
gongdeok-dong,Mapo-gu,54957,47997.0,6960,16049.0,-,225,1807.0,-,6060,-,19036,1173,1,5728,-,-,811,3210.0,-,-,-1,799.0,59
Ahyeon-dong,Mapo-gu,33488,27026.0,6462,7078.0,-,169,1145.0,-,5838,-,9660,535,-,5892,-,-,610,2261.0,-,-,-1,265.0,36
Mok 1(il)-dong,Yangcheon-gu,78301,63224.0,15077,15594.0,-,…,2847.0,-,…,-,…,…,-,12074,-,-,2053,4812.0,…,-,-,291.0,39
Mok 2(i)-dong,Yangcheon-gu,15682,12920.0,2763,4775.0,-,…,1594.0,-,…,-,…,…,-,2487,-,-,226,1331.0,…,-,-,313.0,21
Mok 3(sam)-dong,Yangcheon-gu,11584,9260.0,2324,3470.0,-,…,1077.0,-,…,-,…,…,-,2105,-,-,197,1005.0,…,-,-,241.0,11
Mok 4(sa)-dong,Yangcheon-gu,12516,10240.0,2276,3749.0,-,…,1419.0,-,…,-,…,…,-,2013,-,-,231,1114.0,…,-,-,265.0,13
Sinwol 1(il)-dong,Yangcheon-gu,10484,8110.0,2374,3205.0,-,…,910.0,-,…,-,…,…,-,1221,-,-,159,928.0,…,-,-,293.0,13
Sinwol 2(i)-dong,Yangcheon-gu,9775,7987.0,1788,3348.0,-,…,943.0,-,…,-,…,…,-,1616,-,-,154,821.0,…,-,-,240.0,13
Sinwol 3(sam)-dong,Yangcheon-gu,6124,5057.0,1067,2164.0,-,…,601.0,-,…,-,…,…,-,865,-,-,87,519.0,…,-,-,213.0,11
Sinwol 4(sa)-dong,Yangcheon-gu,8085,6848.0,1237,2845.0,-,…,958.0,-,…,-,…,…,-,1081,-,-,144,700.0,…,-,-,214.0,14
Sinwol 5(o)-dong,Yangcheon-gu,7556,6258.0,1299,2788.0,-,…,698.0,-,…,-,…,…,-,1178,-,-,142,631.0,…,-,-,165.0,11
Sinwol 6(yuk)-dong,Yangcheon-gu,5122,4133.0,989,1459.0,-,…,612.0,-,…,-,…,…,-,890,-,-,96,434.0,…,-,-,181.0,16
Sinwol 7(chil)-dong,Yangcheon-gu,6850,5771.0,1078,1823.0,-,…,1012.0,-,…,-,…,…,-,954,-,-,119,593.0,…,-,-,261.0,15
Sinjeong 1(il)-dong,Yangcheon-gu,20372,14375.0,5997,3432.0,-,…,1380.0,-,…,-,…,…,1,4227,-,-,164,1742.0,…,-,-,187.0,21
Sinjeong 2(i)-dong,Yangcheon-gu,11700,8920.0,2780,2252.0,-,…,1396.0,-,…,-,…,…,1,2551,-,-,211,1067.0,…,-,-,179.0,21
Sinjeong 3(sam)-dong,Yangcheon-gu,24999,20793.0,4206,7134.0,-,…,2890.0,-,…,-,…,…,3,3844,-,-,490,2059.0,…,-,-,522.0,59
Sinjeong 6(yuk)-dong,Yangcheon-gu,25756,19925.0,5831,5157.0,-,…,2163.0,-,…,-,…,…,-,5647,-,-,325,2077.0,…,-,-,198.0,39
Sinjeong 7(chil)-dong,Yangcheon-gu,14595,11563.0,3032,2493.0,-,…,1807.0,-,…,-,…,…,-,2884,-,-,317,1262.0,…,-,-,222.0,17
Mok 5(o)-dong,Yangcheon-gu,53375,41344.0,12030,9958.0,-,…,3923.0,-,…,-,…,…,-,11670,-2,-,615,4107.0,…,-,-,264.0,36
Sinjeong 4(sa)-dong,Yangcheon-gu,17962,14559.0,3403,5028.0,-,…,1594.0,-,…,-,…,…,2,3077,-,-,441,1421.0,…,-,-,395.0,21
Yeomchang-dong,Gangseo-gu,39112,31687.0,7425,10235.0,-,212,3050.0,-,6825,-,6839,1136,-,6238,-,-,770,3135.0,-,-,-2,621.0,53
Deungchon 1(il)-dong,Gangseo-gu,26253,20314.0,5939,6012.0,-,158,1347.0,-,4991,-,4606,1050,-,4851,-,-,473,2322.0,-,-,-,405.0,38
Deungchon 2(i)-dong,Gangseo-gu,13442,10897.0,2545,2667.0,-,77,1371.0,-,2595,-,2494,161,-,2365,-,-,230,1260.0,-,-,-,203.0,19
Deungchon 3(sam)-dong,Gangseo-gu,30593,25638.0,4955,8442.0,-,190,1765.0,-,5034,-,6740,319,-,4598,-,-,556,2414.0,-,-,-,497.0,38
Hwagokbon-dong,Gangseo-gu,13722,11644.0,2078,5304.0,-,122,1394.0,-,1984,-,1277,381,-,1683,-,-,390,916.0,-,-,-,257.0,14
Hwagok 2(i)-dong,Gangseo-gu,6425,5464.0,961,2091.0,-,74,756.0,-,989,-,815,165,-,789,-,-,162,464.0,-,-,-,113.0,7
Hwagok 3(sam)-dong,Gangseo-gu,14783,12166.0,2617,3371.0,-,96,1356.0,-,2753,-,2726,203,-,2394,-,-,276,1355.0,-,-,-,233.0,20
Hwagok 4(sa)-dong,Gangseo-gu,10088,8478.0,1610,3152.0,-,98,1053.0,-,1543,-,1513,262,-,1337,-,-,226,723.0,-,-,-,170.0,11
Hwagok 6(yuk)-dong,Gangseo-gu,30533,25753.0,4780,11329.0,-,141,1449.0,-,4368,-,5484,319,-,4429,-,-,512,1992.0,-,-,-,478.0,32
Hwagok 8(pal)-dong,Gangseo-gu,10207,8915.0,1292,4523.0,-,93,1012.0,-,1376,-,827,213,-,1069,-,-,270,629.0,-,-,-,185.0,10
Gayang 1(il)-dong,Gangseo-gu,23983,19598.0,4385,6903.0,-,107,1686.0,-,4044,-,4026,501,-,3851,-,-,439,2012.0,-,-,-,381.0,33
Gayang 2(i)-dong,Gangseo-gu,7017,5832.0,1185,1968.0,-,66,715.0,-,1236,-,1013,157,-,1019,-,-,148,572.0,-,-,-,114.0,9
Gayang 3(sam)-dong,Gangseo-gu,7949,6458.0,1491,2069.0,-,66,816.0,-,1508,-,1048,69,-,1411,-,-,143,689.0,-,-,-,119.0,11
Balsan 1(il)-dong,Gangseo-gu,16918,14113.0,2805,4349.0,-,169,1675.0,-,2881,-,2438,327,-,2455,-,-,814,1346.0,-,-,-,441.0,23
Gonghang-dong,Gangseo-gu,32507,20680.0,11827,8789.0,-,170,1010.0,-,3884,-,4307,2077,3,9678,-1,3,322,1799.0,-,-,-5,399.0,72
Banghwa 1(il)-dong,Gangseo-gu,15429,12311.0,3118,2913.0,-,143,1758.0,-,2960,-,2600,552,-,2544,-,-,325,1366.0,-,-,-,246.0,22
Banghwa 2(i)-dong,Gangseo-gu,13034,10658.0,2376,3690.0,-,134,1113.0,-,2381,-,1809,263,-,2094,-,-,239,1093.0,-,-,-,199.0,19
Banghwa 3(sam)-dong,Gangseo-gu,10419,8680.0,1739,2424.0,-,101,1422.0,-,1953,-,1474,147,-,1577,-,-,233,904.0,-,-,-,169.0,14
Hwagok 1(il)-dong,Gangseo-gu,25769,20293.0,5476,8765.0,-,218,1967.0,-,4082,-,2253,1865,2,3579,-,1,649,1914.0,-,-,-,445.0,29
Ujangsan-dong,Gangseo-gu,27720,22530.0,5190,7170.0,-,149,2182.0,-,5334,-,4307,312,3,4835,-,2,468,2505.0,-,-,-,415.0,38
Sindorim-dong,Guro-gu,45571,35985.0,9587,15057.0,-,…,2861.0,-,…,-,…,1172,-,8372,-,-,…,3499.0,…,…,-,303.0,42
Guro 1(il)-dong,Guro-gu,15864,11303.0,4562,3307.0,-,…,1601.0,-,…,-,…,2511,-,2038,-,-,…,1386.0,…,…,-,164.0,13
Guro 3(sam)-dong,Guro-gu,68500,59412.0,9088,15003.0,-,…,2556.0,-,…,-,…,1420,9,7594,-,-34,…,3508.0,…,…,-6,584.0,107
Guro 4(sa)-dong,Guro-gu,12302,10105.0,2196,4039.0,-,…,941.0,-,…,-,…,177,-,1998,-,-,…,936.0,…,…,-,226.0,21
Guro 5(o)-dong,Guro-gu,32255,26310.0,5945,9628.0,-,…,1994.0,-,…,-,…,819,-,5061,-,-,…,2313.0,…,…,-,508.0,65
Gocheok 1(il)-dong,Guro-gu,16354,12018.0,4336,2780.0,-,…,1430.0,-,…,-,…,757,-,3552,-1,-,…,1306.0,…,…,-,239.0,28
Gocheok 2(i)-dong,Guro-gu,11397,9132.0,2265,3103.0,-,…,1489.0,-,…,-,…,252,-,1995,-,-,…,969.0,…,…,-,341.0,18
Gaebong 2(i)-dong,Guro-gu,14913,11829.0,3085,4149.0,-,…,1880.0,-,…,-,…,208,-,2853,-,-,…,1345.0,…,…,-,258.0,24
Gaebong 3(sam)-dong,Guro-gu,8791,7123.0,1669,2646.0,-,…,983.0,-,…,-,…,145,-,1511,-,-,…,749.0,…,…,-,197.0,13
Oryu 1(il)-dong,Guro-gu,12535,9769.0,2765,4251.0,-,…,845.0,-,…,-,…,535,1,2135,-,-,…,1031.0,…,…,-,381.0,94
Oryu 2(i)-dong,Guro-gu,20401,15823.0,4578,6273.0,-,…,1892.0,-,…,-,…,230,-,4318,-,-,…,1722.0,…,…,-,298.0,30
Sugung-dong,Guro-gu,11973,9584.0,2389,3744.0,-,…,1272.0,-,…,-,…,248,-,2103,-,-,…,1007.0,…,…,-,293.0,39
Garibong-dong,Guro-gu,5182,3585.0,1597,923.0,-,…,369.0,-,…,-,…,144,-,1441,-,-,…,406.0,…,…,-,165.0,12
Guro 2(i)-dong,Guro-gu,32246,25478.0,6768,7518.0,-,…,1768.0,-,…,-,…,570,6,6164,-,-,…,2246.0,…,…,-,393.0,28
Gaebong 1(il)-dong,Guro-gu,14276,10466.0,3809,2501.0,-,…,1722.0,-,…,-,…,736,-,3053,-,-,…,1271.0,…,…,-,296.0,20
Gasan-dong,Geumcheon-gu,131024,110580.0,20444,30844.0,-,1272,2923.0,-,10947,-,53825,4077,19,16313,-,-6,3996,6210.0,-,-,-,563.0,41
Doksan 1(il)-dong,Geumcheon-gu,40395,28669.0,11727,12048.0,-,357,1700.0,-,6143,-,4486,1243,5,10455,-,-2,807,2754.0,-,-,-,374.0,26
Doksan 2(i)-dong,Geumcheon-gu,7573,5720.0,1853,1819.0,-,75,816.0,-,1239,-,893,108,1,1739,-,-,103,573.0,-,-,-,201.0,5
Doksan 3(sam)-dong,Geumcheon-gu,12911,9438.0,3473,2986.0,-,145,993.0,-,2216,-,1518,167,-,3256,-,-,248,955.0,-,-,-,376.0,50
Doksan 4(sa)-dong,Geumcheon-gu,6612,5013.0,1599,1776.0,-,76,616.0,-,1120,-,590,86,-,1507,-,-,128,518.0,-,-,-,189.0,6
Siheung 1(il)-dong,Geumcheon-gu,26408,18652.0,7756,6873.0,-,207,1519.0,-,4247,-,3008,969,1,6769,-,-,442,2017.0,-,-,-,339.0,17
Siheung 2(i)-dong,Geumcheon-gu,9061,7035.0,2026,2060.0,-,48,1448.0,-,1571,-,749,95,-,1919,-,-,154,814.0,-,-,-,191.0,11
Siheung 3(sam)-dong,Geumcheon-gu,11719,8833.0,2886,2662.0,-,216,857.0,-,1776,-,2128,178,36,2660,-,-,196,813.0,-,-,-,185.0,11
Siheung 4(sa)-dong,Geumcheon-gu,6290,5094.0,1197,2051.0,-,57,890.0,-,934,-,274,82,-,1105,-,-,81,567.0,-,-,-,241.0,10
Siheung 5(o)-dong,Geumcheon-gu,7113,5549.0,1564,1923.0,-,77,791.0,-,1129,-,736,79,2,1476,-,-,113,569.0,-,-,-,211.0,8
Yeouido-dong,Yeongdeungpo-gu,510310,470517.0,39793,76282.0,-,899,6496.0,-,31916,-,333916,11719,1,27977,-,-3,4716,15579.0,-,-,-5,713.0,103
Dangsan 1(il)-dong,Yeongdeungpo-gu,28785,24153.0,4632,6170.0,2284,264,1339.0,-,4015,-,6552,1058,2,3518,-,24,493,2706.0,-,-,-,330.0,30
Dangsan2(i)-dong,Yeongdeungpo-gu,41324,35332.0,5992,15453.0,119,261,2509.0,-,5998,-,5658,670,1,5257,-,25,1568,3424.0,-,-,-,342.0,39
Yangpyeong 1(il)-dong,Yeongdeungpo-gu,26799,22813.0,3986,7273.0,-,234,1309.0,-,2785,-,8614,1356,3,2440,-,42,288,1862.0,-,-,-,448.0,145
Yangpyeong 2(i)-dong,Yeongdeungpo-gu,37318,33307.0,4011,15551.0,-,205,1583.0,-,3632,-,8098,789,1,3182,-,8,491,2860.0,-,-,-,887.0,31
Singil 1(il)-dong,Yeongdeungpo-gu,8593,6786.0,1807,1983.0,-,104,751.0,-,1196,-,1539,748,1,1048,-,-,219,805.0,-,-,-,189.0,10
Singil 3(sam)-dong,Yeongdeungpo-gu,6528,5076.0,1452,1280.0,-,78,622.0,-,1447,-,623,165,1,1269,-,-,210,653.0,-,-,-,163.0,17
Singil 4(sa)-dong,Yeongdeungpo-gu,3577,2932.0,645,612.0,-,53,450.0,-,645,-,492,69,-,565,-,-,162,394.0,-,-,-,124.0,11
Singil 5(o)-dong,Yeongdeungpo-gu,4101,3380.0,721,978.0,-,70,549.0,-,747,-,234,61,-,654,-,-,165,464.0,-,-,-,173.0,6
Singil 6(yuk)-dong,Yeongdeungpo-gu,9367,7616.0,1751,2306.0,-,109,1018.0,-,1855,-,737,107,1,1626,-,-,405,924.0,-,-,-,262.0,17
Singil 7(chil)-dong,Yeongdeungpo-gu,7042,6027.0,1015,2456.0,-,64,866.0,-,1023,-,415,89,1,897,-,-,233,763.0,-,-,-,207.0,28
Daerim 1(il)-dong,Yeongdeungpo-gu,7141,5645.0,1496,1518.0,-,88,592.0,-,989,-,1280,520,1,872,-,-,155,650.0,-,-,-,373.0,103
Daerim 2(i)-dong,Yeongdeungpo-gu,9928,8480.0,1448,3224.0,-,96,673.0,-,1455,-,1627,114,3,1275,-,-,215,850.0,-,-,-,340.0,56
Daerim 3(sam)-dong,Yeongdeungpo-gu,18594,16347.0,2247,8357.0,-,198,1447.0,-,2307,-,2074,200,2,2021,-,6,433,1243.0,-,-,-,288.0,18
Yeongdeungpobon-dong,Yeongdeungpo-gu,14313,12106.0,2207,3198.0,458,134,1139.0,-,2345,-,2769,142,1,2054,-,-,512,1357.0,-,-,-,194.0,10
Yeongdeungpo-dong,Yeongdeungpo-gu,94057,82221.0,11836,13885.0,26858,522,1225.0,-,11711,-,13177,1470,2,10260,-,25,361,13782.0,-,-,-,700.0,79
Dorim-dong,Yeongdeungpo-gu,7670,6305.0,1365,2474.0,-,95,756.0,-,1234,-,596,269,-,1081,-,1,167,769.0,-,-,-,214.0,14
Mullae-dong,Yeongdeungpo-gu,59254,50397.0,8857,15841.0,-,483,2801.0,-,7341,-,18132,2302,5,6431,-,7,1195,4085.0,-,-,-,519.0,112
Noryangjin 2(i)-dong,Dongjak-gu,8591,5924.0,2667,962.0,-,78,436.0,-,2033,-,1500,104,-,2545,-,-,162,594.0,-,-,-,159.0,18
Sangdo 1(il)-dong,Dongjak-gu,39234,32622.0,6612,19033.0,-,136,2061.0,-,4685,-,3094,1331,-,5261,-,-,382,2923.0,-,-,-,308.0,19
Sangdo 2(i)-dong,Dongjak-gu,18604,14263.0,4341,5740.0,-,86,1257.0,-,3359,-,1667,238,-,3940,0,-,239,1483.0,-,-,-,431.0,163
Sangdo 3(sam)-dong,Dongjak-gu,9406,7657.0,1749,3415.0,-,67,915.0,-,1533,-,599,135,-,1601,-,-,123,805.0,-,-,-,200.0,13
Sangdo 4(sa)-dong,Dongjak-gu,8816,7216.0,1600,2634.0,-,75,1034.0,-,1429,-,754,200,-,1378,-,-,111,747.0,-,-,-,432.0,22
Sadang 1(il)-dong,Dongjak-gu,18932,14422.0,4510,5029.0,-,148,930.0,-,2747,-,3589,1209,-,3302,-,-13,339,1400.0,-,-,-,240.0,12
Sadang 3(sam)-dong,Dongjak-gu,14987,11582.0,3405,4485.0,-,72,1395.0,-,2932,-,1029,180,-,3212,-,-,195,1294.0,-,-,-,180.0,13
Sadang 4(sa)-dong,Dongjak-gu,5924,4801.0,1124,2054.0,-,44,636.0,-,1038,-,313,59,-,1042,-,-,73,514.0,-,-,-,129.0,23
Sadang 5(o)-dong,Dongjak-gu,5511,4344.0,1166,1525.0,-,41,694.0,-,1047,-,326,97,-,1055,-,-,83,500.0,-,-,-,128.0,15
Daebang-dong,Dongjak-gu,25565,19874.0,5691,5612.0,-,185,2110.0,-,4428,-,4852,532,1,5128,-,-,444,1898.0,-,-,-,346.0,30
Sindaebang 1(il)-dong,Dongjak-gu,18781,13866.0,4915,3969.0,-,82,1479.0,-,3202,-,3220,1348,-,3559,0,-6,331,1417.0,-,-,-,166.0,14
Sindaebang 2(i)-dong,Dongjak-gu,32024,27755.0,4270,5462.0,-,124,1150.0,-,3260,-,15446,358,0,3895,-,-,713,1398.0,-,-,0,202.0,17
Heukseok-dong,Dongjak-gu,26247,20894.0,5353,8923.0,-,107,1489.0,-,4142,-,3685,595,0,4734,0,-,208,2020.0,-,-,-,321.0,24
Noryangjin 1(il)-dong,Dongjak-gu,41410,32648.0,8762,16896.0,-,222,1849.0,-,6531,-,2701,669,1,7965,-,-,535,3422.0,-,-,-,492.0,129
Sadang 2(i)-dong,Dongjak-gu,19493,14674.0,4819,4816.0,-,133,1592.0,-,4116,-,1967,152,-,4649,0,-,254,1587.0,-,-,-,209.0,17
Boramae-dong,Gwanak-gu,13302,10395.0,2908,2958.0,-,112,994.0,-,2299,-,2482,199,-,2692,-,-,364,934.0,-,-,-,252.0,17
Cheongnim-dong,Gwanak-gu,7698,5777.0,1921,1665.0,-,36,899.0,-,1618,-,672,126,-,1785,-,-,100,669.0,-,-,-,117.0,10
Haengun-dong,Gwanak-gu,13904,10590.0,3314,3311.0,-,120,1206.0,-,2615,-,1689,190,-,3012,-,95,310,1079.0,-,-,-,260.0,17
Nagseongdae-dong,Gwanak-gu,11694,8900.0,2794,2739.0,-,132,699.0,-,1999,-,2059,262,3,2516,-,2,291,829.0,-,-,-,152.0,11
Jungang-dong,Gwanak-gu,8175,6221.0,1954,2162.0,-,74,504.0,-,1500,-,782,133,-,1811,-,-,254,599.0,-,-,-,346.0,10
Inheon-dong,Gwanak-gu,12144,10053.0,2091,3039.0,-,98,1124.0,-,1775,-,2663,150,-,1930,-,-,231,874.0,-,-,-,249.0,11
Namhyeon-dong,Gwanak-gu,15978,13205.0,2773,6504.0,-,68,971.0,-,1923,-,1845,474,-,2246,-,18,235,1394.0,-,-,-,265.0,35
Sewon-dong,Gwanak-gu,15715,12407.0,3308,4511.0,1050,130,797.0,-,2459,-,1529,178,-,3114,-,2,407,1306.0,-,-,-,218.0,14
Sinwon-dong,Gwanak-gu,5534,4438.0,1096,1477.0,-,51,545.0,-,1005,-,681,75,-,1014,-,-,91,433.0,-,-,-,156.0,7
Serim-dong,Gwanak-gu,9627,7296.0,2332,2384.0,-,98,887.0,-,1950,-,682,135,-,2184,-,-,311,789.0,-,-,-,195.0,13
Sinsa-dong,Gwanak-gu,10446,8300.0,2145,3296.0,-,88,851.0,-,1782,-,1043,218,-,1919,-,-,198,823.0,-,-,-,219.0,8
Sillim-dong,Gwanak-gu,25555,19229.0,6327,5028.0,6360,167,601.0,-,2912,-,539,2271,1,3991,-,-,486,2811.0,-,-,-,325.0,64
Nanhyang-dong,Gwanak-gu,7280,5560.0,1720,1483.0,-,37,966.0,-,1553,-,581,81,-,1626,-,-,152,637.0,-,-,-,152.0,13
Jowon-dong,Gwanak-gu,11908,8857.0,3051,2981.0,-,113,767.0,-,2357,-,1223,208,-,2832,-,-,300,917.0,-,-,-,199.0,11
Daehak-dong,Gwanak-gu,14863,11736.0,3126,2537.0,-,143,862.0,-,2479,-,4214,154,-,2908,-,49,435,889.0,-,-,-,178.0,15
Euncheon-dong,Gwanak-gu,15823,12017.0,3806,3934.0,-,122,1647.0,-,3121,-,1243,254,-,3537,-,-,333,1350.0,-,-,-,267.0,15
Seonghyeon-dong,Gwanak-gu,15249,12053.0,3197,3362.0,-,72,1752.0,-,2814,-,789,168,-,3008,-,-,240,2752.0,-,-,-,272.0,21
Cheongnyong-dong,Gwanak-gu,19307,14775.0,4532,6024.0,-,158,1149.0,-,3449,-,1982,286,-,4209,-,21,519,1252.0,-,-,-,242.0,16
Nangok-dong,Gwanak-gu,7774,6334.0,1441,2450.0,-,67,902.0,-,1267,-,608,171,-,1260,-,-,99,664.0,-,-,-,277.0,10
Samseong-dong,Gwanak-gu,7629,5908.0,1721,1618.0,-,64,1119.0,-,1508,-,535,102,-,1605,-,-,127,689.0,-,-,-,248.0,14
Miseong-dong,Gwanak-gu,16398,12439.0,3959,4243.0,-,108,1499.0,-,2871,-,1760,594,-,3309,-,-,276,1358.0,-,-,-,323.0,56
Seocho 1(il)-dong,Seocho-gu,84958,68398.0,16560,13565.0,-,485,2261.0,-,13155,-,31122,7365,-,9110,-,-,1105,6085.0,-,-,-1,620.0,86
Seocho 2(i)-dong,Seocho-gu,134639,118726.0,15913,16669.0,-,775,3004.0,-,19022,-,68677,2640,1,13074,-,133,2213,7838.0,-,-,-,528.0,65
Seocho 3(sam)-dong,Seocho-gu,114107,97056.0,17051,13584.0,-,628,3793.0,-,21350,-,46967,1981,9,15022,-,-21,2282,7651.0,-,-,-44,801.0,104
Seocho 4(sa)-dong,Seocho-gu,96498,81630.0,14868,13573.0,-,-10,3404.0,-,20130,-,35625,698,2,14058,-,1,1536,6867.0,-,-,-,505.0,109
Jamwon-dong,Seocho-gu,63376,51640.0,11736,12890.0,-,297,3288.0,-,12506,-,16509,3451,2,8188,-,-1,620,4642.0,-,-,-,888.0,96
Banpobon-dong,Seocho-gu,37661,31051.0,6610,13570.0,-,4,1182.0,-,9189,-,4096,237,-,6348,-,-,63,2824.0,-,-,-,123.0,25
Banpo 1(il)-dong,Seocho-gu,64907,52779.0,12128,13553.0,-,226,2720.0,-,13688,-,16449,2692,1,9372,-,-,633,4997.0,-,-,-,513.0,63
Banpo 2(i)-dong,Seocho-gu,52405,42684.0,9721,13563.0,-,80,2114.0,-,11968,-,10240,1241,-,8444,-,-,325,4177.0,-,-,-,217.0,36
Banpo 3(sam)-dong,Seocho-gu,42042,35674.0,6368,13573.0,-,149,2102.0,-,9417,-,7017,187,1,6152,-,-,224,2966.0,-,-,-,226.0,28
Banpo 4(sa)-dong,Seocho-gu,58473,51215.0,7258,13563.0,-,463,2128.0,-,10047,-,20069,822,1,6366,-,-,1095,3435.0,-,-,-,415.0,69
Bangbaebon-dong,Seocho-gu,42676,37247.0,5429,13568.0,-,54,1928.0,-,7407,-,10893,414,1,4908,-,-,415,2581.0,-,-,-,401.0,106
Bangbae 1(il)-dong,Seocho-gu,37447,31310.0,6137,14451.0,-,-24,1349.0,-,5051,-,7053,2812,1,3310,-,-,375,2624.0,-,-,-,431.0,14
Bangbae 2(i)-dong,Seocho-gu,37309,33936.0,3373,13611.0,-,239,1551.0,-,4968,-,11035,377,-,2963,-,-,389,1772.0,-,-,-,371.0,33
Bangbae 3(sam)-dong,Seocho-gu,42103,37559.0,4544,13594.0,-,-9,2195.0,-,6457,-,12160,318,-,4106,-,-,356,2287.0,-,-,-,519.0,120
Bangbae 4(sa)-dong,Seocho-gu,45503,39160.0,6343,13556.0,-,-204,2135.0,-,8112,-,11766,467,1,5817,-,-,542,2848.0,-,-,-,405.0,58
Yangjae 1(il)-dong,Seocho-gu,60791,52381.0,8410,13568.0,-,509,2447.0,-,8880,-,20841,2677,1,5684,-,-,861,4800.0,-,-,-,475.0,48
Yangjae 2(i)-dong,Seocho-gu,78158,71000.0,7158,13574.0,-,755,2595.0,-,9054,-,39296,1416,1,5573,-,106,1682,3305.0,-,-,-6,739.0,68
Naegok-dong,Seocho-gu,23757,21725.0,2032,13565.0,-,96,470.0,-,2105,-,4252,307,-,1687,-,-,118,915.0,-,-,-,204.0,38
Sinsa-dong,Gangnam-gu,94591,80894.0,13697,24313.0,307,413,2009.0,-,16959,-,28381,3010,2,10541,-1,-,975,6900.0,-,-,-8,637.0,153
Nonhyeon 1(il)-dong,Gangnam-gu,114670,99684.0,14986,28795.0,4605,511,2306.0,-,16025,-,38585,4655,4,10166,-,-,1418,6654.0,-,-,-7,785.0,168
Nonhyeon 2(i)-dong,Gangnam-gu,130626,115329.0,15297,33719.0,-,605,4040.0,-,22175,-,43150,1832,3,13297,-,-,2029,8703.0,-,-,-6,908.0,171
Samseong 1(il)-dong,Gangnam-gu,214810,194103.0,20707,30164.0,-,809,2664.0,-,24715,-,121970,5926,2,14555,-,-,2725,9527.0,-,-,-8,1529.0,232
Samseong 2(i)-dong,Gangnam-gu,101044,88544.0,12500,24252.0,-,259,3271.0,-,16745,-,35041,1870,1,10497,-,-,1408,6871.0,-,-,-8,697.0,140
Daechi 1(il)-dong,Gangnam-gu,78750,66450.0,12300,19350.0,-,121,2003.0,-,14274,-,23994,3327,-,8835,-,-,402,5783.0,-,-,-,523.0,138
Daechi 4(sa)-dong,Gangnam-gu,93641,83602.0,10039,19998.0,4337,404,2105.0,-,10307,-,39806,3181,2,6734,-,17,1579,4408.0,-,-,-7,658.0,112
Yeoksam 1(il)-dong,Gangnam-gu,382260,341837.0,40423,63321.0,-,1628,5676.0,-,41911,-,204577,15039,8,24896,-,31,5737,16295.0,-,-,-3,2692.0,452
Yeoksam 2(i)-dong,Gangnam-gu,114466,102353.0,12113,33946.0,-,446,3294.0,-,17021,-,38567,2020,1,9957,-,-,1756,6517.0,-,-,-,806.0,135
Dogok 1(il)-dong,Gangnam-gu,55938,47879.0,8059,17550.0,-,164,1997.0,-,8442,-,15217,2383,1,5585,-,-,477,3656.0,-,-,-,376.0,90
Dogok 2(i)-dong,Gangnam-gu,127119,113800.0,13319,23389.0,-,239,4284.0,-,20849,-,54711,908,1,12238,-,23,1423,8010.0,-,-,-,895.0,149
Gaepo 1(il)-dong,Gangnam-gu,33110,26507.0,6603,11549.0,-,31,1176.0,-,7178,-,3101,1619,-,4910,-,-,50,3213.0,-,-,-,209.0,74
Gaepo 4(sa)-dong,Gangnam-gu,27914,23863.0,4051,10887.0,-,161,1639.0,-,4750,-,3520,405,-,3601,-,-,360,2358.0,-,-,-,188.0,45
Irwonbon-dong,Gangnam-gu,32209,27815.0,4394,9853.0,-,117,1584.0,-,5697,-,7262,221,-,4124,-,-,384,2699.0,-,-,-,219.0,49
Irwon 1(il)-dong,Gangnam-gu,14754,12145.0,2609,8134.0,-,54,553.0,-,1415,-,469,571,-,2009,-,-,109,1315.0,-,-,-,96.0,29
Irwon 2(i)-dong,Gangnam-gu,31111,27390.0,3721,8725.0,-,62,906.0,-,3622,-,11555,526,-,3153,-,-,241,2063.0,-,-,-,216.0,42
Suseo-dong,Gangnam-gu,29543,26113.0,3430,14287.0,-,135,846.0,-,2021,-,6616,1015,-,2375,-,2,448,1554.0,-,-,-,206.0,38
Segok-dong,Gangnam-gu,28755,25501.0,3254,20913.0,-,24,350.0,-,1729,-,575,765,-,2454,-,-,103,1606.0,-,-,-,201.0,36
Apgujeong -dong,Gangnam-gu,145074,123768.0,21306,29770.0,-,413,3490.0,-,32249,-,43107,2052,3,19021,-,-,1314,12450.0,-,-,-8,975.0,238
Cheongdam -dong,Gangnam-gu,185298,165064.0,20234,52110.0,10234,480,3676.0,-,26318,-,58946,4442,3,15571,-,-,1808,10192.0,-,-,-8,1300.0,226
Daechi 2(i)-dong,Gangnam-gu,145659,129493.0,16166,30603.0,-,474,4600.0,-,24119,-,57912,2122,3,13867,-,-,1689,9076.0,-,-,-7,1020.0,181
Gaepo 2(i)-dong,Gangnam-gu,31610,26355.0,5255,12766.0,-,79,1898.0,-,7630,-,487,367,-,4829,-,-,126,3161.0,-,-,-,208.0,59
Pungnap 1(il)-dong,Songpa-gu,7499,6113.0,1386,1551.0,-,50,792.0,-,1453,-,1354,433,-,944,-,-,92,687.0,-,-,-1,134.0,10
Pungnap 2(i)-dong,Songpa-gu,23319,20038.0,3281,2695.0,-,211,1749.0,-,4766,-,7958,160,2,3106,-,-,737,1667.0,-,-,-7,255.0,20
Geoyeo 1(il)-dong,Songpa-gu,11186,9511.0,1675,1489.0,-,53,760.0,-,1926,-,4230,333,1,1284,-,-,122,756.0,-,-,-,175.0,57
Geoyeo 2(i)-dong,Songpa-gu,14923,10998.0,3925,2617.0,-,84,1337.0,-,4297,-,757,469,-,3436,-,-,181,1493.0,-,-,-,232.0,20
Macheon 1(il)-dong,Songpa-gu,7492,5801.0,1691,1348.0,-,49,756.0,-,1973,-,605,327,-,1355,-,-,132,738.0,-,-,-,200.0,9
Macheon 2(i)-dong,Songpa-gu,9934,8431.0,1503,2489.0,-,67,938.0,-,1980,-,1629,132,1,1355,-,-,140,979.0,-,-,-,209.0,15
Bangi 1(il)-dong,Songpa-gu,24744,20525.0,4219,2962.0,4904,103,1498.0,-,3853,-,5214,1403,-,2793,-,10,305,1505.0,-,-,-,181.0,13
Bangi 2(i)-dong,Songpa-gu,39903,34557.0,5346,6535.0,8717,257,1661.0,-,6580,-,6834,445,2,4814,-,-,846,2674.0,-,-,-,453.0,85
Oryun-dong,Songpa-gu,29383,23486.0,5897,6112.0,-,119,1988.0,-,7361,-,4532,116,1,5748,-,-,225,2798.0,-,-,-,351.0,32
Ogeum-dong,Songpa-gu,27998,23038.0,4960,4999.0,-,201,1458.0,-,5929,-,7303,843,6,4071,-,-,495,2242.0,-,-,-,411.0,40
Songpa 1(il)-dong,Songpa-gu,22844,19063.0,3781,5932.0,-,147,1524.0,-,3989,-,4746,963,2,2788,-,-,334,2071.0,-,-,-,320.0,28
Songpa 2(i)-dong,Songpa-gu,20628,17642.0,2986,7522.0,-,74,1589.0,-,3817,-,1853,329,-,2620,-,-,208,2340.0,-,-,-,239.0,37
Seokchon-dong,Songpa-gu,26021,21211.0,4810,5767.0,-,192,1887.0,-,5553,-,4553,720,1,4040,-,14,458,2390.0,-,-,-,411.0,35
Samjeon-dong,Songpa-gu,18345,15496.0,2849,5140.0,-,145,1690.0,-,3422,-,2495,566,-,2241,-,-,315,1855.0,-,-,-,434.0,42
Garakbon-dong,Songpa-gu,37436,31491.0,5945,6738.0,-,290,2128.0,-,7113,-,10951,687,2,4942,-,96,931,2892.0,-,-,-,448.0,218
Garak 1(il)-dong,Songpa-gu,21562,15615.0,5947,4733.0,-,235,866.0,-,3670,-,3933,3625,1,2295,-,-,241,1678.0,-,-,-,259.0,26
Garak 2(i)-dong,Songpa-gu,21580,17728.0,3852,4106.0,-,140,2289.0,-,5218,-,3031,316,-,3466,-,-,404,2102.0,-,-,-,438.0,70
Munjeong 1(il)-dong,Songpa-gu,24198,20243.0,3955,3761.0,-,125,1674.0,-,6078,-,5936,1254,4,2669,-,-,327,2084.0,-,-,-,258.0,28
Munjeong 2(i)-dong,Songpa-gu,33694,28488.0,5206,7491.0,-,186,1830.0,-,6824,-,7623,377,-,4804,-,-,1329,2922.0,-,-,-,283.0,25
Jangji-dong,Songpa-gu,19356,16587.0,2769,4701.0,-,161,2878.0,-,3704,-,2349,329,1,2416,-2,-,336,2042.0,-,-,-,416.0,25
Jamsilbon-dong,Songpa-gu,59468,49559.0,9909,14574.0,-,251,2550.0,-,12101,-,13255,931,5,8928,-,-,889,5289.0,-,-,-,650.0,45
Jamsil 4(sa)-dong,Songpa-gu,52513,45955.0,6558,7427.0,-,77,2584.0,-,23069,-,6035,209,1,6304,-,-,376,5987.0,-,-,-,400.0,44
Jamsil 6(yuk)-dong,Songpa-gu,62376,50368.0,12008,16704.0,-,224,1651.0,-,13665,-,11029,1096,1,10864,-,-,1012,5795.0,-,-,-,288.0,47
Jamsil 7(chil)-dong,Songpa-gu,32097,26151.0,5946,7644.0,-,34,1228.0,-,4623,-,9958,2208,-,3723,-,-,66,2441.0,-,-,-,157.0,15
Jamsil 2(i)-dong,Songpa-gu,26827,21278.0,5549,7349.0,-,82,2574.0,-,5443,-,2455,1482,-,4043,-,-,283,2781.0,-,-,-,311.0,24
Jamsil 3(sam)-dong,Songpa-gu,68339,49439.0,18900,14322.0,-,268,3420.0,-,18388,-,4589,415,-,18355,-,-,1169,6539.0,-,-,-,744.0,130
Gangil-dong,Gangdong-gu,…,17722.0,…,10314.0,-,74,1473.0,-,2351,-,1116,405,-,2169,…,…,252,1998.0,-,-,…,144.0,14
Sangil-dong,Gangdong-gu,…,24704.0,…,8920.0,-,109,1647.0,-,5455,-,5637,744,-,5033,…,…,396,2275.0,-,-,…,265.0,27
Myeongil 1(il)-dong,Gangdong-gu,…,16614.0,…,5342.0,-,101,1523.0,-,4445,-,2769,942,-,4101,…,…,226,1970.0,-,-,…,238.0,24
Myeongil 2(i)-dong,Gangdong-gu,…,12858.0,…,3293.0,-,97,1398.0,-,4158,-,1888,162,-,3837,…,…,283,1570.0,-,-,…,171.0,17
Godeok 1(il)-dong,Gangdong-gu,…,10114.0,…,3330.0,-,38,1053.0,-,2948,-,1095,519,-,2720,…,…,126,1283.0,-,-,…,241.0,24
Godeok 2(i)-dong,Gangdong-gu,…,6723.0,…,2127.0,-,47,799.0,-,2001,-,636,67,-,1846,…,…,52,879.0,-,-,…,182.0,19
Amsa 2(i)-dong,Gangdong-gu,…,13595.0,…,5377.0,-,54,1572.0,-,2685,-,1381,87,-,2478,…,…,184,1866.0,-,-,…,476.0,48
Amsa 3(sam)-dong,Gangdong-gu,…,10905.0,…,3421.0,-,50,998.0,-,3686,-,1207,109,-,3401,…,…,245,1178.0,-,-,…,120.0,14
Cheonho 1(il)-dong,Gangdong-gu,…,11310.0,…,3858.0,-,118,1448.0,-,2321,-,1691,1347,-,2142,…,…,272,1423.0,-,-,…,178.0,18
Cheonho 3(sam)-dong,Gangdong-gu,…,13908.0,…,2948.0,-,122,1148.0,-,3294,-,4372,89,6,3040,…,…,377,1341.0,-,-,…,306.0,31
Seongnae 1(il)-dong,Gangdong-gu,…,24800.0,…,8591.0,-,152,1443.0,-,3690,-,5568,1537,-,3405,…,…,360,4393.0,-,-,…,602.0,62
Seongnae 2(i)-dong,Gangdong-gu,…,14683.0,…,6151.0,-,123,1073.0,-,3118,-,1706,173,-,2878,…,…,310,1802.0,-,-,…,400.0,41
Seongnae 3(sam)-dong,Gangdong-gu,…,15352.0,…,4872.0,-,140,1398.0,-,3894,-,2598,235,-,3593,…,…,377,1781.0,-,-,…,292.0,30
Dunchon 1(il)-dong,Gangdong-gu,…,14973.0,…,4606.0,-,40,1023.0,-,4693,-,2661,946,-,4330,…,…,54,1600.0,-,-,…,296.0,30
Dunchon 2(i)-dong,Gangdong-gu,…,16775.0,…,5256.0,-,107,1273.0,-,3514,-,4099,175,-,3242,…,…,290,1889.0,-,-,…,347.0,35
Amsa 1(il)-dong,Gangdong-gu,…,29738.0,…,16808.0,-,105,2621.0,-,3210,-,1638,1168,-,2962,…,…,270,4250.0,-,-,…,836.0,84
Cheonho 2(i)-dong,Gangdong-gu,…,31564.0,…,3949.0,13822,231,1323.0,-,6774,-,2858,267,-,6251,…,…,786,1662.0,-,-,…,158.0,16
Gil-dong,Gangdong-gu,…,23459.0,…,5938.0,-,267,1747.0,-,7860,-,4700,2128,-,7253,…,…,787,1816.0,-,-,…,344.0,35
