Dong,복지_장애인현황장애유형별_Autonomous Gu_Autonomous Gu_Autonomous Gu,복지_장애인현황장애유형별_By Type of the disabled_total_total,복지_장애인현황장애유형별_By Type of the disabled_total_Man,복지_장애인현황장애유형별_By Type of the disabled_total_Female,복지_장애인현황장애유형별_By Type of the disabled_Physically disabled_total,복지_장애인현황장애유형별_By Type of the disabled_Physically disabled_Man,복지_장애인현황장애유형별_By Type of the disabled_Physically disabled_Female,복지_장애인현황장애유형별_By Type of the disabled_Braindisorder_total,복지_장애인현황장애유형별_By Type of the disabled_Braindisorder_Man,복지_장애인현황장애유형별_By Type of the disabled_Braindisorder_Female,복지_장애인현황장애유형별_By Type of the disabled_Visuallydisabled_total,복지_장애인현황장애유형별_By Type of the disabled_Visuallydisabled_Man,복지_장애인현황장애유형별_By Type of the disabled_Visuallydisabled_Female,복지_장애인현황장애유형별_By Type of the disabled_Auditorily disabled_total,복지_장애인현황장애유형별_By Type of the disabled_Auditorily disabled_Man,복지_장애인현황장애유형별_By Type of the disabled_Auditorily disabled_Female,복지_장애인현황장애유형별_By Type of the disabled_Linguallydisabled_total,복지_장애인현황장애유형별_By Type of the disabled_Linguallydisabled_Man,복지_장애인현황장애유형별_By Type of the disabled_Linguallydisabled_Female,복지_장애인현황장애유형별_By Type of the disabled_Mentalretardation_total,복지_장애인현황장애유형별_By Type of the disabled_Mentalretardation_Man,복지_장애인현황장애유형별_By Type of the disabled_Mentalretardation_Female,복지_장애인현황장애유형별_By Type of the disabled_Autism_total,복지_장애인현황장애유형별_By Type of the disabled_Autism_Man,복지_장애인현황장애유형별_By Type of the disabled_Autism_Female,복지_장애인현황장애유형별_By Type of the disabled_Mentalillness_total,복지_장애인현황장애유형별_By Type of the disabled_Mentalillness_Man,복지_장애인현황장애유형별_By Type of the disabled_Mentalillness_Female,복지_장애인현황장애유형별_By Type of the disabled_Kidneyfailure_total,복지_장애인현황장애유형별_By Type of the disabled_Kidneyfailure_Man,복지_장애인현황장애유형별_By Type of the disabled_Kidneyfailure_Female,복지_장애인현황장애유형별_By Type of the disabled_Heartfailure_total,복지_장애인현황장애유형별_By Type of the disabled_Heartfailure_Man,복지_장애인현황장애유형별_By Type of the disabled_Heartfailure_Female,복지_장애인현황장애유형별_By Type of the disabled_Respira tarydisease_total,복지_장애인현황장애유형별_By Type of the disabled_Respira tarydisease_Man,복지_장애인현황장애유형별_By Type of the disabled_Respira tarydisease_Female,복지_장애인현황장애유형별_By Type of the disabled_Liver failure_total,복지_장애인현황장애유형별_By Type of the disabled_Liver failure_Man,복지_장애인현황장애유형별_By Type of the disabled_Liver failure_Female,복지_장애인현황장애유형별_By Type of the disabled_Facial failure_total,복지_장애인현황장애유형별_By Type of the disabled_Facial failure_Man,복지_장애인현황장애유형별_By Type of the disabled_Facial failure_Female,"복지_장애인현황장애유형별_By Type of the disabled_Ostomy, urostomy_total","복지_장애인현황장애유형별_By Type of the disabled_Ostomy, urostomy_Man","복지_장애인현황장애유형별_By Type of the disabled_Ostomy, urostomy_Female",복지_장애인현황장애유형별_By Type of the disabled_Epliepsy failure_total,복지_장애인현황장애유형별_By Type of the disabled_Epliepsy failure_Man,복지_장애인현황장애유형별_By Type of the disabled_Epliepsy failure_Female
Sajik-dong,Jongno-gu,347.0,200,147,177,99,78,46,30,16,40,21,19,27,16,11,4,3,1,18,12,6,4,4,-,8,4,4,10,5,5,2,1,1,3,1,2,4,2,2,-,-,-,4,2,2,-,-,-
Samcheong-dong,Jongno-gu,135.0,77,58,72,38,34,20,12,8,10,7,3,11,6,5,-,-,-,7,5,2,1,1,-,6,2,4,6,5,1,2,1,1,-,-,-,-,-,-,-,-,-,-,-,-,-,-,-
Buam-dong,Jongno-gu,370.0,208,162,168,90,78,43,23,20,50,28,22,37,24,13,2,2,-,18,12,6,5,4,1,17,8,9,17,10,7,2,2,-,1,-,1,4,2,2,1,-,1,5,3,2,-,-,-
Pyeongchang-dong,Jongno-gu,608.0,315,293,276,134,142,83,47,36,67,42,25,70,27,43,6,3,3,31,19,12,6,5,1,26,8,18,26,20,6,1,1,-,4,3,1,7,5,2,-,-,-,5,1,4,-,-,-
Muak-dong,Jongno-gu,337.0,203,134,158,86,72,28,20,8,35,23,12,45,28,17,6,5,1,20,11,9,7,5,2,16,11,5,12,8,4,2,-,2,3,3,-,1,-,1,-,-,-,3,2,1,1,1,-
Gyonam-dong,Jongno-gu,252.0,138,114,130,65,65,28,14,14,25,21,4,34,16,18,3,2,1,9,6,3,3,2,1,8,5,3,7,4,3,2,-,2,1,1,-,-,-,-,-,-,-,-,-,-,2,2,-
Gahoe-dong,Jongno-gu,197.0,111,86,94,49,45,31,17,14,16,10,6,16,8,8,1,1,-,14,6,8,3,3,-,10,9,1,10,7,3,-,-,-,-,-,-,-,-,-,1,1,-,-,-,-,1,-,1
Jongno 1·2·3·4(ilisamsa)-ga-dong,Jongno-gu,424.0,287,137,207,135,72,50,35,15,50,33,17,40,28,12,4,4,-,27,20,7,2,2,-,17,11,6,15,8,7,2,2,-,2,2,-,4,4,-,-,-,-,3,2,1,1,1,-
Jongno 5·6(oryuk)-ga-dong,Jongno-gu,309.0,195,114,173,103,70,24,18,6,40,28,12,16,12,4,2,2,-,22,15,7,4,3,1,13,9,4,9,3,6,-,-,-,1,-,1,2,1,1,-,-,-,2,1,1,1,-,1
Ihwa-dong,Jongno-gu,331.0,168,163,176,84,92,37,21,16,43,21,22,29,13,16,1,1,-,20,12,8,2,2,-,8,4,4,10,7,3,2,-,2,-,-,-,3,3,-,-,-,-,-,-,-,-,-,-
Changsin 1(il)-dong,Jongno-gu,331.0,208,123,189,111,78,32,23,9,35,27,8,31,20,11,3,2,1,10,6,4,2,2,-,14,8,6,12,7,5,-,-,-,1,-,1,1,1,-,-,-,-,1,1,-,-,-,-
Changsin 2(i)-dong,Jongno-gu,566.0,320,246,325,165,160,52,35,17,69,47,22,41,23,18,5,3,2,31,21,10,1,1,-,24,16,8,9,4,5,-,-,-,1,1,-,-,-,-,1,-,1,2,1,1,5,3,2
Changsin 3(sam)-dong,Jongno-gu,373.0,221,152,215,122,93,39,23,16,36,25,11,27,15,12,6,5,1,17,11,6,5,5,-,11,5,6,9,6,3,-,-,-,2,1,1,2,2,-,-,-,-,4,1,3,-,-,-
Sungin 1(il)-dong,Jongno-gu,319.0,180,139,169,82,87,30,22,8,29,17,12,32,20,12,1,1,-,15,11,4,3,1,2,12,7,5,19,12,7,2,1,1,1,1,-,3,2,1,1,1,-,2,2,-,-,-,-
Sungin 2(i)-dong,Jongno-gu,509.0,318,191,275,159,116,54,33,21,59,43,16,46,33,13,3,3,-,17,12,5,3,2,1,22,10,12,16,12,4,1,1,-,8,6,2,1,1,-,-,-,-,2,2,-,2,1,1
Cheongunhyoja-dong,Jongno-gu,612.0,337,275,238,124,114,53,29,24,138,84,54,93,48,45,6,3,3,27,16,11,15,13,2,15,7,8,18,9,9,2,-,2,1,1,-,2,1,1,-,-,-,4,2,2,-,-,-
Hyehwa-dong,Jongno-gu,621.0,361,260,297,156,141,70,44,26,75,46,29,61,35,26,5,5,-,28,22,6,9,7,2,27,16,11,33,22,11,3,1,2,4,2,2,5,3,2,-,-,-,2,2,-,2,-,2
Sogong-dong,Jung-gu,42.0,23,19,14,6,8,5,3,2,5,5,-,8,3,5,-,-,-,5,2,3,2,2,-,2,1,1,-,-,-,1,1,-,-,-,-,-,-,-,-,-,-,-,-,-,-,-,-
Hoehyeon-dong,Jung-gu,381.0,245,136,178,110,68,41,29,12,82,52,30,19,10,9,1,1,-,18,12,6,1,1,-,13,8,5,11,7,4,-,-,-,9,9,-,4,3,1,-,-,-,1,-,1,3,3,-
Myeong-dong,Jung-gu,142.0,82,60,66,37,29,7,5,2,30,18,12,10,3,7,-,-,-,6,1,5,1,1,-,10,7,3,9,7,2,-,-,-,-,-,-,1,1,-,-,-,-,1,1,-,1,1,-
Pil-dong,Jung-gu,188.0,111,77,96,57,39,22,16,6,30,19,11,13,6,7,-,-,-,8,4,4,-,-,-,4,2,2,5,3,2,1,-,1,1,-,1,1,-,1,1,1,-,3,1,2,3,2,1
Jangchung-dong,Jung-gu,231.0,125,106,122,64,58,25,10,15,30,21,9,26,15,11,4,3,1,8,4,4,1,-,1,6,1,5,7,5,2,-,-,-,-,-,-,-,-,-,-,-,-,1,1,-,1,1,-
Gwanghui-dong ,Jung-gu,264.0,159,105,145,90,55,29,17,12,30,18,12,23,12,11,2,1,1,11,6,5,1,1,-,8,5,3,6,6,-,1,-,1,3,2,1,2,1,1,1,-,1,2,-,2,-,-,-
Euljiro-dong,Jung-gu,111.0,78,33,60,43,17,12,7,5,14,8,6,13,10,3,2,2,-,7,5,2,-,-,-,1,1,-,1,1,-,-,-,-,1,1,-,-,-,-,-,-,-,-,-,-,-,-,-
Sindang 5(o)-dong,Jung-gu,508.0,317,191,268,155,113,47,35,12,52,39,13,57,35,22,1,1,-,27,16,11,6,5,1,23,14,9,13,7,6,1,-,1,4,3,1,2,1,1,-,-,-,6,5,1,1,1,-
Hwanghak-dong,Jung-gu,581.0,337,244,314,170,144,65,40,25,58,39,19,60,28,32,5,4,1,22,17,5,4,4,-,20,10,10,19,13,6,4,3,1,2,2,-,2,2,-,-,-,-,4,4,-,2,1,1
Jungnim-dong,Jung-gu,481.0,278,203,239,132,107,45,26,19,63,33,30,45,29,16,5,5,-,31,17,14,4,2,2,20,12,8,11,7,4,1,-,1,3,3,-,2,2,-,-,-,-,4,4,-,8,6,2
Sindang-dong,Jung-gu,422.0,258,164,214,118,96,50,35,15,43,32,11,36,23,13,2,2,-,28,17,11,2,2,-,18,14,4,20,9,11,1,-,1,2,2,-,3,2,1,-,-,-,1,1,-,2,1,1
Dasan-dong,Jung-gu,728.0,405,323,401,201,200,68,48,20,74,44,30,71,48,23,3,2,1,36,15,21,12,12,-,19,9,10,28,16,12,3,2,1,1,1,-,4,3,1,-,-,-,4,3,1,4,1,3
Yaksu-dong,Jung-gu,904.0,487,417,475,252,223,103,59,44,96,47,49,99,55,44,4,3,1,47,23,24,3,2,1,28,16,12,27,12,15,5,5,-,6,5,1,4,4,-,2,1,1,3,2,1,2,1,1
Cheonggu-dong,Jung-gu,665.0,364,301,330,166,164,70,40,30,80,48,32,70,40,30,5,5,-,31,19,12,7,5,2,35,21,14,21,11,10,2,1,1,2,2,-,3,2,1,1,-,1,4,3,1,4,1,3
Donghwa-dong,Jung-gu,454.0,244,210,232,112,120,59,38,21,45,27,18,52,28,24,-,-,-,25,13,12,5,3,2,11,6,5,14,11,3,3,3,-,1,-,1,1,1,-,1,-,1,3,1,2,2,1,1
Huam-dong,Yongsan-gu,907.0,537,370,441,244,197,115,77,38,100,63,37,86,48,38,8,6,2,64,43,21,5,4,1,36,16,20,28,19,9,4,4,-,7,5,2,3,1,2,2,2,-,4,3,1,4,2,2
Yongsan 2-ga-dong,Yongsan-gu,569.0,316,253,303,159,144,60,34,26,59,38,21,67,44,23,5,5,-,28,13,15,3,3,-,20,7,13,12,8,4,4,1,3,2,2,-,1,1,-,2,-,2,2,1,1,1,-,1
Namyeong-dong,Yongsan-gu,561.0,414,147,279,202,77,63,50,13,69,53,16,52,35,17,6,5,1,33,21,12,4,3,1,29,23,6,9,5,4,-,-,-,11,11,-,-,-,-,-,-,-,2,2,-,4,4,-
Wonhyoro 2(i)-dong,Yongsan-gu,548.0,301,247,268,139,129,61,33,28,65,42,23,61,31,30,5,5,-,30,17,13,5,5,-,14,7,7,19,10,9,1,1,-,2,2,-,5,2,3,-,-,-,9,6,3,3,1,2
Hyochang-dong,Yongsan-gu,408.0,228,180,200,109,91,59,33,26,47,22,25,36,23,13,-,-,-,18,12,6,7,7,-,17,7,10,13,8,5,-,-,-,1,1,-,4,4,-,2,2,-,2,-,2,2,-,2
Yongmun-dong,Yongsan-gu,456.0,241,215,232,132,100,52,32,20,55,22,33,55,24,31,5,4,1,29,13,16,2,1,1,9,5,4,10,2,8,3,3,-,-,-,-,2,2,-,-,-,-,1,1,-,1,-,1
Ichon 1(il)-dong,Yongsan-gu,529.0,296,233,254,124,130,63,36,27,61,41,20,63,35,28,5,4,1,24,16,8,14,13,1,9,4,5,21,14,7,1,-,1,3,2,1,2,2,-,3,1,2,6,4,2,-,-,-
Ichon 2(i)-dong,Yongsan-gu,398.0,220,178,207,110,97,46,24,22,35,19,16,49,27,22,2,1,1,22,13,9,5,4,1,10,7,3,13,8,5,-,-,-,3,2,1,2,2,-,-,-,-,3,3,-,1,-,1
Itaewon 1(il)-dong,Yongsan-gu,284.0,163,121,147,79,68,25,12,13,24,17,7,36,25,11,2,2,-,15,10,5,3,1,2,16,9,7,11,4,7,1,1,-,-,-,-,-,-,-,-,-,-,3,2,1,1,1,-
Itaewon 2(i)-dong,Yongsan-gu,417.0,232,185,222,117,105,40,22,18,51,34,17,42,19,23,2,1,1,19,11,8,2,1,1,14,6,8,13,11,2,3,3,-,3,2,1,1,1,-,-,-,-,4,3,1,1,1,-
Seobinggo-dong,Yongsan-gu,394.0,214,180,194,91,103,36,23,13,38,25,13,46,26,20,3,2,1,31,17,14,6,6,-,9,5,4,20,13,7,2,1,1,2,1,1,4,3,1,-,-,-,2,-,2,1,1,-
Bogwang-dong,Yongsan-gu,688.0,383,305,360,197,163,65,30,35,91,53,38,69,38,31,8,6,2,23,13,10,2,2,-,30,15,15,23,16,7,2,1,1,2,2,-,2,1,1,1,1,-,8,6,2,2,2,-
Cheongpa-dong,Yongsan-gu,908.0,525,383,434,233,201,87,53,34,130,79,51,110,56,54,8,8,-,55,36,19,5,5,-,36,22,14,31,22,9,-,-,-,5,5,-,2,1,1,1,1,-,4,4,-,-,-,-
Wonhyoro 1(il)-dong,Yongsan-gu,446.0,243,203,228,122,106,54,32,22,48,26,22,48,22,26,4,2,2,20,12,8,5,5,-,14,6,8,13,6,7,-,-,-,4,3,1,3,3,-,-,-,-,5,4,1,-,-,-
Hangangno-dong,Yongsan-gu,615.0,391,224,306,178,128,76,58,18,74,53,21,62,38,24,3,2,1,24,16,8,1,1,-,23,11,12,25,18,7,5,4,1,6,6,-,5,3,2,-,-,-,3,2,1,2,1,1
Hannam-dong,Yongsan-gu,741.0,401,340,423,229,194,84,44,40,79,41,38,71,32,39,2,2,-,28,20,8,4,3,1,16,7,9,19,13,6,1,1,-,5,3,2,6,5,1,1,-,1,1,1,-,1,-,1
Wangsimni 2(i)-dong,Seongdong-gu,690.0,382,308,352,178,174,57,33,24,77,45,32,84,49,35,10,9,1,38,21,17,11,9,2,26,15,11,21,15,6,1,-,1,3,1,2,3,3,-,1,-,1,4,3,1,2,1,1
Majang-dong,Seongdong-gu,1183.0,718,465,641,378,263,145,90,55,101,63,38,100,63,37,11,7,4,59,40,19,23,22,1,35,17,18,33,18,15,6,4,2,9,5,4,5,4,1,4,1,3,6,3,3,5,3,2
Sageun-dong,Seongdong-gu,441.0,247,194,258,131,127,47,31,16,42,26,16,32,18,14,4,4,-,15,9,6,3,2,1,11,4,7,13,9,4,3,2,1,7,5,2,4,4,-,1,1,-,1,1,-,-,-,-
Haengdang 1(il)-dong,Seongdong-gu,726.0,429,297,391,222,169,68,45,23,79,45,34,75,43,32,5,5,-,34,22,12,8,7,1,17,6,11,20,12,8,8,7,1,7,4,3,4,3,1,2,1,1,6,5,1,2,2,-
Haengdang 2(i)-dong,Seongdong-gu,922.0,522,400,445,253,192,117,73,44,115,58,57,83,46,37,12,9,3,43,23,20,7,5,2,30,11,19,36,20,16,4,3,1,10,9,1,7,4,3,1,1,-,7,6,1,5,1,4
Eungbong-dong,Seongdong-gu,560.0,307,253,280,135,145,64,37,27,53,30,23,72,42,30,8,6,2,24,19,5,6,6,-,17,7,10,23,15,8,3,2,1,3,2,1,1,1,-,-,-,-,4,4,-,2,1,1
Geumho 1(il)-ga-dong,Seongdong-gu,695.0,379,316,349,192,157,81,47,34,78,39,39,65,35,30,4,-,4,38,21,17,3,3,-,23,12,11,30,15,15,4,4,-,6,3,3,6,4,2,-,-,-,6,2,4,2,2,-
Geumho 4(sa)-ga-dong,Seongdong-gu,560.0,315,245,277,146,131,55,28,27,64,41,23,65,40,25,5,4,1,34,22,12,2,2,-,16,6,10,19,14,5,4,2,2,6,4,2,2,1,1,1,1,-,5,2,3,5,2,3
Seongsu 1(il)-ga1(il)-dong,Seongdong-gu,673.0,415,258,353,217,136,73,52,21,75,45,30,58,33,25,2,2,-,45,29,16,4,3,1,18,9,9,17,7,10,4,2,2,9,6,3,6,6,-,-,-,-,7,4,3,2,-,2
Seongsu 1(il)-ga2(i)-dong,Seongdong-gu,668.0,369,299,390,219,171,59,37,22,60,30,30,77,37,40,6,6,-,28,15,13,4,4,-,12,6,6,15,6,9,-,-,-,4,4,-,3,3,-,-,-,-,7,2,5,3,-,3
Seongsu 2(i)-ga1(il)-dong,Seongdong-gu,878.0,560,318,488,312,176,86,50,36,91,55,36,83,47,36,4,3,1,50,39,11,6,5,1,31,17,14,16,13,3,6,4,2,6,5,1,4,4,-,-,-,-,5,5,-,2,1,1
Seongsu 2(i)-ga 3(sam)-dong,Seongdong-gu,463.0,282,181,243,141,102,42,31,11,50,30,20,48,28,20,7,7,-,27,14,13,4,4,-,10,6,4,17,12,5,5,1,4,3,3,-,5,3,2,-,-,-,2,2,-,-,-,-
Songjeong-dong,Seongdong-gu,541.0,328,213,297,169,128,55,34,21,55,35,20,48,36,12,3,2,1,28,19,9,2,2,-,19,13,6,23,14,9,1,-,1,3,2,1,2,-,2,1,1,-,2,-,2,2,1,1
Yongdap-dong,Seongdong-gu,825.0,505,320,443,252,191,70,49,21,79,49,30,80,44,36,3,3,-,36,25,11,4,3,1,67,55,12,28,15,13,3,2,1,6,5,1,3,2,1,-,-,-,2,-,2,1,1,-
WangsimniDoseon-dong,Seongdong-gu,627.0,354,273,306,156,150,78,46,32,77,55,22,69,40,29,3,2,1,32,16,16,6,6,-,23,9,14,14,8,6,2,2,-,6,6,-,-,-,-,1,-,1,8,6,2,2,2,-
Geumho 2.3(i.sam)-ga-dong,Seongdong-gu,915.0,522,393,518,287,231,82,51,31,96,60,36,92,49,43,5,4,1,47,32,15,4,3,1,32,20,12,25,12,13,1,-,1,2,-,2,4,1,3,2,-,2,5,3,2,-,-,-
Oksu-dong,Seongdong-gu,685.0,390,295,366,199,167,84,46,38,59,38,21,57,32,25,4,3,1,38,25,13,11,9,2,25,14,11,21,10,11,3,3,-,8,5,3,4,2,2,-,-,-,4,3,1,1,1,-
Hwayang-dong,Gwangjin-gu,662.0,387,275,372,193,179,63,32,31,84,61,23,53,36,17,2,1,1,25,17,8,5,5,-,23,18,5,16,11,5,6,4,2,-,-,-,1,-,1,-,-,-,7,5,2,5,4,1
Gunja-dong,Gwangjin-gu,830.0,477,353,426,241,185,105,65,40,67,46,21,83,41,42,4,3,1,54,31,23,-,-,-,33,19,14,34,18,16,3,2,1,6,4,2,2,2,-,-,-,-,8,3,5,5,2,3
Junggok 1(il)-dong,Gwangjin-gu,705.0,418,287,371,212,159,57,34,23,71,42,29,68,42,26,7,6,1,30,19,11,5,5,-,40,24,16,35,21,14,3,2,1,9,8,1,4,1,3,-,-,-,3,1,2,2,1,1
Junggok 2(i)-dong,Gwangjin-gu,887.0,512,375,439,257,182,92,53,39,84,51,33,107,63,44,4,3,1,52,30,22,8,7,1,48,25,23,38,15,23,2,-,2,2,2,-,2,1,1,-,-,-,4,3,1,5,2,3
Junggok 3(sam)-dong,Gwangjin-gu,804.0,516,288,406,254,152,85,63,22,91,63,28,71,44,27,12,10,2,37,19,18,6,6,-,55,28,27,27,16,11,4,4,-,3,3,-,2,2,-,-,-,-,3,3,-,2,1,1
Junggok 4(sa)-dong,Gwangjin-gu,1296.0,749,547,654,366,288,128,84,44,147,88,59,138,70,68,11,9,2,73,46,27,10,10,-,56,22,34,39,24,15,8,6,2,4,2,2,7,5,2,2,1,1,13,11,2,6,5,1
Neung-dong,Gwangjin-gu,392.0,226,166,199,111,88,40,19,21,40,28,12,38,25,13,1,1,-,32,15,17,2,-,2,14,8,6,17,11,6,-,-,-,1,1,-,1,1,-,-,-,-,6,5,1,1,1,-
Guui 1(il)-dong,Gwangjin-gu,809.0,467,342,379,224,155,102,56,46,101,54,47,84,47,37,8,6,2,47,28,19,7,5,2,35,21,14,32,17,15,3,1,2,2,-,2,1,1,-,1,1,-,3,2,1,4,4,-
Guui 2(i)-dong,Gwangjin-gu,1170.0,699,471,607,351,256,123,76,47,132,96,36,124,68,56,2,2,-,60,33,27,11,10,1,31,14,17,48,26,22,6,5,1,4,3,1,7,5,2,1,1,-,4,2,2,10,7,3
Guui 3(sam)-dong,Gwangjin-gu,811.0,461,350,422,230,192,97,62,35,73,40,33,85,46,39,6,5,1,52,29,23,14,11,3,14,8,6,22,12,10,3,3,-,4,3,1,7,6,1,2,1,1,7,3,4,3,2,1
Gwangjang-dong,Gwangjin-gu,755.0,458,297,371,215,156,95,54,41,65,48,17,63,35,28,4,3,1,57,39,18,17,15,2,19,7,12,36,21,15,1,1,-,5,4,1,8,5,3,-,-,-,11,8,3,3,3,-
Jayang 1(il)-dong,Gwangjin-gu,921.0,521,400,497,276,221,105,67,38,118,75,43,80,37,43,2,-,2,43,23,20,3,3,-,23,10,13,25,15,10,8,3,5,6,4,2,1,1,-,-,-,-,8,6,2,2,1,1
Jayang 2(i)-dong,Gwangjin-gu,1022.0,598,424,511,311,200,106,68,38,97,51,46,117,59,58,6,5,1,67,38,29,13,11,2,39,18,21,38,18,20,1,1,-,5,3,2,10,8,2,1,-,1,8,6,2,3,1,2
Jayang 3(sam)-dong,Gwangjin-gu,842.0,468,374,414,228,186,103,62,41,82,45,37,94,49,45,2,1,1,54,31,23,11,7,4,20,6,14,34,19,15,5,4,1,8,6,2,5,3,2,-,-,-,7,5,2,3,2,1
Jayang 4(sa)-dong,Gwangjin-gu,1105.0,670,435,608,342,266,94,60,34,109,75,34,116,74,42,10,9,1,52,31,21,3,3,-,43,29,14,44,26,18,1,1,-,6,5,1,5,3,2,1,-,1,11,10,1,2,2,-
Hoegi-dong,Dongdaemun-gu,368.0,209,159,172,92,80,53,31,22,31,17,14,52,29,23,1,1,-,15,8,7,6,5,1,12,7,5,13,10,3,-,-,-,4,3,1,4,4,-,-,-,-,3,2,1,2,-,2
Hwigyeong 1(il)-dong,Dongdaemun-gu,725.0,408,317,406,227,179,59,30,29,78,41,37,78,52,26,1,-,1,32,20,12,2,1,1,31,16,15,20,12,8,3,2,1,3,2,1,3,2,1,3,-,3,5,3,2,1,-,1
Hwigyeong 2(i)-dong,Dongdaemun-gu,849.0,481,368,470,265,205,89,50,39,77,49,28,85,42,43,6,4,2,36,25,11,10,8,2,24,11,13,37,16,21,7,5,2,1,1,-,2,2,-,-,-,-,2,1,1,3,2,1
Cheongnyangni-dong,Dongdaemun-gu,1419.0,834,585,740,404,336,155,95,60,140,87,53,144,83,61,8,8,-,69,43,26,11,8,3,52,34,18,54,41,13,9,5,4,12,10,2,8,5,3,2,1,1,9,5,4,6,5,1
Yongsin-dong,Dongdaemun-gu,1550.0,913,637,826,470,356,188,124,64,161,102,59,137,67,70,11,6,5,68,40,28,6,5,1,60,39,21,59,34,25,5,4,1,8,7,1,9,7,2,1,1,-,6,3,3,5,4,1
Jegi-dong,Dongdaemun-gu,1381.0,798,583,748,398,350,126,88,38,144,93,51,147,83,64,7,6,1,70,46,24,9,6,3,55,27,28,38,26,12,9,5,4,7,6,1,3,2,1,-,-,-,13,8,5,5,4,1
Jeonnong 1(il)-dong,Dongdaemun-gu,1738.0,1030,708,940,556,384,185,113,72,178,109,69,165,89,76,10,7,3,92,66,26,6,6,-,64,35,29,58,21,37,5,3,2,10,8,2,4,3,1,2,1,1,14,8,6,5,5,-
Jeonnong 2(i)-dong,Dongdaemun-gu,909.0,526,383,493,273,220,102,56,46,89,58,31,98,62,36,7,6,1,39,29,10,5,5,-,24,10,14,33,16,17,4,2,2,4,2,2,4,2,2,1,-,1,5,5,-,1,-,1
Dapsimni 1(il)-dong,Dongdaemun-gu,922.0,523,399,472,260,212,91,48,43,93,63,30,115,64,51,4,2,2,40,24,16,7,7,-,43,25,18,29,15,14,7,5,2,5,4,1,7,4,3,1,1,-,4,1,3,4,-,4
Dapsimni 2(i)-dong,Dongdaemun-gu,1530.0,902,628,809,467,342,177,109,68,162,96,66,145,86,59,9,8,1,72,45,27,15,14,1,48,22,26,50,30,20,11,5,6,13,8,5,4,3,1,1,-,1,10,8,2,4,1,3
Jangan 1(il)-dong,Dongdaemun-gu,1527.0,926,601,808,476,332,167,90,77,157,97,60,146,92,54,10,9,1,83,56,27,12,10,2,54,36,18,49,31,18,8,6,2,12,10,2,7,5,2,1,-,1,7,6,1,6,2,4
Jangan 2(i)-dong,Dongdaemun-gu,1278.0,786,492,680,396,284,123,79,44,128,81,47,113,73,40,9,7,2,85,58,27,10,8,2,51,38,13,38,22,16,4,4,-,10,9,1,8,3,5,2,1,1,12,5,7,5,2,3
Imun 1(il)-dong,Dongdaemun-gu,1329.0,790,539,712,409,303,139,85,54,154,93,61,113,62,51,10,8,2,55,40,15,7,6,1,52,29,23,52,33,19,8,6,2,6,5,1,6,5,1,3,1,2,8,4,4,4,4,-
Imun 2(i)-dong,Dongdaemun-gu,972.0,536,436,510,276,234,93,46,47,125,71,54,93,52,41,8,5,3,37,25,12,7,5,2,43,21,22,35,19,16,3,2,1,4,4,-,4,4,-,2,2,-,6,4,2,2,-,2
Myeonmok 2(i)-dong,Jungnang-gu,1312.0,757,555,730,402,328,126,82,44,129,76,53,116,73,43,9,5,4,72,49,23,13,11,2,45,23,22,47,21,26,2,1,1,8,6,2,6,4,2,-,-,-,7,3,4,2,1,1
Myeonmok 4(sa)-dong,Jungnang-gu,1351.0,830,521,645,395,250,126,76,50,119,78,41,133,65,68,10,5,5,95,55,40,11,11,-,139,96,43,38,26,12,5,3,2,12,8,4,2,2,-,1,1,-,10,5,5,5,4,1
Myeonmok 5(o)-dong,Jungnang-gu,701.0,444,257,399,240,159,80,55,25,72,48,24,58,40,18,3,3,-,35,22,13,5,4,1,21,12,9,12,8,4,2,1,1,3,3,-,4,3,1,-,-,-,6,5,1,1,-,1
Myeonmok 7(chil)-dong,Jungnang-gu,1070.0,638,432,577,329,248,125,78,47,108,73,35,99,59,40,7,6,1,61,35,26,8,8,-,37,22,15,22,6,16,3,2,1,2,2,-,5,4,1,1,1,-,8,8,-,7,5,2
Sangbong 1(il)-dong,Jungnang-gu,1421.0,837,584,728,411,317,137,94,43,129,67,62,143,85,58,4,3,1,121,72,49,15,15,-,67,37,30,50,36,14,5,4,1,5,2,3,9,7,2,-,-,-,4,3,1,4,1,3
Sangbong 2(i)-dong,Jungnang-gu,916.0,539,377,509,274,235,91,69,22,102,60,42,99,57,42,5,3,2,33,25,8,3,3,-,18,12,6,29,19,10,2,-,2,8,8,-,6,2,4,1,1,-,4,3,1,6,3,3
Junghwa 1(il)-dong,Jungnang-gu,889.0,523,366,469,258,211,97,58,39,88,60,28,79,48,31,6,2,4,62,42,20,8,6,2,22,11,11,31,20,11,6,3,3,7,5,2,1,1,-,1,1,-,6,5,1,6,3,3
Junghwa 2(i)-dong,Jungnang-gu,1634.0,935,699,880,489,391,144,81,63,184,114,70,164,96,68,8,6,2,77,44,33,11,8,3,64,36,28,53,32,21,8,5,3,11,8,3,8,5,3,3,-,3,14,9,5,5,2,3
Muk 1(il)-dong,Jungnang-gu,1444.0,841,603,806,450,356,146,93,53,140,87,53,136,74,62,8,5,3,68,47,21,7,6,1,51,28,23,40,27,13,8,4,4,7,5,2,7,2,5,-,-,-,12,7,5,8,6,2
Muk 2(i)-dong,Jungnang-gu,907.0,532,375,476,273,203,94,57,37,96,64,32,78,45,33,7,5,2,49,28,21,7,7,-,39,18,21,34,18,16,3,2,1,7,5,2,5,4,1,2,-,2,6,5,1,4,1,3
Mangu 3(sam)-dong,Jungnang-gu,944.0,581,363,530,325,205,83,55,28,103,64,39,87,51,36,11,7,4,48,29,19,10,8,2,26,17,9,23,10,13,2,2,-,5,2,3,4,3,1,1,-,1,11,8,3,-,-,-
Sinnae 1(il)-dong,Jungnang-gu,1441.0,805,636,783,428,355,160,85,75,148,87,61,143,79,64,5,3,2,81,53,28,13,12,1,33,16,17,49,26,23,4,2,2,5,4,1,6,4,2,3,2,1,6,3,3,2,1,1
Sinnae 2(i)-dong,Jungnang-gu,1446.0,827,619,752,436,316,147,82,65,131,71,60,109,63,46,13,5,8,109,71,38,13,12,1,84,36,48,41,27,14,9,6,3,12,8,4,8,6,2,3,-,3,5,1,4,10,3,7
Myeonmokbon-dong,Jungnang-gu,1794.0,1058,736,1008,587,421,193,110,83,186,118,68,137,75,62,7,6,1,82,53,29,8,6,2,74,34,40,39,27,12,8,7,1,15,11,4,6,5,1,1,1,-,19,11,8,11,7,4
Myeonmok 3.8(sam.pal)-dong,Jungnang-gu,1297.0,754,543,721,408,313,118,66,52,135,78,57,122,72,50,15,12,3,66,42,24,9,8,1,46,25,21,37,26,11,5,3,2,7,3,4,2,1,1,1,-,1,9,8,1,4,2,2
Mangubon-dong,Jungnang-gu,1772.0,1047,725,1004,558,446,195,109,86,169,118,51,161,93,68,8,7,1,77,49,28,9,8,1,57,39,18,50,33,17,8,4,4,4,4,-,8,5,3,1,1,-,13,11,2,8,8,-
Donam 1(il)-dong,Seongbuk-gu,611.0,347,264,313,156,157,74,45,29,66,48,18,78,49,29,2,1,1,24,16,8,3,2,1,18,10,8,14,5,9,-,-,-,3,1,2,4,4,-,-,-,-,12,10,2,-,-,-
Donam 2(i)-dong,Seongbuk-gu,653.0,385,268,308,173,135,97,55,42,71,47,24,65,34,31,5,4,1,29,18,11,14,13,1,18,10,8,33,22,11,1,1,-,2,1,1,6,5,1,-,-,-,3,2,1,1,-,1
Anam-dong,Seongbuk-gu,670.0,387,283,296,163,133,82,49,33,66,38,28,64,37,27,12,9,3,79,45,34,7,6,1,23,18,5,26,12,14,1,1,-,3,2,1,3,2,1,3,1,2,3,2,1,2,2,-
Bomun-dong,Seongbuk-gu,605.0,333,272,325,172,153,73,41,32,59,34,25,64,35,29,4,4,-,24,17,7,3,2,1,26,15,11,15,7,8,3,1,2,-,-,-,1,1,-,1,1,-,4,1,3,3,2,1
Jeongneung 1(il)-dong,Seongbuk-gu,743.0,408,335,382,193,189,80,45,35,94,50,44,77,42,35,6,5,1,38,27,11,6,5,1,21,12,9,28,21,7,3,3,-,2,1,1,5,4,1,1,-,1,-,-,-,-,-,-
Jeongneung 2(i)-dong,Seongbuk-gu,941.0,525,416,481,259,222,116,65,51,105,69,36,78,45,33,5,4,1,43,25,18,11,10,1,39,16,23,29,14,15,6,4,2,5,4,1,4,2,2,-,-,-,14,5,9,5,3,2
Jeongneung 3(sam)-dong,Seongbuk-gu,826.0,472,354,458,241,217,91,60,31,92,56,36,77,43,34,5,2,3,30,21,9,4,4,-,25,17,8,29,17,12,2,2,-,4,2,2,2,2,-,-,-,-,1,1,-,6,4,2
Jeongneung 4(sa)-dong,Seongbuk-gu,1048.0,604,444,536,311,225,117,67,50,108,60,48,115,67,48,10,8,2,52,25,27,5,5,-,39,24,15,36,16,20,1,1,-,9,6,3,6,4,2,-,-,-,8,7,1,6,3,3
Gireum 1(il)-dong,Seongbuk-gu,1108.0,605,503,541,284,257,130,69,61,135,72,63,125,73,52,13,8,5,54,35,19,8,7,1,39,18,21,31,14,17,4,2,2,8,7,1,6,5,1,1,1,-,7,6,1,6,4,2
Gireum 2(i)-dong,Seongbuk-gu,987.0,568,419,551,307,244,101,67,34,96,60,36,106,54,52,5,3,2,43,24,19,5,5,-,34,18,16,30,18,12,1,-,1,5,4,1,2,2,-,-,-,-,6,5,1,2,1,1
Wolgok 1(il)-dong,Seongbuk-gu,1296.0,725,571,661,366,295,146,76,70,144,83,61,135,78,57,4,4,-,59,40,19,8,6,2,59,28,31,47,24,23,1,1,-,7,6,1,10,5,5,2,1,1,9,6,3,4,1,3
Wolgok 2(i)-dong,Seongbuk-gu,981.0,574,407,542,311,231,122,63,59,89,56,33,102,65,37,7,4,3,36,25,11,3,2,1,28,10,18,26,20,6,8,5,3,5,5,-,6,4,2,1,1,-,4,2,2,2,1,1
Jangwi 1(il)-dong,Seongbuk-gu,1153.0,663,490,606,332,274,124,80,44,120,77,43,109,60,49,14,13,1,67,37,30,7,6,1,36,14,22,37,22,15,9,8,1,8,7,1,3,3,-,2,-,2,9,4,5,2,-,2
Jangwi 2(i)-dong,Seongbuk-gu,1033.0,628,405,542,309,233,128,85,43,91,62,29,91,47,44,13,12,1,63,48,15,3,3,-,39,22,17,36,18,18,5,4,1,3,3,-,5,4,1,1,1,-,11,8,3,2,2,-
Jangwi 3(sam)-dong,Seongbuk-gu,950.0,577,373,522,318,204,103,64,39,103,66,37,85,52,33,6,4,2,48,29,19,3,2,1,36,17,19,28,15,13,5,2,3,1,1,-,1,1,-,1,-,1,6,5,1,2,1,1
Seongbuk-dong,Seongbuk-gu,653.0,378,275,298,163,135,63,36,27,94,56,38,64,38,26,7,7,-,49,32,17,14,12,2,19,11,8,25,10,15,2,1,1,2,1,1,8,6,2,-,-,-,5,3,2,3,2,1
Samseon-dong,Seongbuk-gu,1084.0,615,469,543,293,250,122,75,47,114,61,53,106,59,47,8,8,-,68,40,28,3,3,-,48,29,19,45,23,22,2,2,-,11,10,1,4,4,-,1,1,-,7,6,1,2,1,1
Dongseon-dong,Seongbuk-gu,622.0,357,265,302,167,135,52,34,18,104,60,44,77,39,38,5,5,-,31,20,11,3,3,-,22,12,10,19,12,7,-,-,-,2,1,1,2,2,-,1,-,1,2,2,-,-,-,-
Jongam-dong,Seongbuk-gu,1634.0,932,702,863,490,373,185,99,86,150,87,63,188,100,88,15,13,2,65,36,29,15,12,3,53,27,26,53,33,20,14,9,5,11,10,1,7,6,1,1,-,1,9,7,2,5,3,2
Seokgwan-dong,Seongbuk-gu,1769.0,1060,709,962,568,394,189,104,85,187,125,62,185,117,68,15,8,7,79,44,35,12,12,-,51,28,23,52,32,20,-,-,-,9,6,3,7,4,3,1,1,-,12,8,4,8,3,5
Beon 1(il)-dong,Gangbuk-gu,917.0,546,371,505,293,212,97,64,33,106,63,43,81,49,32,6,4,2,39,26,13,6,5,1,30,12,18,32,18,14,1,-,1,7,6,1,3,3,-,-,-,-,3,2,1,1,1,-
Beon 2(i)-dong,Gangbuk-gu,1358.0,790,568,652,374,278,148,99,49,149,92,57,141,71,70,9,6,3,82,41,41,10,8,2,75,44,31,54,32,22,5,2,3,10,9,1,3,2,1,2,1,1,15,9,6,3,-,3
Beon 3(sam)-dong,Gangbuk-gu,2029.0,1153,876,994,551,443,239,152,87,189,114,75,179,94,85,11,5,6,157,78,79,3,2,1,132,80,52,75,45,30,2,-,2,18,11,7,9,7,2,1,1,-,12,8,4,8,5,3
Suyu 1(il)-dong,Gangbuk-gu,1200.0,680,520,554,301,253,128,86,42,200,121,79,126,61,65,7,6,1,77,42,35,3,3,-,50,30,20,33,15,18,1,-,1,5,3,2,5,4,1,2,2,-,7,5,2,2,1,1
Suyu 2(i)-dong,Gangbuk-gu,1028.0,582,446,531,287,244,107,70,37,108,63,45,103,61,42,5,3,2,69,39,30,10,10,-,34,11,23,34,17,17,4,3,1,7,6,1,6,5,1,-,-,-,5,4,1,5,3,2
Suyu 3(sam)-dong,Gangbuk-gu,1145.0,674,471,580,321,259,114,78,36,132,82,50,122,67,55,5,3,2,65,40,25,12,11,1,45,26,19,51,34,17,2,1,1,7,4,3,1,1,-,-,-,-,5,3,2,4,3,1
Samyang-dong,Gangbuk-gu,1623.0,929,694,799,453,346,178,93,85,206,131,75,195,111,84,17,12,5,87,48,39,11,8,3,48,26,22,48,22,26,2,-,2,11,11,-,9,6,3,-,-,-,8,7,1,4,1,3
Mia-dong,Gangbuk-gu,1108.0,664,444,524,304,220,110,67,43,139,85,54,168,106,62,10,5,5,50,35,15,5,5,-,33,19,14,37,22,15,2,1,1,5,3,2,9,5,4,3,1,2,10,5,5,3,1,2
Songjung-dong,Gangbuk-gu,1509.0,887,622,802,458,344,146,96,50,164,87,77,171,112,59,8,5,3,80,43,37,7,7,-,45,24,21,54,30,24,2,2,-,11,9,2,5,3,2,1,-,1,9,8,1,4,3,1
Songcheon-dong,Gangbuk-gu,1618.0,941,677,846,474,372,167,103,64,167,96,71,200,120,80,13,10,3,83,51,32,8,7,1,57,33,24,44,19,25,3,2,1,11,11,-,4,3,1,1,-,1,12,10,2,2,2,-
Samgaksan-dong,Gangbuk-gu,1293.0,701,592,676,367,309,140,75,65,160,89,71,112,53,59,11,6,5,64,35,29,13,10,3,37,15,22,50,29,21,1,-,1,9,7,2,4,3,1,1,-,1,10,8,2,5,4,1
Ui-dong,Gangbuk-gu,979.0,549,430,487,261,226,129,85,44,121,66,55,86,43,43,7,3,4,59,39,20,5,5,-,30,16,14,35,15,20,-,-,-,6,4,2,4,3,1,2,2,-,4,4,-,4,3,1
Insu-dong,Gangbuk-gu,1680.0,952,728,849,486,363,211,119,92,187,101,86,158,81,77,13,11,2,96,49,47,8,6,2,58,32,26,53,31,22,3,2,1,14,11,3,8,7,1,2,1,1,15,13,2,5,2,3
Ssangmun 1(il)-dong,Dobong-gu,1028.0,614,414,521,297,224,102,56,46,116,76,40,97,61,36,8,4,4,67,42,25,8,8,-,38,24,14,36,21,15,5,4,1,10,8,2,7,4,3,2,-,2,9,8,1,2,1,1
Ssangmun 2(i)-dong,Dobong-gu,943.0,540,403,473,260,213,88,54,34,108,65,43,118,74,44,4,3,1,51,32,19,8,7,1,42,18,24,30,14,16,4,2,2,2,2,-,1,1,-,2,1,1,10,5,5,2,2,-
Ssangmun 3(sam)-dong,Dobong-gu,799.0,451,348,407,228,179,69,42,27,91,49,42,96,55,41,5,3,2,47,25,22,4,3,1,30,11,19,37,25,12,1,1,-,4,4,-,1,1,-,-,-,-,4,3,1,3,1,2
Ssangmun 4(sa)-dong,Dobong-gu,644.0,369,275,318,174,144,68,39,29,71,43,28,74,41,33,3,2,1,31,20,11,12,12,-,14,6,8,30,16,14,4,2,2,2,2,-,9,9,-,-,-,-,5,2,3,3,1,2
Banghak 1(il)-dong,Dobong-gu,1412.0,847,565,709,422,287,171,96,75,153,103,50,140,80,60,6,5,1,78,42,36,9,8,1,55,29,26,53,33,20,7,5,2,12,11,1,4,2,2,2,1,1,10,8,2,3,2,1
Banghak 2(i)-dong,Dobong-gu,1147.0,690,457,601,352,249,115,78,37,126,82,44,99,55,44,8,6,2,64,39,25,7,6,1,61,32,29,30,15,15,3,2,1,10,7,3,2,2,-,3,2,1,10,7,3,8,5,3
Banghak 3(sam)-dong,Dobong-gu,1010.0,574,436,511,278,233,145,85,60,98,59,39,95,47,48,7,5,2,62,44,18,9,7,2,26,11,15,33,19,14,3,3,-,7,5,2,6,4,2,-,-,-,6,6,-,2,1,1
Chang 1(il)-dong,Dobong-gu,1050.0,600,450,542,283,259,126,75,51,109,64,45,116,73,43,5,4,1,53,37,16,12,9,3,30,17,13,27,19,8,5,2,3,6,4,2,11,8,3,2,2,-,5,2,3,1,1,-
Chang 2(i)-dong,Dobong-gu,1222.0,713,509,626,370,256,146,90,56,140,76,64,115,57,58,12,8,4,67,38,29,10,9,1,37,24,13,35,21,14,2,1,1,8,5,3,8,4,4,4,2,2,11,7,4,1,1,-
Chang 3(sam)-dong,Dobong-gu,731.0,431,300,380,222,158,75,41,34,80,50,30,63,38,25,5,2,3,45,29,16,8,5,3,38,22,16,22,13,9,5,3,2,4,3,1,2,1,1,-,-,-,2,2,-,2,-,2
Chang 4(sa)-dong,Dobong-gu,1012.0,551,461,496,268,228,137,70,67,109,64,45,105,53,52,4,4,-,53,31,22,9,9,-,34,18,16,35,20,15,7,3,4,7,5,2,4,2,2,-,-,-,10,2,8,2,2,-
Chang 5(o)-dong,Dobong-gu,960.0,569,391,475,272,203,123,84,39,106,60,46,106,63,43,4,3,1,51,32,19,8,7,1,27,13,14,34,20,14,6,4,2,2,2,-,5,4,1,1,1,-,11,4,7,1,-,1
Dobong 1(il)-dong,Dobong-gu,1508.0,893,615,698,403,295,172,101,71,151,89,62,156,100,56,10,6,4,159,105,54,11,9,2,62,30,32,48,29,19,9,6,3,7,3,4,5,-,5,6,4,2,11,7,4,3,1,2
Dobong 2(i)-dong,Dobong-gu,1460.0,852,608,734,415,319,186,106,80,164,111,53,145,77,68,6,4,2,82,49,33,6,4,2,46,26,20,50,33,17,3,2,1,6,4,2,10,9,1,1,1,-,19,10,9,2,1,1
Wolgye 1(il)-dong,Nowon-gu,965.0,572,393,509,296,213,99,60,39,84,44,40,124,78,46,5,3,2,50,34,16,7,7,-,33,13,20,28,19,9,5,3,2,1,1,-,6,4,2,-,-,-,12,9,3,2,1,1
Wolgye 2(i)-dong,Nowon-gu,2227.0,1240,987,1049,586,463,241,132,109,209,108,101,220,113,107,19,11,8,160,98,62,19,15,4,167,91,76,72,39,33,13,8,5,21,17,4,5,4,1,3,2,1,16,8,8,13,8,5
Wolgye 3(sam)-dong,Nowon-gu,1963.0,1091,872,978,541,437,193,107,86,178,97,81,205,114,91,12,7,5,139,84,55,15,15,-,106,50,56,77,43,34,9,5,4,18,8,10,6,5,1,3,2,1,14,9,5,10,4,6
Gongneung 2(i)-dong,Nowon-gu,1551.0,874,677,850,478,372,178,105,73,147,79,68,147,77,70,10,7,3,82,48,34,17,16,1,41,17,24,38,25,13,8,4,4,9,5,4,5,3,2,4,3,1,8,4,4,7,3,4
Hagye 1(il)-dong,Nowon-gu,2130.0,1090,1040,911,458,453,223,125,98,180,102,78,216,87,129,14,7,7,293,147,146,28,24,4,152,79,73,68,33,35,9,5,4,21,15,6,2,2,-,3,2,1,8,4,4,2,-,2
Hagye 2(i)-dong,Nowon-gu,1075.0,608,467,534,300,234,126,79,47,112,60,52,98,45,53,8,8,-,83,47,36,16,10,6,41,22,19,35,21,14,-,-,-,7,3,4,2,1,1,-,-,-,11,10,1,2,2,-
Junggyebon-dong,Nowon-gu,944.0,537,407,505,297,208,102,57,45,86,43,43,86,46,40,5,5,-,79,40,39,13,11,2,26,11,15,20,11,9,3,3,-,5,4,1,5,5,-,1,-,1,5,2,3,3,2,1
Junggye 1(il)-dong,Nowon-gu,859.0,487,372,465,250,215,96,65,31,76,49,27,80,42,38,8,2,6,43,33,10,14,9,5,23,11,12,32,14,18,6,4,2,6,4,2,3,1,2,-,-,-,2,1,1,5,2,3
Junggye 4(sa)-dong,Nowon-gu,1325.0,754,571,641,353,288,143,98,45,125,61,64,126,67,59,11,7,4,91,59,32,6,5,1,105,63,42,48,25,23,5,4,1,10,7,3,1,-,1,-,-,-,8,3,5,5,2,3
Sanggye 1(il)-dong,Nowon-gu,1929.0,1068,861,902,489,413,260,151,109,231,149,82,186,98,88,12,11,1,139,64,75,18,15,3,60,22,38,66,35,31,6,4,2,14,10,4,10,5,5,2,-,2,17,11,6,6,4,2
Sanggye 2(i)-dong,Nowon-gu,913.0,554,359,447,270,177,116,66,50,98,63,35,95,51,44,9,8,1,53,38,15,9,9,-,31,19,12,34,16,18,4,3,1,4,2,2,1,1,-,-,-,-,9,6,3,3,2,1
Sanggye 5(o)-dong,Nowon-gu,1091.0,604,487,570,294,276,131,83,48,121,76,45,99,59,40,11,7,4,59,28,31,10,9,1,40,18,22,28,18,10,3,3,-,6,5,1,-,-,-,-,-,-,7,1,6,6,3,3
Sanggye 8(pal)-dong,Nowon-gu,786.0,436,350,388,196,192,84,45,39,101,62,39,92,58,34,5,2,3,39,27,12,8,6,2,32,15,17,20,16,4,5,3,2,4,1,3,-,-,-,2,-,2,5,4,1,1,1,-
Sanggye 9(gu)-dong,Nowon-gu,766.0,425,341,359,183,176,98,52,46,77,44,33,92,58,34,2,1,1,43,31,12,12,10,2,30,11,19,35,19,16,2,2,-,5,4,1,5,5,-,1,1,-,4,3,1,1,1,-
Sanggye 10(sip)-dong,Nowon-gu,591.0,323,268,285,150,135,71,40,31,59,24,35,69,36,33,8,5,3,40,25,15,13,11,2,17,12,5,18,12,6,1,-,1,2,1,1,3,3,-,1,-,1,3,3,-,1,1,-
Sanggye 3.4(sam.sa)-dong,Nowon-gu,2160.0,1246,914,1059,599,460,275,165,110,246,142,104,214,117,97,10,7,3,128,86,42,10,8,2,86,41,45,73,44,29,9,4,5,17,13,4,8,5,3,3,2,1,15,9,6,7,4,3
Sanggye 6.7(yuk.chil)-dong,Nowon-gu,1236.0,672,564,625,339,286,154,76,78,127,72,55,127,66,61,4,3,1,76,46,30,14,14,-,30,10,20,45,27,18,6,4,2,8,5,3,6,4,2,2,-,2,8,4,4,4,2,2
Junggye 2.3(i.sam)-dong,Nowon-gu,3270.0,1787,1483,1545,839,706,396,216,180,323,177,146,322,165,157,30,21,9,234,127,107,29,26,3,212,112,100,100,56,44,16,10,6,20,13,7,4,3,1,6,4,2,18,10,8,15,8,7
Gongneung 1(il)-dong,Nowon-gu,2204.0,1223,981,1156,648,508,202,115,87,225,126,99,213,108,105,14,11,3,130,68,62,17,14,3,119,54,65,72,41,31,11,6,5,9,7,2,7,7,-,4,2,2,15,10,5,10,6,4
Nokbeon-dong,Eunpyeong-gu,1388.0,793,595,703,377,326,162,101,61,151,94,57,148,83,65,16,12,4,68,45,23,13,12,1,50,29,21,45,23,22,4,2,2,5,2,3,5,2,3,4,3,1,13,8,5,1,-,1
Bulgwang 1(il)-dong,Eunpyeong-gu,1606.0,901,705,812,429,383,189,113,76,183,117,66,173,93,80,7,4,3,81,50,31,13,12,1,57,32,25,50,27,23,5,3,2,7,6,1,11,7,4,1,1,-,13,4,9,4,3,1
Galhyeon 1(il)-dong,Eunpyeong-gu,1125.0,649,476,561,326,235,107,62,45,144,83,61,112,54,58,4,4,-,63,40,23,4,3,1,64,41,23,40,20,20,-,-,-,6,4,2,3,3,-,1,1,-,10,5,5,6,3,3
Galhyeon 2(i)-dong,Eunpyeong-gu,1093.0,641,452,554,316,238,99,57,42,133,85,48,105,58,47,10,8,2,75,42,33,9,7,2,43,19,24,40,30,10,-,-,-,8,7,1,7,6,1,-,-,-,9,6,3,1,-,1
Gusan-dong,Eunpyeong-gu,2328.0,1745,583,743,474,269,281,229,52,141,96,45,162,93,69,14,10,4,488,401,87,22,18,4,362,343,19,41,25,16,-,-,-,34,26,8,11,9,2,1,1,-,14,9,5,14,11,3
Daejo-dong,Eunpyeong-gu,1338.0,755,583,661,345,316,152,85,67,150,96,54,145,88,57,8,5,3,72,50,22,7,6,1,57,26,31,43,25,18,3,1,2,8,5,3,9,8,1,-,-,-,15,12,3,8,3,5
Eungam 1(il)-dong,Eunpyeong-gu,1356.0,764,592,658,357,301,155,93,62,145,90,55,169,91,78,8,5,3,74,41,33,13,12,1,65,36,29,36,17,19,6,5,1,4,3,1,7,5,2,1,-,1,9,5,4,6,4,2
Eungam 2(i)-dong,Eunpyeong-gu,1102.0,635,467,523,315,208,134,88,46,144,81,63,123,55,68,6,5,1,47,29,18,8,6,2,58,26,32,34,16,18,6,6,-,2,1,1,5,2,3,3,1,2,5,1,4,4,3,1
Sinsa 1(il)-dong,Eunpyeong-gu,1130.0,648,482,574,314,260,126,70,56,129,78,51,113,67,46,9,6,3,83,55,28,8,4,4,37,24,13,21,17,4,1,-,1,4,2,2,6,5,1,2,1,1,15,4,11,2,1,1
Sinsa 2(i)-dong,Eunpyeong-gu,933.0,556,377,473,260,213,87,57,30,101,68,33,93,58,35,6,3,3,63,40,23,12,12,-,33,18,15,38,20,18,1,1,-,7,4,3,7,4,3,1,1,-,6,5,1,5,5,-
Jeungsan-dong,Eunpyeong-gu,860.0,503,357,424,229,195,96,63,33,90,64,26,101,62,39,8,3,5,55,31,24,2,2,-,32,18,14,30,17,13,-,-,-,3,3,-,8,5,3,1,-,1,7,4,3,3,2,1
Susaek-dong,Eunpyeong-gu,984.0,547,437,513,279,234,99,54,45,97,52,45,102,55,47,11,8,3,70,50,20,7,6,1,41,21,20,24,12,12,2,1,1,4,2,2,7,5,2,1,1,-,6,1,5,-,-,-
Jingwan-dong,Eunpyeong-gu,1787.0,980,807,887,475,412,253,142,111,203,108,95,191,97,94,10,10,-,74,46,28,31,27,4,42,17,25,44,25,19,8,4,4,5,5,-,15,10,5,3,1,2,17,11,6,4,2,2
Bulgwang 2(i)-dong,Eunpyeong-gu,1447.0,833,614,689,382,307,162,102,60,160,93,67,185,104,81,13,10,3,94,54,40,12,12,-,51,27,24,44,29,15,3,3,-,3,3,-,11,6,5,2,1,1,11,5,6,7,2,5
Eungam 3(sam)-dong,Eunpyeong-gu,1235.0,733,502,597,344,253,116,76,40,151,85,66,144,82,62,11,7,4,71,47,24,12,9,3,51,31,20,41,31,10,5,3,2,9,5,4,5,1,4,4,3,1,13,9,4,5,-,5
Yeokchon-dong,Eunpyeong-gu,2051.0,1177,874,950,528,422,227,133,94,246,150,96,234,135,99,22,11,11,157,97,60,15,13,2,91,38,53,60,37,23,8,5,3,13,10,3,5,3,2,3,3,-,16,11,5,4,3,1
Cheonyeon-dong,Seodaemun-gu,838.0,447,391,413,216,197,94,55,39,78,41,37,75,32,43,6,6,-,47,26,21,14,12,2,45,21,24,38,17,21,4,4,-,5,5,-,7,5,2,1,-,1,9,6,3,2,1,1
Hongje 1(il)-dong,Seodaemun-gu,1039.0,588,451,518,275,243,113,67,46,107,69,38,123,70,53,9,6,3,66,37,29,11,9,2,36,21,15,38,22,16,-,-,-,7,4,3,4,2,2,1,1,-,3,2,1,3,3,-
Hongje 3(sam)-dong,Seodaemun-gu,952.0,511,441,474,237,237,120,64,56,112,66,46,96,53,43,10,5,5,45,32,13,6,5,1,35,18,17,30,17,13,4,3,1,5,3,2,3,1,2,1,1,-,10,5,5,1,1,-
Hongje 2(i)-dong,Seodaemun-gu,626.0,344,282,299,149,150,105,69,36,69,37,32,55,27,28,11,9,2,23,13,10,5,3,2,18,12,6,26,15,11,5,3,2,1,1,-,5,5,-,-,-,-,3,1,2,1,-,1
Hongeun 1(il)-dong,Seodaemun-gu,1149.0,634,515,606,336,270,136,69,67,115,69,46,127,67,60,7,6,1,54,29,25,11,10,1,36,16,20,36,18,18,1,-,1,10,7,3,5,3,2,-,-,-,2,2,-,3,2,1
Hongeun 2(i)-dong,Seodaemun-gu,1247.0,703,544,571,308,263,151,87,64,151,96,55,139,66,73,7,7,-,69,44,25,4,4,-,67,45,22,57,26,31,8,5,3,3,3,-,5,4,1,2,1,1,10,5,5,3,2,1
Namgajwa 1(il)-dong,Seodaemun-gu,158.0,89,69,64,39,25,23,11,12,18,8,10,23,13,10,1,1,-,11,6,5,1,1,-,9,4,5,3,3,-,1,-,1,2,1,1,1,1,-,-,-,-,1,1,-,-,-,-
Namgajwa 2(i)-dong,Seodaemun-gu,1390.0,766,624,692,363,329,168,98,70,146,90,56,143,74,69,7,3,4,79,57,22,6,5,1,59,24,35,52,30,22,7,5,2,6,4,2,4,2,2,-,-,-,11,5,6,10,6,4
Bukgajwa 1(il)-dong,Seodaemun-gu,681.0,386,295,315,172,143,79,47,32,81,49,32,82,45,37,4,1,3,47,27,20,8,7,1,24,13,11,24,14,10,3,2,1,6,5,1,3,2,1,-,-,-,4,2,2,1,-,1
Bukgajwa 2(i)-dong,Seodaemun-gu,1455.0,828,627,762,436,326,158,88,70,153,92,61,132,67,65,11,9,2,72,51,21,6,6,-,63,26,37,65,37,28,6,2,4,6,2,4,2,-,2,3,1,2,12,10,2,4,1,3
Chunghyeon-dong,Seodaemun-gu,776.0,464,312,373,231,142,93,55,38,95,55,40,90,48,42,5,4,1,45,31,14,3,3,-,26,14,12,29,12,17,3,2,1,2,2,-,6,4,2,-,-,-,6,3,3,-,-,-
Bugahyeon-dong,Seodaemun-gu,450.0,260,190,224,129,95,55,30,25,44,25,19,62,37,25,4,4,-,26,16,10,6,5,1,10,7,3,7,2,5,2,1,1,3,2,1,3,1,2,-,-,-,3,1,2,1,-,1
Sinchon-dong,Seodaemun-gu,537.0,284,253,269,135,134,76,42,34,56,30,26,49,24,25,2,2,-,29,23,6,4,4,-,16,8,8,24,10,14,-,-,-,2,1,1,2,1,1,-,-,-,6,2,4,2,2,-
Yeonhui-dong,Seodaemun-gu,1510.0,849,661,752,403,349,183,111,72,155,82,73,148,83,65,14,12,2,93,56,37,7,6,1,71,38,33,53,33,20,3,2,1,7,5,2,7,6,1,1,1,-,13,8,5,3,3,-
Yonggang-dong,Mapo-gu,549.0,311,238,284,153,131,63,33,30,62,42,20,51,26,25,8,7,1,36,24,12,3,3,-,14,9,5,15,6,9,-,-,-,5,3,2,2,2,-,1,1,-,4,2,2,1,-,1
Daeheung-dong,Mapo-gu,585.0,347,238,281,155,126,77,41,36,70,44,26,58,46,12,9,6,3,25,15,10,2,2,-,21,13,8,27,16,11,3,1,2,3,2,1,1,1,-,-,-,-,6,3,3,2,2,-
Yeomni-dong,Mapo-gu,695.0,364,331,335,164,171,82,51,31,91,48,43,70,39,31,4,4,-,37,21,16,2,2,-,27,8,19,26,15,11,-,-,-,4,2,2,1,1,-,3,-,3,8,6,2,5,3,2
Sinsu-dong,Mapo-gu,776.0,453,323,399,214,185,89,56,33,88,58,30,85,51,34,8,7,1,41,27,14,-,-,-,18,10,8,23,13,10,2,2,-,5,2,3,1,1,-,2,2,-,9,7,2,6,3,3
Seogyo-dong,Mapo-gu,814.0,490,324,419,234,185,90,60,30,103,69,34,84,42,42,5,5,-,39,26,13,8,6,2,24,16,8,28,19,9,-,-,-,3,3,-,10,9,1,-,-,-,-,-,-,1,1,-
Hapjeong-dong,Mapo-gu,652.0,366,286,329,173,156,64,33,31,78,51,27,88,47,41,2,1,1,27,17,10,6,5,1,21,16,5,23,14,9,3,3,-,2,-,2,4,3,1,1,-,1,3,2,1,1,1,-
Mangwon 1(il)-dong,Mapo-gu,966.0,567,399,498,282,216,96,57,39,126,87,39,104,57,47,6,4,2,44,27,17,4,4,-,37,17,20,27,16,11,5,2,3,3,3,-,9,7,2,1,-,1,4,2,2,2,2,-
Mangwon 2(i)-dong,Mapo-gu,841.0,483,358,438,242,196,95,56,39,96,63,33,95,54,41,4,4,-,37,20,17,6,2,4,19,10,9,29,17,12,2,1,1,4,3,1,5,3,2,-,-,-,8,7,1,3,1,2
Yeonnam-dong,Mapo-gu,675.0,382,293,354,188,166,69,44,25,89,47,42,59,33,26,5,3,2,33,21,12,6,5,1,19,13,6,22,13,9,2,2,-,6,6,-,2,2,-,-,-,-,8,4,4,1,1,-
Seongsan 1(il)-dong,Mapo-gu,758.0,438,320,381,213,168,104,59,45,78,45,33,66,43,23,5,4,1,32,15,17,8,7,1,33,17,16,27,17,10,5,4,1,2,2,-,10,7,3,1,1,-,4,3,1,2,1,1
Seongsan 2(i)-dong,Mapo-gu,1977.0,1073,904,935,486,449,270,155,115,208,119,89,185,94,91,18,12,6,146,81,65,9,8,1,94,45,49,68,48,20,9,6,3,6,3,3,7,4,3,3,2,1,10,5,5,9,5,4
Sangam-dong,Mapo-gu,1295.0,723,572,604,338,266,172,100,72,154,87,67,132,67,65,2,2,-,74,48,26,18,15,3,37,15,22,62,29,33,5,3,2,6,4,2,12,6,6,4,3,1,9,5,4,4,1,3
Dohwa-dong,Mapo-gu,821.0,448,373,377,198,179,110,67,43,111,58,53,100,50,50,7,6,1,33,21,12,9,7,2,38,19,19,28,17,11,-,-,-,1,1,-,3,2,1,-,-,-,4,2,2,-,-,-
Seogang-dong,Mapo-gu,732.0,408,324,366,206,160,83,42,41,77,42,35,80,41,39,10,8,2,38,27,11,9,5,4,26,9,17,25,15,10,4,4,-,2,2,-,3,2,1,2,1,1,4,3,1,3,1,2
gongdeok-dong,Mapo-gu,1606.0,950,656,785,451,334,178,109,69,198,126,72,181,102,79,13,9,4,85,51,34,9,7,2,63,36,27,58,32,26,4,3,1,7,6,1,9,8,1,1,-,1,13,8,5,2,2,-
Ahyeon-dong,Mapo-gu,700.0,417,283,358,207,151,66,41,25,101,62,39,61,37,24,12,8,4,29,15,14,8,6,2,29,14,15,22,16,6,2,-,2,2,2,-,1,1,-,1,1,-,4,4,-,4,3,1
Mok 1(il)-dong,Yangcheon-gu,732.0,403,329,384,197,187,96,54,42,60,39,21,69,39,30,6,3,3,43,24,19,12,10,2,14,8,6,26,13,13,2,2,-,2,1,1,6,4,2,-,-,-,9,7,2,3,2,1
Mok 2(i)-dong,Yangcheon-gu,1019.0,609,410,529,320,209,96,53,43,113,69,44,111,61,50,4,3,1,55,37,18,9,6,3,31,17,14,39,22,17,5,4,1,6,2,4,10,8,2,1,-,1,10,7,3,-,-,-
Mok 3(sam)-dong,Yangcheon-gu,888.0,526,362,457,272,185,88,53,35,75,49,26,110,57,53,6,4,2,62,37,25,7,7,-,42,19,23,24,16,8,3,1,2,3,3,-,2,1,1,2,2,-,5,3,2,2,2,-
Mok 4(sa)-dong,Yangcheon-gu,884.0,526,358,445,274,171,83,46,37,90,51,39,109,56,53,4,3,1,58,34,24,10,8,2,33,23,10,37,18,19,-,-,-,4,4,-,2,2,-,-,-,-,7,6,1,2,1,1
Sinwol 1(il)-dong,Yangcheon-gu,1277.0,796,481,683,438,245,136,86,50,118,73,45,123,71,52,6,6,-,64,35,29,7,6,1,59,34,25,36,18,18,4,3,1,13,11,2,7,4,3,4,2,2,9,5,4,8,4,4
Sinwol 2(i)-dong,Yangcheon-gu,950.0,548,402,495,286,209,113,64,49,98,57,41,112,65,47,7,4,3,57,36,21,3,3,-,23,9,14,22,11,11,1,1,-,6,5,1,6,4,2,-,-,-,4,1,3,3,2,1
Sinwol 3(sam)-dong,Yangcheon-gu,910.0,560,350,484,297,187,99,59,40,92,61,31,78,48,30,5,2,3,53,27,26,7,7,-,36,23,13,33,23,10,1,1,-,3,2,1,7,3,4,2,2,-,4,1,3,6,4,2
Sinwol 4(sa)-dong,Yangcheon-gu,833.0,504,329,440,263,177,98,61,37,72,44,28,88,61,27,3,1,2,47,33,14,8,6,2,24,8,16,33,16,17,2,2,-,2,2,-,5,3,2,2,-,2,9,4,5,-,-,-
Sinwol 5(o)-dong,Yangcheon-gu,765.0,432,333,405,225,180,63,37,26,99,56,43,76,43,33,8,7,1,39,24,15,7,5,2,29,15,14,16,6,10,1,1,-,6,3,3,5,3,2,1,1,-,7,3,4,3,3,-
Sinwol 6(yuk)-dong,Yangcheon-gu,583.0,385,198,331,216,115,52,36,16,48,30,18,64,41,23,7,6,1,32,22,10,3,3,-,10,8,2,18,10,8,1,1,-,6,5,1,4,4,-,-,-,-,3,3,-,4,-,4
Sinwol 7(chil)-dong,Yangcheon-gu,1129.0,656,473,603,348,255,119,74,45,115,70,45,121,64,57,7,5,2,50,29,21,7,5,2,40,18,22,36,21,15,5,5,-,7,6,1,4,2,2,1,-,1,13,9,4,1,-,1
Sinjeong 1(il)-dong,Yangcheon-gu,482.0,307,175,231,145,86,58,31,27,56,40,16,53,32,21,4,4,-,26,16,10,6,6,-,18,10,8,17,12,5,2,2,-,4,3,1,5,5,-,-,-,-,2,1,1,-,-,-
Sinjeong 2(i)-dong,Yangcheon-gu,811.0,474,337,442,242,200,90,57,33,61,39,22,74,42,32,6,3,3,49,33,16,13,10,3,30,19,11,24,18,6,1,-,1,4,4,-,6,4,2,-,-,-,8,2,6,3,1,2
Sinjeong 3(sam)-dong,Yangcheon-gu,2371.0,1371,1000,1239,730,509,253,151,102,231,126,105,273,141,132,25,19,6,133,85,48,21,19,2,81,39,42,67,35,32,6,3,3,11,9,2,9,6,3,2,2,-,12,5,7,8,1,7
Sinjeong 6(yuk)-dong,Yangcheon-gu,528.0,282,246,226,118,108,77,39,38,56,31,25,58,25,33,1,1,-,43,25,18,10,8,2,13,3,10,28,19,9,4,2,2,1,1,-,3,3,-,-,-,-,8,7,1,-,-,-
Sinjeong 7(chil)-dong,Yangcheon-gu,1374.0,718,656,690,353,337,151,87,64,125,70,55,171,76,95,9,5,4,80,49,31,13,10,3,51,29,22,47,20,27,2,-,2,12,9,3,5,3,2,-,-,-,15,6,9,3,1,2
Mok 5(o)-dong,Yangcheon-gu,744.0,404,340,352,181,171,99,48,51,65,42,23,103,53,50,6,4,2,37,21,16,11,11,-,17,12,5,36,19,17,2,2,-,2,2,-,6,6,-,-,-,-,7,3,4,1,-,1
Sinjeong 4(sa)-dong,Yangcheon-gu,1624.0,1000,624,846,515,331,154,100,54,195,121,74,185,115,70,14,13,1,80,49,31,16,15,1,43,16,27,42,23,19,9,9,-,15,10,5,11,5,6,1,1,-,9,6,3,4,2,2
Yeomchang-dong,Gangseo-gu,1191.0,714,477,622,371,251,132,67,65,124,78,46,120,74,46,5,5,-,71,43,28,24,21,3,19,9,10,40,22,18,7,5,2,6,3,3,6,4,2,2,2,-,10,8,2,3,2,1
Deungchon 1(il)-dong,Gangseo-gu,769.0,420,349,410,217,193,80,46,34,75,43,32,94,50,44,8,5,3,38,24,14,8,6,2,13,6,7,25,12,13,3,2,1,4,4,-,2,2,-,1,-,1,6,3,3,2,-,2
Deungchon 2(i)-dong,Gangseo-gu,728.0,410,318,367,191,176,75,45,30,76,51,25,71,38,33,2,1,1,35,23,12,12,10,2,29,16,13,41,22,19,1,-,1,5,2,3,6,4,2,1,-,1,6,6,-,1,1,-
Deungchon 3(sam)-dong,Gangseo-gu,3682.0,2055,1627,1600,913,687,430,273,157,352,187,165,369,178,191,23,15,8,283,159,124,24,22,2,350,165,185,140,86,54,15,8,7,37,20,17,11,6,5,1,-,1,20,9,11,27,14,13
Hwagokbon-dong,Gangseo-gu,1454.0,872,582,694,422,272,168,96,72,163,99,64,152,90,62,19,12,7,101,64,37,10,10,-,71,30,41,46,32,14,5,3,2,7,5,2,5,2,3,-,-,-,10,5,5,3,2,1
Hwagok 2(i)-dong,Gangseo-gu,784.0,504,280,381,246,135,87,58,29,91,62,29,106,62,44,4,4,-,37,22,15,10,9,1,31,20,11,25,15,10,1,1,-,2,1,1,-,-,-,2,1,1,3,2,1,4,1,3
Hwagok 3(sam)-dong,Gangseo-gu,868.0,509,359,417,237,180,103,56,47,84,51,33,116,72,44,9,7,2,46,27,19,9,8,1,21,13,8,31,18,13,8,4,4,5,5,-,8,4,4,1,1,-,4,1,3,6,5,1
Hwagok 4(sa)-dong,Gangseo-gu,961.0,566,395,507,286,221,99,67,32,86,49,37,101,57,44,7,7,-,57,31,26,3,3,-,41,25,16,34,22,12,4,2,2,4,4,-,8,7,1,1,1,-,4,4,-,5,1,4
Hwagok 6(yuk)-dong,Gangseo-gu,987.0,565,422,467,266,201,102,52,50,87,57,30,105,59,46,6,6,-,121,69,52,15,13,2,30,12,18,32,14,18,5,4,1,6,4,2,2,1,1,-,-,-,5,5,-,4,3,1
Hwagok 8(pal)-dong,Gangseo-gu,1060.0,626,434,557,335,222,119,67,52,103,53,50,114,72,42,9,7,2,47,30,17,7,6,1,38,16,22,35,21,14,2,1,1,8,7,1,4,2,2,3,1,2,9,7,2,5,1,4
Gayang 1(il)-dong,Gangseo-gu,704.0,414,290,360,203,157,73,38,35,76,45,31,66,38,28,4,4,-,49,34,15,20,18,2,8,5,3,33,21,12,1,1,-,4,2,2,5,3,2,1,1,-,2,1,1,2,-,2
Gayang 2(i)-dong,Gangseo-gu,2324.0,1331,993,979,562,417,273,179,94,171,94,77,240,124,116,12,5,7,181,96,85,14,9,5,267,142,125,105,66,39,7,5,2,29,22,7,8,4,4,6,2,4,16,8,8,16,13,3
Gayang 3(sam)-dong,Gangseo-gu,1646.0,894,752,776,431,345,169,100,69,132,71,61,161,70,91,20,13,7,106,64,42,11,9,2,154,83,71,63,32,31,8,3,5,9,4,5,5,1,4,2,2,-,8,1,7,22,10,12
Balsan 1(il)-dong,Gangseo-gu,1242.0,732,510,658,382,276,137,83,54,117,73,44,144,82,62,6,4,2,71,40,31,11,9,2,30,10,20,38,26,12,4,3,1,6,6,-,12,10,2,-,-,-,5,3,2,3,1,2
Gonghang-dong,Gangseo-gu,983.0,593,390,539,336,203,79,43,36,97,52,45,117,70,47,6,5,1,45,25,20,6,6,-,32,20,12,40,21,19,4,3,1,6,4,2,2,2,-,-,-,-,6,5,1,4,1,3
Banghwa 1(il)-dong,Gangseo-gu,1271.0,755,516,686,413,273,126,71,55,131,77,54,163,92,71,8,5,3,63,36,27,9,9,-,17,9,8,39,21,18,4,3,1,6,4,2,3,3,-,1,1,-,12,9,3,3,2,1
Banghwa 2(i)-dong,Gangseo-gu,1553.0,920,633,782,458,324,168,101,67,164,102,62,161,99,62,14,8,6,82,44,38,4,4,-,87,42,45,52,32,20,7,6,1,11,10,1,5,3,2,4,2,2,4,3,1,8,6,2
Banghwa 3(sam)-dong,Gangseo-gu,2006.0,1146,860,995,546,449,196,123,73,177,107,70,198,119,79,13,9,4,128,73,55,9,6,3,151,78,73,81,48,33,2,1,1,22,13,9,7,7,-,1,1,-,16,9,7,10,6,4
Hwagok 1(il)-dong,Gangseo-gu,2110.0,1300,810,1153,699,454,202,136,66,233,145,88,232,132,100,18,14,4,84,55,29,12,11,1,67,33,34,57,37,20,12,9,3,10,7,3,7,5,2,3,3,-,14,10,4,6,4,2
Ujangsan-dong,Gangseo-gu,1186.0,678,508,592,346,246,137,72,65,121,77,44,135,71,64,13,7,6,69,40,29,13,12,1,34,11,23,41,23,18,8,5,3,3,2,1,10,9,1,2,-,2,5,1,4,3,2,1
Sindorim-dong,Guro-gu,1009.0,586,423,492,272,220,115,65,50,108,64,44,103,54,49,11,8,3,70,42,28,15,12,3,29,19,10,33,24,9,5,5,-,6,4,2,11,9,2,1,-,1,7,5,2,3,3,-
Guro 1(il)-dong,Guro-gu,569.0,343,226,286,162,124,70,39,31,67,42,25,63,37,26,5,5,-,21,15,6,5,5,-,15,11,4,19,14,5,5,5,-,5,3,2,1,-,1,2,1,1,5,4,1,-,-,-
Guro 3(sam)-dong,Guro-gu,938.0,569,369,504,290,214,94,64,30,100,64,36,102,62,40,3,3,-,52,34,18,5,3,2,27,16,11,26,15,11,9,6,3,1,1,-,3,2,1,1,1,-,9,7,2,2,1,1
Guro 4(sa)-dong,Guro-gu,1310.0,775,535,691,410,281,117,65,52,165,99,66,129,78,51,8,7,1,77,45,32,14,14,-,37,16,21,36,21,15,10,6,4,8,6,2,1,1,-,2,-,2,11,6,5,4,1,3
Guro 5(o)-dong,Guro-gu,1178.0,701,477,637,375,262,109,68,41,137,86,51,97,58,39,6,6,-,68,41,27,15,15,-,30,12,18,37,18,19,14,8,6,6,5,1,9,4,5,3,-,3,8,4,4,2,1,1
Gocheok 1(il)-dong,Guro-gu,1108.0,673,435,619,377,242,110,57,53,109,64,45,110,69,41,9,7,2,48,31,17,11,11,-,29,12,17,33,22,11,7,6,1,3,3,-,5,4,1,2,1,1,6,5,1,7,4,3
Gocheok 2(i)-dong,Guro-gu,1312.0,788,524,684,412,272,149,94,55,142,87,55,132,80,52,5,2,3,69,47,22,7,6,1,42,17,25,41,18,23,10,6,4,6,6,-,9,6,3,3,3,-,6,1,5,7,3,4
Gaebong 2(i)-dong,Guro-gu,1353.0,841,512,700,427,273,134,89,45,135,82,53,153,93,60,9,6,3,74,47,27,19,15,4,38,22,16,46,25,21,14,11,3,7,4,3,6,4,2,3,3,-,11,10,1,4,3,1
Gaebong 3(sam)-dong,Guro-gu,902.0,566,336,460,283,177,102,72,30,80,52,28,105,65,40,7,4,3,55,27,28,8,7,1,34,19,15,24,16,8,5,4,1,8,7,1,4,3,1,2,1,1,7,5,2,1,1,-
Oryu 1(il)-dong,Guro-gu,1015.0,618,397,531,328,203,108,63,45,118,74,44,110,68,42,10,8,2,52,26,26,7,6,1,32,15,17,28,16,12,4,2,2,6,6,-,3,3,-,1,1,-,2,-,2,3,2,1
Oryu 2(i)-dong,Guro-gu,1865.0,1082,783,954,559,395,209,125,84,194,104,90,190,111,79,13,11,2,118,65,53,27,23,4,70,36,34,51,22,29,11,7,4,4,3,1,9,7,2,1,-,1,11,6,5,3,3,-
Sugung-dong,Guro-gu,1187.0,723,464,623,370,253,113,68,45,108,69,39,107,62,45,10,6,4,104,63,41,22,19,3,40,28,12,35,18,17,3,3,-,7,6,1,5,3,2,2,1,1,6,6,-,2,1,1
Garibong-dong,Guro-gu,790.0,495,295,409,271,138,62,42,20,87,57,30,92,54,38,4,3,1,51,23,28,3,3,-,37,15,22,25,14,11,4,2,2,8,6,2,-,-,-,1,1,-,3,2,1,4,2,2
Guro 2(i)-dong,Guro-gu,1551.0,917,634,831,498,333,123,62,61,161,100,61,168,94,74,7,5,2,92,55,37,13,11,2,57,30,27,47,25,22,15,11,4,18,14,4,5,4,1,1,1,-,9,4,5,4,3,1
Gaebong 1(il)-dong,Guro-gu,1533.0,963,570,802,487,315,149,90,59,146,91,55,151,99,52,8,7,1,104,70,34,16,15,1,50,28,22,60,40,20,15,10,5,7,7,-,7,5,2,3,3,-,11,7,4,4,4,-
Gasan-dong,Geumcheon-gu,809.0,534,275,438,278,160,71,52,19,78,53,25,98,72,26,6,4,2,46,29,17,2,2,-,29,20,9,16,8,8,7,3,4,2,2,-,6,4,2,-,-,-,7,5,2,3,2,1
Doksan 1(il)-dong,Geumcheon-gu,1747.0,1069,678,846,525,321,176,105,71,196,128,68,195,103,92,13,12,1,106,66,40,12,11,1,93,46,47,55,34,21,14,8,6,10,10,-,9,8,1,-,-,-,11,5,6,11,8,3
Doksan 2(i)-dong,Geumcheon-gu,956.0,588,368,472,307,165,99,55,44,84,49,35,113,68,45,5,4,1,73,48,25,6,6,-,47,18,29,34,22,12,5,3,2,5,2,3,3,2,1,3,2,1,4,1,3,3,1,2
Doksan 3(sam)-dong,Geumcheon-gu,1265.0,778,487,674,415,259,127,73,54,152,108,44,121,65,56,8,7,1,65,46,19,3,3,-,36,17,19,44,22,22,6,4,2,9,8,1,3,3,-,2,1,1,10,4,6,5,2,3
Doksan 4(sa)-dong,Geumcheon-gu,761.0,503,258,419,278,141,54,34,20,89,64,25,83,53,30,10,7,3,45,28,17,8,8,-,18,10,8,23,15,8,-,-,-,2,2,-,2,1,1,1,1,-,6,1,5,1,1,-
Siheung 1(il)-dong,Geumcheon-gu,1587.0,973,614,852,531,321,163,94,69,162,108,54,177,101,76,15,11,4,64,32,32,16,14,2,47,27,20,46,24,22,15,9,6,10,8,2,1,-,1,3,1,2,13,11,2,3,2,1
Siheung 2(i)-dong,Geumcheon-gu,1166.0,680,486,582,334,248,124,73,51,121,72,49,156,89,67,6,6,-,64,41,23,7,6,1,28,19,9,46,21,25,10,8,2,6,3,3,7,4,3,1,1,-,4,1,3,4,2,2
Siheung 3(sam)-dong,Geumcheon-gu,652.0,379,273,347,208,139,61,33,28,57,31,26,73,43,30,5,5,-,35,22,13,4,3,1,26,8,18,24,16,8,3,2,1,1,1,-,-,-,-,-,-,-,11,4,7,5,3,2
Siheung 4(sa)-dong,Geumcheon-gu,1045.0,643,402,548,338,210,107,70,37,118,59,59,109,67,42,4,2,2,63,43,20,8,8,-,26,13,13,33,20,13,3,2,1,4,3,1,4,4,-,4,4,-,7,6,1,7,4,3
Siheung 5(o)-dong,Geumcheon-gu,1196.0,707,489,657,390,267,116,63,53,136,87,49,101,59,42,8,6,2,72,46,26,3,3,-,40,18,22,33,17,16,6,3,3,6,5,1,7,3,4,-,-,-,7,4,3,4,3,1
Yeouido-dong,Yeongdeungpo-gu,712.0,415,297,330,171,159,93,59,34,79,41,38,77,46,31,2,1,1,35,25,10,18,15,3,16,9,7,32,24,8,5,3,2,2,2,-,8,7,1,1,-,1,12,10,2,2,2,-
Dangsan 1(il)-dong,Yeongdeungpo-gu,849.0,498,351,459,254,205,78,42,36,105,67,38,83,56,27,8,5,3,37,25,12,7,6,1,20,10,10,25,17,8,7,6,1,8,5,3,2,1,1,1,1,-,8,3,5,1,-,1
Dangsan2(i)-dong,Yeongdeungpo-gu,987.0,569,418,534,284,250,107,60,47,101,66,35,116,73,43,9,7,2,34,21,13,7,6,1,25,15,10,34,23,11,1,1,-,2,1,1,11,6,5,-,-,-,6,6,-,-,-,-
Yangpyeong 1(il)-dong,Yeongdeungpo-gu,784.0,468,316,446,265,181,77,50,27,79,46,33,84,50,34,5,4,1,41,22,19,5,3,2,13,4,9,21,14,7,-,-,-,3,1,2,2,2,-,-,-,-,5,5,-,3,2,1
Yangpyeong 2(i)-dong,Yeongdeungpo-gu,683.0,417,266,352,212,140,78,35,43,75,54,21,74,46,28,5,3,2,35,24,11,7,7,-,18,11,7,26,16,10,1,1,-,2,1,1,5,4,1,2,1,1,1,1,-,2,1,1
Singil 1(il)-dong,Yeongdeungpo-gu,999.0,571,428,524,283,241,89,55,34,119,75,44,128,82,46,10,7,3,46,26,20,4,4,-,34,14,20,30,17,13,-,-,-,1,1,-,4,1,3,-,-,-,7,4,3,3,2,1
Singil 3(sam)-dong,Yeongdeungpo-gu,800.0,483,317,413,249,164,77,50,27,85,58,27,80,39,41,7,4,3,51,33,18,6,5,1,37,15,22,25,16,9,3,3,-,2,2,-,1,1,-,1,1,-,9,6,3,3,1,2
Singil 4(sa)-dong,Yeongdeungpo-gu,660.0,390,270,330,191,139,60,37,23,68,45,23,95,55,40,2,1,1,44,24,20,2,1,1,22,12,10,19,13,6,2,2,-,3,2,1,2,2,-,2,2,-,7,3,4,2,-,2
Singil 5(o)-dong,Yeongdeungpo-gu,810.0,480,330,421,236,185,78,54,24,88,53,35,94,56,38,3,2,1,51,38,13,6,5,1,28,13,15,24,10,14,3,1,2,4,4,-,1,1,-,1,1,-,6,4,2,2,2,-
Singil 6(yuk)-dong,Yeongdeungpo-gu,1016.0,582,434,518,286,232,110,68,42,86,53,33,125,69,56,5,3,2,66,45,21,8,6,2,38,17,21,37,19,18,3,3,-,6,4,2,3,2,1,1,1,-,9,6,3,1,-,1
Singil 7(chil)-dong,Yeongdeungpo-gu,480.0,254,226,258,130,128,53,37,16,57,32,25,30,12,18,4,2,2,33,12,21,4,4,-,9,5,4,18,11,7,2,2,-,3,2,1,2,1,1,1,1,-,6,3,3,-,-,-
Daerim 1(il)-dong,Yeongdeungpo-gu,817.0,499,318,414,252,162,84,48,36,84,54,30,111,63,48,7,7,-,42,29,13,8,8,-,31,16,15,21,14,7,5,5,-,-,-,-,-,-,-,-,-,-,7,2,5,3,1,2
Daerim 2(i)-dong,Yeongdeungpo-gu,797.0,506,291,431,278,153,78,42,36,75,49,26,100,64,36,8,7,1,38,24,14,5,4,1,24,13,11,23,14,9,5,5,-,-,-,-,1,1,-,-,-,-,6,3,3,3,2,1
Daerim 3(sam)-dong,Yeongdeungpo-gu,1181.0,718,463,623,364,259,130,80,50,129,87,42,125,70,55,10,6,4,51,35,16,8,8,-,36,20,16,35,27,8,8,6,2,8,6,2,6,4,2,2,1,1,6,2,4,4,2,2
Yeongdeungpobon-dong,Yeongdeungpo-gu,1119.0,689,430,563,338,225,114,75,39,137,85,52,145,85,60,7,5,2,53,36,17,5,4,1,37,21,16,30,18,12,5,1,4,4,4,-,5,4,1,3,2,1,9,9,-,2,2,-
Yeongdeungpo-dong,Yeongdeungpo-gu,1066.0,743,323,546,381,165,99,66,33,109,83,26,123,79,44,11,9,2,68,47,21,2,1,1,49,38,11,29,17,12,-,-,-,12,10,2,5,4,1,-,-,-,7,4,3,6,4,2
Dorim-dong,Yeongdeungpo-gu,858.0,514,344,479,280,199,73,41,32,104,60,44,90,59,31,4,2,2,44,31,13,6,6,-,19,13,6,26,14,12,5,4,1,1,-,1,2,1,1,-,-,-,4,2,2,1,1,-
Mullae-dong,Yeongdeungpo-gu,1018.0,582,436,559,297,262,121,72,49,104,64,40,89,56,33,7,6,1,47,29,18,6,5,1,20,12,8,38,20,18,2,2,-,6,6,-,10,7,3,-,-,-,7,4,3,2,2,-
Noryangjin 2(i)-dong,Dongjak-gu,680.0,384,296,329,180,149,80,48,32,84,53,31,73,35,38,8,8,-,48,29,19,2,2,-,30,13,17,17,11,6,-,-,-,2,1,1,4,3,1,-,-,-,2,-,2,1,1,-
Sangdo 1(il)-dong,Dongjak-gu,1601.0,905,696,749,415,334,179,105,74,233,148,85,218,117,101,10,7,3,68,33,35,16,13,3,42,19,23,48,25,23,8,7,1,6,6,-,5,4,1,-,-,-,13,5,8,6,1,5
Sangdo 2(i)-dong,Dongjak-gu,978.0,564,414,484,277,207,108,58,50,94,60,34,136,79,57,11,6,5,53,33,20,11,8,3,32,15,17,31,18,13,2,-,2,5,3,2,5,4,1,2,1,1,4,2,2,-,-,-
Sangdo 3(sam)-dong,Dongjak-gu,1168.0,689,479,619,349,270,128,73,55,115,75,40,128,75,53,9,8,1,57,40,17,6,6,-,37,18,19,46,27,19,6,4,2,5,4,1,4,4,-,3,3,-,5,3,2,-,-,-
Sangdo 4(sa)-dong,Dongjak-gu,1279.0,761,518,626,365,261,120,70,50,130,81,49,223,137,86,10,8,2,67,44,23,13,10,3,39,17,22,37,21,16,4,2,2,5,3,2,2,1,1,-,-,-,1,1,-,2,1,1
Sadang 1(il)-dong,Dongjak-gu,789.0,463,326,398,225,173,70,36,34,105,70,35,74,44,30,9,8,1,43,25,18,9,8,1,32,13,19,27,17,10,4,3,1,7,6,1,3,3,-,1,-,1,6,5,1,1,-,1
Sadang 3(sam)-dong,Dongjak-gu,836.0,480,356,431,223,208,91,62,29,84,55,29,83,47,36,4,4,-,48,28,20,15,13,2,24,12,12,29,16,13,1,-,1,4,4,-,8,5,3,1,1,-,10,8,2,3,2,1
Sadang 4(sa)-dong,Dongjak-gu,564.0,331,233,287,163,124,51,28,23,68,42,26,70,42,28,2,1,1,25,14,11,6,5,1,16,10,6,19,12,7,3,1,2,4,3,1,4,3,1,-,-,-,7,6,1,2,1,1
Sadang 5(o)-dong,Dongjak-gu,562.0,313,249,275,158,117,60,35,25,66,37,29,51,28,23,7,4,3,33,11,22,10,8,2,18,7,11,24,10,14,2,1,1,5,5,-,4,4,-,1,1,-,4,2,2,2,2,-
Daebang-dong,Dongjak-gu,1599.0,892,707,783,441,342,194,105,89,155,89,66,178,101,77,10,5,5,109,59,50,9,6,3,62,27,35,56,32,24,9,5,4,11,8,3,2,1,1,1,-,1,11,7,4,9,6,3
Sindaebang 1(il)-dong,Dongjak-gu,842.0,486,356,424,233,191,94,50,44,83,54,29,90,55,35,5,4,1,59,37,22,18,15,3,22,11,11,32,18,14,4,2,2,4,4,-,2,2,-,-,-,-,4,1,3,1,-,1
Sindaebang 2(i)-dong,Dongjak-gu,757.0,467,290,384,232,152,107,64,43,76,51,25,83,47,36,8,8,-,33,21,12,10,9,1,14,8,6,25,15,10,2,1,1,5,3,2,2,2,-,-,-,-,5,4,1,3,2,1
Heukseok-dong,Dongjak-gu,1446.0,805,641,750,392,358,148,84,64,149,98,51,138,67,71,10,7,3,80,52,28,10,9,1,56,33,23,58,31,27,7,7,-,9,8,1,9,5,4,1,-,1,18,9,9,3,3,-
Noryangjin 1(il)-dong,Dongjak-gu,1276.0,738,538,619,344,275,146,86,60,151,94,57,158,90,68,11,6,5,51,31,20,10,8,2,55,31,24,44,27,17,4,2,2,8,7,1,4,4,-,2,2,-,7,4,3,6,2,4
Sadang 2(i)-dong,Dongjak-gu,950.0,545,405,459,254,205,105,54,51,121,68,53,111,71,40,7,6,1,44,29,15,18,15,3,20,9,11,44,26,18,5,3,2,5,2,3,3,3,-,1,1,-,7,4,3,-,-,-
Boramae-dong,Gwanak-gu,1124.0,634,490,580,321,259,133,68,65,127,74,53,94,57,37,6,6,-,62,35,27,14,14,-,50,24,26,35,23,12,2,1,1,5,4,1,5,2,3,1,-,1,6,3,3,4,2,2
Cheongnim-dong,Gwanak-gu,651.0,366,285,311,168,143,77,46,31,74,45,29,87,42,45,2,2,-,32,22,10,3,3,-,26,14,12,29,19,10,2,-,2,1,1,-,4,3,1,-,-,-,2,1,1,1,-,1
Haengun-dong,Gwanak-gu,1189.0,711,478,586,338,248,122,65,57,114,80,34,144,92,52,12,10,2,62,38,24,11,6,5,63,31,32,43,30,13,1,-,1,8,8,-,8,4,4,1,1,-,12,7,5,2,1,1
Nagseongdae-dong,Gwanak-gu,560.0,318,242,288,156,132,47,24,23,67,41,26,74,44,30,3,3,-,22,13,9,5,4,1,18,12,6,21,10,11,2,2,-,5,4,1,5,3,2,-,-,-,2,1,1,1,1,-
Jungang-dong,Gwanak-gu,653.0,384,269,355,196,159,59,40,19,69,42,27,73,48,25,5,4,1,43,25,18,5,4,1,10,7,3,22,11,11,2,1,1,4,3,1,-,-,-,2,1,1,3,1,2,1,1,-
Inheon-dong,Gwanak-gu,989.0,572,417,510,280,230,101,53,48,124,80,44,114,66,48,4,3,1,39,28,11,4,4,-,30,18,12,41,22,19,6,5,1,2,2,-,9,6,3,-,-,-,3,3,-,2,2,-
Namhyeon-dong,Gwanak-gu,569.0,327,242,299,160,139,67,37,30,48,30,18,42,25,17,7,5,2,34,21,13,4,3,1,25,17,8,29,19,10,-,-,-,5,3,2,6,5,1,-,-,-,3,2,1,-,-,-
Sewon-dong,Gwanak-gu,837.0,490,347,419,233,186,96,62,34,107,67,40,72,41,31,5,3,2,41,26,15,6,5,1,33,17,16,36,24,12,2,1,1,3,2,1,2,1,1,3,2,1,7,5,2,5,1,4
Sinwon-dong,Gwanak-gu,867.0,504,363,431,242,189,79,49,30,107,64,43,79,43,36,5,4,1,47,32,15,7,6,1,50,22,28,38,26,12,6,3,3,2,2,-,4,2,2,1,-,1,4,3,1,7,6,1
Serim-dong,Gwanak-gu,844.0,520,324,453,294,159,88,58,30,77,42,35,88,49,39,5,5,-,42,19,23,9,9,-,37,18,19,20,8,12,1,-,1,8,6,2,4,4,-,1,1,-,4,3,1,7,4,3
Sinsa-dong,Gwanak-gu,951.0,580,371,506,294,212,75,45,30,122,80,42,96,65,31,9,4,5,56,35,21,8,4,4,26,17,9,34,22,12,3,2,1,5,3,2,3,3,-,-,-,-,5,4,1,3,2,1
Sillim-dong,Gwanak-gu,540.0,325,215,280,159,121,49,34,15,72,52,20,51,30,21,3,1,2,23,11,12,7,7,-,17,11,6,23,8,15,4,3,1,1,1,-,3,2,1,-,-,-,3,3,-,4,3,1
Nanhyang-dong,Gwanak-gu,723.0,437,286,362,217,145,84,57,27,77,43,34,76,43,33,7,4,3,48,31,17,8,5,3,23,12,11,30,20,10,1,1,-,2,2,-,2,1,1,1,-,1,2,1,1,-,-,-
Jowon-dong,Gwanak-gu,739.0,489,250,392,255,137,73,48,25,97,71,26,91,61,30,7,5,2,26,18,8,3,2,1,17,9,8,19,12,7,2,-,2,1,1,-,4,4,-,1,1,-,3,1,2,3,1,2
Daehak-dong,Gwanak-gu,653.0,394,259,336,202,134,61,39,22,85,53,32,58,34,24,2,1,1,28,17,11,3,2,1,32,16,16,30,18,12,4,3,1,2,2,-,7,5,2,-,-,-,2,-,2,3,2,1
Euncheon-dong,Gwanak-gu,1677.0,997,680,877,519,358,166,94,72,205,129,76,162,102,60,8,6,2,109,68,41,15,14,1,52,22,30,52,21,31,9,5,4,7,6,1,3,3,-,-,-,-,6,6,-,6,2,4
Seonghyeon-dong,Gwanak-gu,1520.0,869,651,770,419,351,164,101,63,178,110,68,149,87,62,6,5,1,96,57,39,10,9,1,59,32,27,57,31,26,2,-,2,8,6,2,5,3,2,1,-,1,8,3,5,7,6,1
Cheongnyong-dong,Gwanak-gu,1264.0,715,549,633,342,291,120,77,43,154,99,55,139,81,58,5,5,-,64,35,29,8,7,1,57,24,33,48,24,24,6,2,4,7,6,1,6,3,3,2,1,1,12,6,6,3,3,-
Nangok-dong,Gwanak-gu,1532.0,909,623,756,449,307,138,94,44,183,107,76,148,85,63,15,10,5,104,63,41,10,8,2,75,29,46,58,35,23,5,3,2,9,5,4,1,1,-,1,1,-,18,13,5,11,6,5
Samseong-dong,Gwanak-gu,1596.0,902,694,835,471,364,153,92,61,153,86,67,185,97,88,10,7,3,93,57,36,11,10,1,75,40,35,50,21,29,8,7,1,5,3,2,7,5,2,1,1,-,10,5,5,-,-,-
Miseong-dong,Gwanak-gu,1374.0,817,557,737,426,311,149,95,54,153,97,56,126,78,48,12,11,1,75,44,31,9,7,2,42,15,27,40,25,15,6,2,4,5,4,1,6,5,1,2,2,-,9,5,4,3,1,2
Seocho 1(il)-dong,Seocho-gu,486.0,286,200,212,121,91,78,41,37,44,31,13,52,27,25,2,2,-,23,16,7,12,10,2,22,8,14,22,14,8,2,2,-,4,3,1,7,7,-,-,-,-,3,1,2,3,3,-
Seocho 2(i)-dong,Seocho-gu,435.0,251,184,201,104,97,62,39,23,52,34,18,48,31,17,2,2,-,21,15,6,6,4,2,20,9,11,18,9,9,1,1,-,1,1,-,1,1,-,-,-,-,2,1,1,-,-,-
Seocho 3(sam)-dong,Seocho-gu,690.0,418,272,319,167,152,81,52,29,75,50,25,86,58,28,6,3,3,38,29,9,11,9,2,17,7,10,37,27,10,-,-,-,3,2,1,9,7,2,-,-,-,7,6,1,1,1,-
Seocho 4(sa)-dong,Seocho-gu,437.0,242,195,202,96,106,64,34,30,41,26,15,47,30,17,4,4,-,26,17,9,12,11,1,7,3,4,18,10,8,2,1,1,1,-,1,5,4,1,-,-,-,8,6,2,-,-,-
Jamwon-dong,Seocho-gu,615.0,358,257,295,163,132,75,39,36,65,39,26,62,39,23,3,2,1,25,13,12,15,14,1,26,16,10,26,16,10,2,2,-,2,2,-,8,7,1,-,-,-,11,6,5,-,-,-
Banpobon-dong,Seocho-gu,228.0,143,85,115,69,46,32,17,15,18,13,5,22,15,7,1,1,-,14,12,2,6,6,-,3,2,1,12,5,7,2,2,-,-,-,-,2,1,1,-,-,-,-,-,-,1,-,1
Banpo 1(il)-dong,Seocho-gu,629.0,358,271,309,179,130,76,31,45,72,45,27,50,28,22,6,5,1,29,14,15,11,10,1,24,16,8,26,17,9,6,2,4,5,3,2,9,5,4,-,-,-,6,3,3,-,-,-
Banpo 2(i)-dong,Seocho-gu,315.0,191,124,154,86,68,41,25,16,28,18,10,37,21,16,3,3,-,17,13,4,7,5,2,8,4,4,11,9,2,2,1,1,2,1,1,3,3,-,-,-,-,1,1,-,1,1,-
Banpo 3(sam)-dong,Seocho-gu,427.0,227,200,190,90,100,57,29,28,40,27,13,55,32,23,2,1,1,20,11,9,13,11,2,9,4,5,25,13,12,3,3,-,3,1,2,5,3,2,-,-,-,3,1,2,2,1,1
Banpo 4(sa)-dong,Seocho-gu,374.0,205,169,184,102,82,41,20,21,41,24,17,44,23,21,5,2,3,19,11,8,4,1,3,10,3,7,13,7,6,2,2,-,2,2,-,6,6,-,-,-,-,3,2,1,-,-,-
Bangbaebon-dong,Seocho-gu,519.0,290,229,238,130,108,69,37,32,62,37,25,56,28,28,3,2,1,28,16,12,8,7,1,16,9,7,23,11,12,1,1,-,2,1,1,9,9,-,-,-,-,2,1,1,2,1,1
Bangbae 1(il)-dong,Seocho-gu,464.0,253,211,231,122,109,56,33,23,60,39,21,41,20,21,4,3,1,24,9,15,7,5,2,9,2,7,19,11,8,2,2,-,2,2,-,5,4,1,-,-,-,4,1,3,-,-,-
Bangbae 2(i)-dong,Seocho-gu,917.0,514,403,466,249,217,89,56,33,100,59,41,107,60,47,7,4,3,46,27,19,8,7,1,31,18,13,35,14,21,6,3,3,5,5,-,5,3,2,1,-,1,9,7,2,2,2,-
Bangbae 3(sam)-dong,Seocho-gu,616.0,375,241,293,157,136,67,46,21,74,52,22,59,37,22,4,3,1,34,25,9,12,11,1,17,9,8,32,21,11,6,5,1,2,-,2,6,4,2,3,2,1,6,3,3,1,-,1
Bangbae 4(sa)-dong,Seocho-gu,660.0,393,267,301,178,123,67,43,24,115,68,47,68,42,26,4,4,-,26,11,15,6,4,2,22,12,10,27,16,11,5,4,1,3,2,1,10,7,3,-,-,-,4,1,3,2,1,1
Yangjae 1(il)-dong,Seocho-gu,1859.0,1046,813,909,507,402,247,144,103,178,104,74,173,89,84,10,4,6,111,62,49,26,19,7,78,35,43,77,48,29,7,5,2,11,8,3,13,11,2,3,2,1,10,5,5,6,3,3
Yangjae 2(i)-dong,Seocho-gu,693.0,422,271,360,221,139,98,58,40,71,42,29,63,35,28,4,4,-,30,22,8,7,5,2,17,8,9,30,20,10,2,-,2,4,2,2,3,3,-,-,-,-,3,2,1,1,-,1
Naegok-dong,Seocho-gu,419.0,293,126,161,94,67,35,23,12,37,21,16,23,15,8,-,-,-,118,111,7,14,12,2,9,5,4,6,2,4,3,2,1,7,3,4,3,2,1,-,-,-,2,2,-,1,1,-
Sinsa-dong,Gangnam-gu,401.0,220,181,209,104,105,39,20,19,40,26,14,39,24,15,3,3,-,13,7,6,4,4,-,12,5,7,25,17,8,2,1,1,1,-,1,7,4,3,-,-,-,6,5,1,1,-,1
Nonhyeon 1(il)-dong,Gangnam-gu,677.0,404,273,329,180,149,76,53,23,97,64,33,57,36,21,1,-,1,35,24,11,12,8,4,15,7,8,37,23,14,3,-,3,2,2,-,4,1,3,-,-,-,6,4,2,3,2,1
Nonhyeon 2(i)-dong,Gangnam-gu,559.0,340,219,267,152,115,66,45,21,56,35,21,60,38,22,2,1,1,27,17,10,8,5,3,19,12,7,32,14,18,2,2,-,2,2,-,15,14,1,-,-,-,2,2,-,1,1,-
Samseong 1(il)-dong,Gangnam-gu,364.0,221,143,200,119,81,48,30,18,29,20,9,24,17,7,4,4,-,15,6,9,10,8,2,6,-,6,20,12,8,1,-,1,2,2,-,3,2,1,1,1,-,-,-,-,1,-,1
Samseong 2(i)-dong,Gangnam-gu,648.0,374,274,341,196,145,68,40,28,70,39,31,49,28,21,2,2,-,32,25,7,14,11,3,21,9,12,27,10,17,4,-,4,3,2,1,9,7,2,-,-,-,7,4,3,1,1,-
Daechi 1(il)-dong,Gangnam-gu,246.0,143,103,103,56,47,33,16,17,35,22,13,25,12,13,-,-,-,11,8,3,13,12,1,4,3,1,9,4,5,-,-,-,1,-,1,8,6,2,-,-,-,4,4,-,-,-,-
Daechi 4(sa)-dong,Gangnam-gu,404.0,224,180,218,118,100,37,18,19,36,19,17,43,21,22,3,2,1,29,20,9,6,6,-,10,3,7,13,9,4,1,1,-,3,3,-,3,3,-,-,-,-,1,1,-,1,-,1
Yeoksam 1(il)-dong,Gangnam-gu,811.0,466,345,419,238,181,93,50,43,97,66,31,76,40,36,7,5,2,35,19,16,6,5,1,19,8,11,34,16,18,5,4,1,7,6,1,8,5,3,1,1,-,3,3,-,1,-,1
Yeoksam 2(i)-dong,Gangnam-gu,659.0,402,257,322,187,135,73,42,31,72,48,24,59,34,25,3,2,1,34,25,9,6,5,1,17,8,9,47,31,16,4,2,2,3,3,-,8,6,2,-,-,-,10,8,2,1,1,-
Dogok 1(il)-dong,Gangnam-gu,447.0,254,193,213,117,96,68,42,26,45,28,17,40,18,22,3,2,1,27,14,13,10,9,1,10,5,5,22,12,10,-,-,-,1,1,-,4,4,-,-,-,-,2,1,1,2,1,1
Dogok 2(i)-dong,Gangnam-gu,520.0,307,213,247,139,108,66,41,25,57,34,23,51,32,19,6,5,1,32,14,18,13,12,1,11,6,5,24,17,7,4,3,1,-,-,-,4,1,3,-,-,-,5,3,2,-,-,-
Gaepo 1(il)-dong,Gangnam-gu,672.0,384,288,313,170,143,89,49,40,64,39,25,67,35,32,4,2,2,45,27,18,15,15,-,22,12,10,29,21,8,2,1,1,4,4,-,6,2,4,2,-,2,6,3,3,4,4,-
Gaepo 4(sa)-dong,Gangnam-gu,662.0,376,286,304,166,138,83,49,34,66,41,25,72,37,35,8,6,2,41,25,16,16,14,2,28,12,16,24,15,9,5,1,4,6,3,3,3,3,-,1,-,1,4,3,1,1,1,-
Irwonbon-dong,Gangnam-gu,598.0,314,284,205,115,90,64,33,31,40,21,19,51,27,24,3,3,-,48,18,30,79,66,13,64,2,62,35,23,12,1,-,1,1,-,1,3,3,-,-,-,-,1,1,-,3,2,1
Irwon 1(il)-dong,Gangnam-gu,1104.0,618,486,476,254,222,130,75,55,100,62,38,110,41,69,9,5,4,62,36,26,43,35,8,91,56,35,50,31,19,2,2,-,12,8,4,4,3,1,3,2,1,8,6,2,4,2,2
Irwon 2(i)-dong,Gangnam-gu,1152.0,609,543,480,267,213,106,51,55,119,63,56,174,58,116,7,4,3,85,49,36,36,27,9,77,47,30,35,24,11,4,2,2,15,12,3,3,2,1,2,-,2,3,1,2,6,2,4
Suseo-dong,Gangnam-gu,2062.0,1127,935,939,507,432,199,122,77,200,102,98,181,87,94,15,9,6,152,84,68,24,22,2,216,113,103,77,42,35,10,6,4,22,15,7,2,1,1,3,2,1,4,4,-,18,11,7
Segok-dong,Gangnam-gu,1025.0,602,423,525,303,222,116,65,51,87,54,33,115,62,53,7,6,1,57,33,24,34,29,5,33,17,16,27,18,9,7,5,2,5,3,2,2,2,-,3,3,-,5,1,4,2,1,1
Apgujeong -dong,Gangnam-gu,536.0,302,234,248,138,110,65,37,28,55,35,20,58,22,36,2,2,-,27,14,13,14,14,-,14,4,10,34,21,13,5,5,-,2,2,-,7,6,1,-,-,-,5,2,3,-,-,-
Cheongdam -dong,Gangnam-gu,661.0,387,274,314,179,135,76,48,28,87,45,42,64,33,31,9,6,3,36,26,10,10,8,2,4,-,4,39,25,14,4,3,1,3,1,2,8,7,1,1,1,-,4,4,-,2,1,1
Daechi 2(i)-dong,Gangnam-gu,712.0,434,278,331,201,130,91,51,40,68,41,27,73,38,35,8,8,-,51,35,16,25,21,4,17,5,12,29,19,10,5,5,-,5,4,1,7,4,3,-,-,-,2,2,-,-,-,-
Gaepo 2(i)-dong,Gangnam-gu,787.0,438,349,384,221,163,89,41,48,85,37,48,84,42,42,5,2,3,37,25,12,35,30,5,23,12,11,20,11,9,7,5,2,4,3,1,7,6,1,-,-,-,4,2,2,3,1,2
Pungnap 1(il)-dong,Songpa-gu,777.0,463,314,401,224,177,99,64,35,82,55,27,78,42,36,5,3,2,38,28,10,13,12,1,20,8,12,25,16,9,1,1,-,4,4,-,3,1,2,1,-,1,4,3,1,3,2,1
Pungnap 2(i)-dong,Songpa-gu,864.0,528,336,412,234,178,100,66,34,97,57,40,78,57,21,11,7,4,45,31,14,15,14,1,28,21,7,50,24,26,3,2,1,5,3,2,7,6,1,1,-,1,6,3,3,6,3,3
Geoyeo 1(il)-dong,Songpa-gu,639.0,389,250,356,210,146,71,40,31,64,44,20,44,22,22,5,5,-,43,28,15,12,11,1,18,12,6,16,9,7,1,1,-,4,3,1,2,2,-,-,-,-,1,-,1,2,2,-
Geoyeo 2(i)-dong,Songpa-gu,1273.0,747,526,583,323,260,114,73,41,129,79,50,81,47,34,7,7,-,236,150,86,22,19,3,29,13,16,38,18,20,6,3,3,9,5,4,5,3,2,2,1,1,6,3,3,6,3,3
Macheon 1(il)-dong,Songpa-gu,1207.0,685,522,640,356,284,133,77,56,119,68,51,98,47,51,9,7,2,76,49,27,27,24,3,38,22,16,34,15,19,2,1,1,13,8,5,6,5,1,1,-,1,4,4,-,7,2,5
Macheon 2(i)-dong,Songpa-gu,1136.0,694,442,613,379,234,105,66,39,119,74,45,107,60,47,8,7,1,70,42,28,10,9,1,33,21,12,48,23,25,-,-,-,10,7,3,5,2,3,1,1,-,5,2,3,2,1,1
Bangi 1(il)-dong,Songpa-gu,463.0,275,188,219,139,80,53,26,27,50,32,18,45,21,24,3,2,1,29,15,14,14,12,2,12,7,5,23,13,10,2,-,2,2,1,1,8,4,4,-,-,-,3,3,-,-,-,-
Bangi 2(i)-dong,Songpa-gu,857.0,514,343,462,268,194,95,56,39,92,60,32,73,43,30,6,5,1,43,27,16,9,7,2,22,17,5,36,17,19,3,2,1,4,3,1,5,4,1,-,-,-,5,3,2,2,2,-
Oryun-dong,Songpa-gu,349.0,197,152,159,86,73,51,22,29,31,20,11,40,24,16,2,1,1,20,14,6,13,10,3,9,3,6,9,7,2,4,2,2,5,2,3,2,2,-,-,-,-,3,3,-,1,1,-
Ogeum-dong,Songpa-gu,1233.0,704,529,643,353,290,146,77,69,126,67,59,90,55,35,6,3,3,82,46,36,33,30,3,29,20,9,35,24,11,6,3,3,9,8,1,14,9,5,1,-,1,10,7,3,3,2,1
Songpa 1(il)-dong,Songpa-gu,761.0,446,315,392,235,157,89,52,37,101,62,39,70,34,36,3,2,1,31,16,15,7,4,3,18,12,6,29,16,13,2,2,-,4,2,2,5,5,-,3,2,1,6,2,4,1,-,1
Songpa 2(i)-dong,Songpa-gu,587.0,336,251,291,153,138,68,42,26,52,30,22,47,23,24,1,1,-,44,32,12,18,16,2,22,14,8,31,18,13,1,1,-,3,2,1,5,3,2,-,-,-,2,1,1,2,-,2
Seokchon-dong,Songpa-gu,1108.0,663,445,572,322,250,119,77,42,100,73,27,106,58,48,5,3,2,68,40,28,23,21,2,46,24,22,45,25,20,5,4,1,4,4,-,8,7,1,1,-,1,4,3,1,2,2,-
Samjeon-dong,Songpa-gu,1028.0,588,440,509,292,217,146,77,69,116,59,57,91,47,44,5,4,1,41,30,11,14,12,2,32,18,14,40,23,17,6,3,3,3,3,-,10,9,1,2,2,-,9,6,3,4,3,1
Garakbon-dong,Songpa-gu,809.0,491,318,409,232,177,92,51,41,73,54,19,71,42,29,2,2,-,55,36,19,21,18,3,28,21,7,39,21,18,-,-,-,9,7,2,4,2,2,-,-,-,4,3,1,2,2,-
Garak 1(il)-dong,Songpa-gu,42.0,28,14,23,15,8,5,3,2,5,3,2,4,3,1,-,-,-,1,1,-,1,1,-,1,1,-,2,1,1,-,-,-,-,-,-,-,-,-,-,-,-,-,-,-,-,-,-
Garak 2(i)-dong,Songpa-gu,916.0,529,387,449,261,188,111,75,36,119,60,59,70,34,36,6,6,-,59,32,27,18,17,1,18,10,8,41,16,25,2,1,1,5,3,2,8,7,1,-,-,-,9,7,2,1,-,1
Munjeong 1(il)-dong,Songpa-gu,613.0,345,268,289,152,137,71,43,28,68,38,30,57,31,26,5,5,-,54,34,20,16,14,2,18,5,13,26,16,10,-,-,-,2,1,1,2,2,-,-,-,-,2,2,-,3,2,1
Munjeong 2(i)-dong,Songpa-gu,396.0,225,171,192,106,86,57,29,28,27,15,12,37,19,18,4,2,2,16,8,8,14,13,1,7,4,3,16,9,7,1,-,1,9,8,1,11,8,3,-,-,-,4,4,-,1,-,1
Jangji-dong,Songpa-gu,1625.0,964,661,767,445,322,179,98,81,160,103,57,163,88,75,5,4,1,161,98,63,59,52,7,42,20,22,48,31,17,6,5,1,7,5,2,3,3,-,1,1,-,16,7,9,8,4,4
Jamsilbon-dong,Songpa-gu,903.0,519,384,444,252,192,107,61,46,115,73,42,85,38,47,5,4,1,37,27,10,10,9,1,35,18,17,38,18,20,8,5,3,5,5,-,6,5,1,1,1,-,6,2,4,1,1,-
Jamsil 4(sa)-dong,Songpa-gu,648.0,372,276,307,174,133,85,47,38,62,34,28,68,39,29,2,2,-,30,17,13,19,17,2,22,13,9,36,18,18,2,1,1,2,-,2,7,6,1,-,-,-,4,3,1,2,1,1
Jamsil 6(yuk)-dong,Songpa-gu,374.0,222,152,179,92,87,40,22,18,34,23,11,42,28,14,1,1,-,23,17,6,9,9,-,10,6,4,19,14,5,3,1,2,2,1,1,3,3,-,-,-,-,9,5,4,-,-,-
Jamsil 7(chil)-dong,Songpa-gu,194.0,107,87,98,45,53,32,18,14,12,12,-,21,11,10,-,-,-,10,6,4,3,3,-,2,1,1,8,4,4,2,2,-,2,1,1,3,3,-,-,-,-,1,1,-,-,-,-
Jamsil 2(i)-dong,Songpa-gu,611.0,335,276,291,155,136,74,40,34,64,40,24,66,27,39,3,2,1,37,24,13,18,11,7,11,5,6,31,19,12,2,2,-,4,3,1,4,4,-,1,-,1,2,2,-,3,1,2
Jamsil 3(sam)-dong,Songpa-gu,746.0,437,309,362,195,167,87,49,38,84,60,24,74,42,32,3,2,1,36,21,15,19,17,2,20,9,11,33,22,11,8,5,3,3,2,1,12,10,2,-,-,-,3,2,1,2,1,1
Gangil-dong,Gangdong-gu,1514.0,881,633,760,420,340,185,118,67,168,96,72,145,81,64,15,8,7,88,57,31,28,26,2,24,12,12,59,31,28,6,2,4,10,9,1,9,8,1,1,-,1,9,7,2,7,6,1
Sangil-dong,Gangdong-gu,985.0,581,404,482,280,202,143,81,62,90,60,30,96,49,47,8,7,1,75,46,29,26,25,1,16,8,8,30,17,13,4,1,3,2,1,1,4,4,-,-,-,-,8,2,6,1,-,1
Myeongil 1(il)-dong,Gangdong-gu,826.0,459,367,400,210,190,91,46,45,85,52,33,80,42,38,4,3,1,73,41,32,18,18,-,21,12,9,29,20,9,1,1,-,3,3,-,8,5,3,1,1,-,8,4,4,4,1,3
Myeongil 2(i)-dong,Gangdong-gu,501.0,287,214,231,130,101,57,32,25,68,43,25,46,25,21,6,2,4,35,21,14,10,9,1,11,4,7,20,11,9,5,2,3,1,1,-,6,5,1,-,-,-,5,2,3,-,-,-
Godeok 1(il)-dong,Gangdong-gu,587.0,346,241,302,180,122,65,33,32,54,35,19,60,28,32,8,5,3,41,30,11,16,14,2,10,3,7,13,6,7,3,1,2,1,-,1,5,4,1,-,-,-,5,4,1,4,3,1
Godeok 2(i)-dong,Gangdong-gu,932.0,566,366,393,224,169,97,52,45,89,49,40,59,32,27,8,7,1,190,140,50,12,11,1,43,25,18,19,9,10,8,6,2,5,4,1,3,3,-,-,-,-,3,2,1,3,2,1
Amsa 2(i)-dong,Gangdong-gu,499.0,313,186,249,155,94,67,44,23,55,32,23,48,32,16,4,4,-,26,16,10,9,8,1,8,4,4,20,11,9,1,-,1,5,3,2,1,-,1,1,1,-,3,2,1,2,1,1
Amsa 3(sam)-dong,Gangdong-gu,554.0,331,223,283,161,122,83,49,34,37,26,11,37,21,16,9,7,2,60,34,26,12,10,2,9,6,3,8,5,3,3,1,2,3,3,-,5,3,2,-,-,-,3,3,-,2,2,-
Cheonho 1(il)-dong,Gangdong-gu,1373.0,826,547,702,406,296,164,104,60,143,97,46,118,64,54,12,11,1,79,46,33,21,19,2,48,29,19,46,27,19,4,1,3,10,7,3,7,4,3,-,-,-,10,7,3,9,4,5
Cheonho 3(sam)-dong,Gangdong-gu,1303.0,776,527,702,402,300,151,97,54,140,88,52,114,71,43,12,9,3,65,44,21,8,6,2,42,15,27,41,25,16,7,6,1,5,3,2,5,4,1,3,-,3,5,4,1,3,2,1
Seongnae 1(il)-dong,Gangdong-gu,573.0,345,228,297,178,119,74,44,30,57,29,28,43,26,17,6,4,2,29,20,9,16,13,3,15,9,6,23,13,10,1,-,1,3,3,-,6,5,1,-,-,-,2,-,2,1,1,-
Seongnae 2(i)-dong,Gangdong-gu,1163.0,698,465,609,356,253,118,73,45,115,78,37,121,75,46,6,3,3,62,36,26,14,12,2,46,19,27,38,24,14,5,4,1,10,9,1,9,4,5,2,1,1,5,4,1,3,-,3
Seongnae 3(sam)-dong,Gangdong-gu,892.0,542,350,463,279,184,98,62,36,94,62,32,78,43,35,5,4,1,48,32,16,13,11,2,22,14,8,45,19,26,2,1,1,7,5,2,8,5,3,1,-,1,5,4,1,3,1,2
Dunchon 1(il)-dong,Gangdong-gu,442.0,248,194,211,120,91,52,20,32,35,20,15,53,27,26,8,5,3,25,18,7,14,12,2,10,4,6,19,12,7,5,4,1,3,2,1,3,1,2,1,1,-,3,2,1,-,-,-
Dunchon 2(i)-dong,Gangdong-gu,962.0,566,396,490,283,207,107,55,52,100,62,38,96,56,40,5,3,2,55,37,18,22,17,5,26,14,12,42,24,18,3,3,-,5,5,-,6,5,1,1,-,1,4,2,2,-,-,-
Amsa 1(il)-dong,Gangdong-gu,1599.0,950,649,846,514,332,171,95,76,161,103,58,147,75,72,6,4,2,89,52,37,18,14,4,58,24,34,56,36,20,12,7,5,10,9,1,7,6,1,4,4,-,7,4,3,7,3,4
Cheonho 2(i)-dong,Gangdong-gu,1798.0,1097,701,930,568,362,200,131,69,207,133,74,167,96,71,17,12,5,100,53,47,25,21,4,54,28,26,54,28,26,7,6,1,5,3,2,6,3,3,4,2,2,8,4,4,14,9,5
Gil-dong,Gangdong-gu,1958.0,1197,761,1049,613,436,203,124,79,215,141,74,157,97,60,12,8,4,102,69,33,28,26,2,71,45,26,81,47,34,5,4,1,10,5,5,6,6,-,2,-,2,15,10,5,2,2,-
